study,condition_arm1,condition_arm2,multi_arm1,multi_arm2,outcome_type,instrument,rating,instrument_symptom,primary_instrument,cov_time_point,study_time_point,time_days,time_weeks,primary_timepoint,post_crossover,n_arm1,mean_arm1,sd_arm1,n_arm2,mean_arm2,sd_arm2,n_change_arm1,mean_change_arm1,sd_change_arm1,n_change_arm2,mean_change_arm2,sd_change_arm2,event_arm1,totaln_arm1,event_arm2,totaln_arm2,baseline_m_arm1,baseline_sd_arm1,baseline_n_arm1,baseline_m_arm2,baseline_sd_arm2,baseline_n_arm2,d1,d2,d3,d4,d5,rob,year,drug_arm1,drug_arm2,dose_arm1,dose_arm2,name_arm1,name_arm2,n_dosing_sessions,cumulative_dose_arm1,cumulative_dose_arm2,dose_days,dose_weeks,mean_age,percent_women,diagnosis,target_group,design,blinding,doi,registration_number,full_ref
Rosenblat 2024,psil,wl,NA,NA,change,madrs,clinician,depression,1,Post-first dose 1,Day 1,1,0.14,0,0,NA,NA,NA,NA,NA,NA,16.0,-13.277,6.3,14.0,-1.064,6.207409604657969,NA,NA,NA,NA,33.0,3.86,16.0,27.57,6.64,15.0,Some concerns,Low,Low,High,Low,High,2024,psilocybin,waitlist,25 mg,NA,immediate group,delayed group,1,25.0,NA,1,0.14,44.1,39.1,trd,tr-mdd or bipolar ii with current mde,crossover,open-label,10.1016/j.medj.2024.01.005,NCT05029466,"Rosenblat, J. D., Meshkat, S., Doyle, Z., Kaczmarek, E., Brudner, R. M., Kratiuk, K., Mansur, R. B., Schulz-Quach, C., Sethi, R., Abate, A., Ali, S., Bawks, J., Blainey, M. G., Brietzke, E., Cronin, V., Danilewitz, J., Dhawan, S., Di Fonzo, A., Di Fonzo, M., … McIntyre, R. S. (2024). Psilocybin-assisted psychotherapy for treatment resistant depression: A randomized clinical trial evaluating repeated doses of psilocybin. Med, 5(3), 190-200.e5. https://doi.org/10.1016/j.medj.2024.01.005"
Rosenblat 2024,psil,wl,NA,NA,change,madrs,clinician,depression,1,Post-first dose 2,Day 7,7,1.0,0,0,NA,NA,NA,NA,NA,NA,16.0,-11.319,7.828,14.0,-3.021,7.483314773547883,NA,NA,NA,NA,33.0,3.86,16.0,27.57,6.64,15.0,Some concerns,Low,Low,High,Low,High,2024,psilocybin,waitlist,25 mg,NA,immediate group,delayed group,1,25.0,NA,7,1.0,44.1,39.1,trd,tr-mdd or bipolar ii with current mde,crossover,open-label,10.1016/j.medj.2024.01.005,NCT05029466,"Rosenblat, J. D., Meshkat, S., Doyle, Z., Kaczmarek, E., Brudner, R. M., Kratiuk, K., Mansur, R. B., Schulz-Quach, C., Sethi, R., Abate, A., Ali, S., Bawks, J., Blainey, M. G., Brietzke, E., Cronin, V., Danilewitz, J., Dhawan, S., Di Fonzo, A., Di Fonzo, M., … McIntyre, R. S. (2024). Psilocybin-assisted psychotherapy for treatment resistant depression: A randomized clinical trial evaluating repeated doses of psilocybin. Med, 5(3), 190-200.e5. https://doi.org/10.1016/j.medj.2024.01.005"
Rosenblat 2024,psil,wl,NA,NA,change,madrs,clinician,depression,1,Post-first dose 3,Day 14,14,2.0,1,0,NA,NA,NA,NA,NA,NA,16.0,-9.6,7.6,14.0,-3.0,3.3674916480965473,NA,NA,NA,NA,33.0,3.86,16.0,27.57,6.64,15.0,Some concerns,Low,Low,High,Low,High,2024,psilocybin,waitlist,25 mg,NA,immediate group,delayed group,1,25.0,NA,14,2.0,44.1,39.1,trd,tr-mdd or bipolar ii with current mde,crossover,open-label,10.1016/j.medj.2024.01.005,NCT05029466,"Rosenblat, J. D., Meshkat, S., Doyle, Z., Kaczmarek, E., Brudner, R. M., Kratiuk, K., Mansur, R. B., Schulz-Quach, C., Sethi, R., Abate, A., Ali, S., Bawks, J., Blainey, M. G., Brietzke, E., Cronin, V., Danilewitz, J., Dhawan, S., Di Fonzo, A., Di Fonzo, M., … McIntyre, R. S. (2024). Psilocybin-assisted psychotherapy for treatment resistant depression: A randomized clinical trial evaluating repeated doses of psilocybin. Med, 5(3), 190-200.e5. https://doi.org/10.1016/j.medj.2024.01.005"
Rosenblat 2024,psil,wl,NA,NA,msd,madrs,clinician,depression,1,Post-first dose 3,Day 14,14,2.0,1,0,16.0,23.44,8.69,14.0,24.57,6.52,NA,NA,NA,NA,NA,NA,NA,NA,NA,NA,33.0,3.86,16.0,27.57,6.64,15.0,Some concerns,Low,Low,High,Low,High,2024,psilocybin,waitlist,25 mg,NA,immediate group,delayed group,1,25.0,NA,14,2.0,44.1,39.1,trd,tr-mdd or bipolar ii with current mde,crossover,open-label,10.1016/j.medj.2024.01.005,NCT05029466,"Rosenblat, J. D., Meshkat, S., Doyle, Z., Kaczmarek, E., Brudner, R. M., Kratiuk, K., Mansur, R. B., Schulz-Quach, C., Sethi, R., Abate, A., Ali, S., Bawks, J., Blainey, M. G., Brietzke, E., Cronin, V., Danilewitz, J., Dhawan, S., Di Fonzo, A., Di Fonzo, M., … McIntyre, R. S. (2024). Psilocybin-assisted psychotherapy for treatment resistant depression: A randomized clinical trial evaluating repeated doses of psilocybin. Med, 5(3), 190-200.e5. https://doi.org/10.1016/j.medj.2024.01.005"
Raison 2023,psil,ncn,NA,NA,change,ham-a,clinician,anxiety,0,Post-first dose 2,Day 8,8,1.14,0,NA,NA,NA,NA,NA,NA,NA,49.0,-6.8,6.9642857142857135,47.0,-2.6,6.995565918776575,NA,NA,NA,NA,18.5,5.5,50.0,20.5,6.5,53.0,Low,Low,Low,Low,Low,Low,2023,psilocybin,niacin,25 mg,100 mg,psilocybin,niacin,1,25.0,100.0,7,1.0,41.1,50.1,mdd,mdd,parallel,double-blind,10.1001/jama.2023.14530; 10.1001/jama.2024.0828,NCT03866174,"Raison, C. L., Sanacora, G., Woolley, J., Heinzerling, K., Dunlop, B. W., Brown, R. T., Kakar, R., Hassman, M., Trivedi, R. P., Robison, R., Gukasyan, N., Nayak, S. M., Hu, X., O’Donnell, K. C., Kelmendi, B., Sloshower, J., Penn, A. D., Bradley, E., Kelly, D. F., … Griffiths, R. R. (2023). Single-Dose Psilocybin Treatment for Major Depressive Disorder: A Randomized Clinical Trial. JAMA, 330(9), 843–853. https://doi.org/10.1001/jama.2023.14530"
Raison 2023,psil,ncn,NA,NA,change,ham-a,clinician,anxiety,0,Post-first dose 3,Day 15,15,2.14,0,NA,NA,NA,NA,NA,NA,NA,49.0,-7.9,7.321428571428572,42.0,-4.1,7.108975766110663,NA,NA,NA,NA,18.5,5.5,50.0,20.5,6.5,53.0,Low,Low,Low,Low,Low,Low,2023,psilocybin,niacin,25 mg,100 mg,psilocybin,niacin,1,25.0,100.0,14,2.0,41.1,50.1,mdd,mdd,parallel,double-blind,10.1001/jama.2023.14530; 10.1001/jama.2024.0828,NCT03866174,"Raison, C. L., Sanacora, G., Woolley, J., Heinzerling, K., Dunlop, B. W., Brown, R. T., Kakar, R., Hassman, M., Trivedi, R. P., Robison, R., Gukasyan, N., Nayak, S. M., Hu, X., O’Donnell, K. C., Kelmendi, B., Sloshower, J., Penn, A. D., Bradley, E., Kelly, D. F., … Griffiths, R. R. (2023). Single-Dose Psilocybin Treatment for Major Depressive Disorder: A Randomized Clinical Trial. JAMA, 330(9), 843–853. https://doi.org/10.1001/jama.2023.14530"
Raison 2023,psil,ncn,NA,NA,change,ham-a,clinician,anxiety,0,Post-first dose 4,Day 29,29,4.14,0,NA,NA,NA,NA,NA,NA,NA,47.0,-8.6,7.695122510654234,42.0,-2.7,7.604950819560243,NA,NA,NA,NA,18.5,5.5,50.0,20.5,6.5,53.0,Low,Low,Low,Low,Low,Low,2023,psilocybin,niacin,25 mg,100 mg,psilocybin,niacin,1,25.0,100.0,28,4.0,41.1,50.1,mdd,mdd,parallel,double-blind,10.1001/jama.2023.14530; 10.1001/jama.2024.0828,NCT03866174,"Raison, C. L., Sanacora, G., Woolley, J., Heinzerling, K., Dunlop, B. W., Brown, R. T., Kakar, R., Hassman, M., Trivedi, R. P., Robison, R., Gukasyan, N., Nayak, S. M., Hu, X., O’Donnell, K. C., Kelmendi, B., Sloshower, J., Penn, A. D., Bradley, E., Kelly, D. F., … Griffiths, R. R. (2023). Single-Dose Psilocybin Treatment for Major Depressive Disorder: A Randomized Clinical Trial. JAMA, 330(9), 843–853. https://doi.org/10.1001/jama.2023.14530"
Raison 2023,psil,ncn,NA,NA,change,ham-a,clinician,anxiety,0,Post-first dose 5,Day 43,43,6.14,1,NA,NA,NA,NA,NA,NA,NA,46.0,-8.7,7.093763502758571,41.0,-4.1,7.023835260449298,NA,NA,NA,NA,18.5,5.5,50.0,20.5,6.5,53.0,Low,Low,Low,Low,Low,Low,2023,psilocybin,niacin,25 mg,100 mg,psilocybin,niacin,1,25.0,100.0,42,6.0,41.1,50.1,mdd,mdd,parallel,double-blind,10.1001/jama.2023.14530; 10.1001/jama.2024.0828,NCT03866174,"Raison, C. L., Sanacora, G., Woolley, J., Heinzerling, K., Dunlop, B. W., Brown, R. T., Kakar, R., Hassman, M., Trivedi, R. P., Robison, R., Gukasyan, N., Nayak, S. M., Hu, X., O’Donnell, K. C., Kelmendi, B., Sloshower, J., Penn, A. D., Bradley, E., Kelly, D. F., … Griffiths, R. R. (2023). Single-Dose Psilocybin Treatment for Major Depressive Disorder: A Randomized Clinical Trial. JAMA, 330(9), 843–853. https://doi.org/10.1001/jama.2023.14530"
Raison 2023,psil,ncn,NA,NA,change,madrs,clinician,depression,1,Post-first dose 1,Day 2,2,0.29,0,NA,NA,NA,NA,NA,NA,NA,51.0,-2.7,5.101020306102035,53.0,-2.7,5.200078492343227,NA,NA,NA,NA,35.5,5.7,51.0,35.0,4.5,53.0,Low,Low,Low,Low,Low,Low,2023,psilocybin,niacin,25 mg,100 mg,psilocybin,niacin,1,25.0,100.0,1,0.14,41.1,50.1,mdd,mdd,parallel,double-blind,10.1001/jama.2023.14530; 10.1001/jama.2024.0828,NCT03866174,"Raison, C. L., Sanacora, G., Woolley, J., Heinzerling, K., Dunlop, B. W., Brown, R. T., Kakar, R., Hassman, M., Trivedi, R. P., Robison, R., Gukasyan, N., Nayak, S. M., Hu, X., O’Donnell, K. C., Kelmendi, B., Sloshower, J., Penn, A. D., Bradley, E., Kelly, D. F., … Griffiths, R. R. (2023). Single-Dose Psilocybin Treatment for Major Depressive Disorder: A Randomized Clinical Trial. JAMA, 330(9), 843–853. https://doi.org/10.1001/jama.2023.14530"
Raison 2023,psil,ncn,NA,NA,change,madrs,clinician,depression,1,Post-first dose 2,Day 8,8,1.14,0,NA,NA,NA,NA,NA,NA,NA,51.0,-17.8,11.841654282022587,53.0,-5.8,12.071610785796777,NA,NA,NA,NA,35.5,5.7,51.0,35.0,4.5,53.0,Low,Low,Low,Low,Low,Low,2023,psilocybin,niacin,25 mg,100 mg,psilocybin,niacin,1,25.0,100.0,7,1.0,41.1,50.1,mdd,mdd,parallel,double-blind,10.1001/jama.2023.14530; 10.1001/jama.2024.0828,NCT03866174,"Raison, C. L., Sanacora, G., Woolley, J., Heinzerling, K., Dunlop, B. W., Brown, R. T., Kakar, R., Hassman, M., Trivedi, R. P., Robison, R., Gukasyan, N., Nayak, S. M., Hu, X., O’Donnell, K. C., Kelmendi, B., Sloshower, J., Penn, A. D., Bradley, E., Kelly, D. F., … Griffiths, R. R. (2023). Single-Dose Psilocybin Treatment for Major Depressive Disorder: A Randomized Clinical Trial. JAMA, 330(9), 843–853. https://doi.org/10.1001/jama.2023.14530"
Raison 2023,psil,ncn,NA,NA,change,madrs,clinician,depression,1,Post-first dose 3,Day 15,15,2.14,0,NA,NA,NA,NA,NA,NA,NA,51.0,-18.0,12.02383357866909,53.0,-6.9,12.628762052833554,NA,NA,NA,NA,35.5,5.7,51.0,35.0,4.5,53.0,Low,Low,Low,Low,Low,Low,2023,psilocybin,niacin,25 mg,100 mg,psilocybin,niacin,1,25.0,100.0,14,2.0,41.1,50.1,mdd,mdd,parallel,double-blind,10.1001/jama.2023.14530; 10.1001/jama.2024.0828,NCT03866174,"Raison, C. L., Sanacora, G., Woolley, J., Heinzerling, K., Dunlop, B. W., Brown, R. T., Kakar, R., Hassman, M., Trivedi, R. P., Robison, R., Gukasyan, N., Nayak, S. M., Hu, X., O’Donnell, K. C., Kelmendi, B., Sloshower, J., Penn, A. D., Bradley, E., Kelly, D. F., … Griffiths, R. R. (2023). Single-Dose Psilocybin Treatment for Major Depressive Disorder: A Randomized Clinical Trial. JAMA, 330(9), 843–853. https://doi.org/10.1001/jama.2023.14530"
Raison 2023,psil,ncn,NA,NA,change,madrs,clinician,depression,1,Post-first dose 4,Day 29,29,4.14,0,NA,NA,NA,NA,NA,NA,NA,51.0,-19.2,12.388192171962089,53.0,-5.5,13.000196230858068,NA,NA,NA,NA,35.5,5.7,51.0,35.0,4.5,53.0,Low,Low,Low,Low,Low,Low,2023,psilocybin,niacin,25 mg,100 mg,psilocybin,niacin,1,25.0,100.0,28,4.0,41.1,50.1,mdd,mdd,parallel,double-blind,10.1001/jama.2023.14530; 10.1001/jama.2024.0828,NCT03866174,"Raison, C. L., Sanacora, G., Woolley, J., Heinzerling, K., Dunlop, B. W., Brown, R. T., Kakar, R., Hassman, M., Trivedi, R. P., Robison, R., Gukasyan, N., Nayak, S. M., Hu, X., O’Donnell, K. C., Kelmendi, B., Sloshower, J., Penn, A. D., Bradley, E., Kelly, D. F., … Griffiths, R. R. (2023). Single-Dose Psilocybin Treatment for Major Depressive Disorder: A Randomized Clinical Trial. JAMA, 330(9), 843–853. https://doi.org/10.1001/jama.2023.14530"
Raison 2023,psil,ncn,NA,NA,change,madrs,clinician,depression,1,Post-first dose 5,Day 43,43,6.14,1,NA,NA,NA,NA,NA,NA,NA,51.0,-19.1,13.116909358548092,53.0,-6.8,13.743064586907101,NA,NA,NA,NA,35.5,5.7,51.0,35.0,4.5,53.0,Low,Low,Low,Low,Low,Low,2023,psilocybin,niacin,25 mg,100 mg,psilocybin,niacin,1,25.0,100.0,42,6.0,41.1,50.1,mdd,mdd,parallel,double-blind,10.1001/jama.2023.14530; 10.1001/jama.2024.0828,NCT03866174,"Raison, C. L., Sanacora, G., Woolley, J., Heinzerling, K., Dunlop, B. W., Brown, R. T., Kakar, R., Hassman, M., Trivedi, R. P., Robison, R., Gukasyan, N., Nayak, S. M., Hu, X., O’Donnell, K. C., Kelmendi, B., Sloshower, J., Penn, A. D., Bradley, E., Kelly, D. F., … Griffiths, R. R. (2023). Single-Dose Psilocybin Treatment for Major Depressive Disorder: A Randomized Clinical Trial. JAMA, 330(9), 843–853. https://doi.org/10.1001/jama.2023.14530"
Raison 2023,psil,ncn,NA,NA,change,sds,self-report,functional impairment,0,Post-first dose 2,Day 8,8,1.14,0,NA,NA,NA,NA,NA,NA,NA,51.0,-3.85,2.7326894496975185,53.0,-1.49,2.878614879690001,NA,NA,NA,NA,6.69,1.99,51.0,7.14,1.61,53.0,Low,Low,Low,Low,Low,Low,2023,psilocybin,niacin,25 mg,100 mg,psilocybin,niacin,1,25.0,100.0,7,1.0,41.1,50.1,mdd,mdd,parallel,double-blind,10.1001/jama.2023.14530; 10.1001/jama.2024.0828,NCT03866174,"Raison, C. L., Sanacora, G., Woolley, J., Heinzerling, K., Dunlop, B. W., Brown, R. T., Kakar, R., Hassman, M., Trivedi, R. P., Robison, R., Gukasyan, N., Nayak, S. M., Hu, X., O’Donnell, K. C., Kelmendi, B., Sloshower, J., Penn, A. D., Bradley, E., Kelly, D. F., … Griffiths, R. R. (2023). Single-Dose Psilocybin Treatment for Major Depressive Disorder: A Randomized Clinical Trial. JAMA, 330(9), 843–853. https://doi.org/10.1001/jama.2023.14530"
Raison 2023,psil,ncn,NA,NA,change,sds,self-report,functional impairment,0,Post-first dose 3,Day 15,15,2.14,0,NA,NA,NA,NA,NA,NA,NA,51.0,-3.97,2.7691253090268204,53.0,-1.76,2.952901715294904,NA,NA,NA,NA,6.69,1.99,51.0,7.14,1.61,53.0,Low,Low,Low,Low,Low,Low,2023,psilocybin,niacin,25 mg,100 mg,psilocybin,niacin,1,25.0,100.0,14,2.0,41.1,50.1,mdd,mdd,parallel,double-blind,10.1001/jama.2023.14530; 10.1001/jama.2024.0828,NCT03866174,"Raison, C. L., Sanacora, G., Woolley, J., Heinzerling, K., Dunlop, B. W., Brown, R. T., Kakar, R., Hassman, M., Trivedi, R. P., Robison, R., Gukasyan, N., Nayak, S. M., Hu, X., O’Donnell, K. C., Kelmendi, B., Sloshower, J., Penn, A. D., Bradley, E., Kelly, D. F., … Griffiths, R. R. (2023). Single-Dose Psilocybin Treatment for Major Depressive Disorder: A Randomized Clinical Trial. JAMA, 330(9), 843–853. https://doi.org/10.1001/jama.2023.14530"
Raison 2023,psil,ncn,NA,NA,change,sds,self-report,functional impairment,0,Post-first dose 4,Day 29,29,4.14,0,NA,NA,NA,NA,NA,NA,NA,51.0,-4.26,2.969522535337971,53.0,-1.78,3.175762222109614,NA,NA,NA,NA,6.69,1.99,51.0,7.14,1.61,53.0,Low,Low,Low,Low,Low,Low,2023,psilocybin,niacin,25 mg,100 mg,psilocybin,niacin,1,25.0,100.0,28,4.0,41.1,50.1,mdd,mdd,parallel,double-blind,10.1001/jama.2023.14530; 10.1001/jama.2024.0828,NCT03866174,"Raison, C. L., Sanacora, G., Woolley, J., Heinzerling, K., Dunlop, B. W., Brown, R. T., Kakar, R., Hassman, M., Trivedi, R. P., Robison, R., Gukasyan, N., Nayak, S. M., Hu, X., O’Donnell, K. C., Kelmendi, B., Sloshower, J., Penn, A. D., Bradley, E., Kelly, D. F., … Griffiths, R. R. (2023). Single-Dose Psilocybin Treatment for Major Depressive Disorder: A Randomized Clinical Trial. JAMA, 330(9), 843–853. https://doi.org/10.1001/jama.2023.14530"
Raison 2023,psil,ncn,NA,NA,change,sds,self-report,functional impairment,0,Post-first dose 5,Day 43,43,6.14,1,NA,NA,NA,NA,NA,NA,NA,51.0,-4.07,2.951304605673321,53.0,-1.76,3.175762222109614,NA,NA,NA,NA,6.69,1.99,51.0,7.14,1.61,53.0,Low,Low,Low,Low,Low,Low,2023,psilocybin,niacin,25 mg,100 mg,psilocybin,niacin,1,25.0,100.0,42,6.0,41.1,50.1,mdd,mdd,parallel,double-blind,10.1001/jama.2023.14530; 10.1001/jama.2024.0828,NCT03866174,"Raison, C. L., Sanacora, G., Woolley, J., Heinzerling, K., Dunlop, B. W., Brown, R. T., Kakar, R., Hassman, M., Trivedi, R. P., Robison, R., Gukasyan, N., Nayak, S. M., Hu, X., O’Donnell, K. C., Kelmendi, B., Sloshower, J., Penn, A. D., Bradley, E., Kelly, D. F., … Griffiths, R. R. (2023). Single-Dose Psilocybin Treatment for Major Depressive Disorder: A Randomized Clinical Trial. JAMA, 330(9), 843–853. https://doi.org/10.1001/jama.2023.14530"
Raison 2023,psil,ncn,NA,NA,change,q-les-q,self-report,quality of life,0,Post-first dose 2,Day 8,8,1.14,0,NA,NA,NA,NA,NA,NA,NA,51.0,13.0,10.202040612204074,47.0,6.2,10.143570582226035,NA,NA,NA,NA,35.8,6.0,51.0,34.6,7.3,53.0,Low,Low,Low,Low,Low,Low,2023,psilocybin,niacin,25 mg,100 mg,psilocybin,niacin,1,25.0,100.0,7,1.0,41.1,50.1,mdd,mdd,parallel,double-blind,10.1001/jama.2023.14530; 10.1001/jama.2024.0828,NCT03866174,"Raison, C. L., Sanacora, G., Woolley, J., Heinzerling, K., Dunlop, B. W., Brown, R. T., Kakar, R., Hassman, M., Trivedi, R. P., Robison, R., Gukasyan, N., Nayak, S. M., Hu, X., O’Donnell, K. C., Kelmendi, B., Sloshower, J., Penn, A. D., Bradley, E., Kelly, D. F., … Griffiths, R. R. (2023). Single-Dose Psilocybin Treatment for Major Depressive Disorder: A Randomized Clinical Trial. JAMA, 330(9), 843–853. https://doi.org/10.1001/jama.2023.14530"
Raison 2023,psil,ncn,NA,NA,change,q-les-q,self-report,quality of life,0,Post-first dose 3,Day 15,15,2.14,0,NA,NA,NA,NA,NA,NA,NA,50.0,12.2,10.28190982847786,43.0,5.9,10.036895700462246,NA,NA,NA,NA,35.8,6.0,51.0,34.6,7.3,53.0,Low,Low,Low,Low,Low,Low,2023,psilocybin,niacin,25 mg,100 mg,psilocybin,niacin,1,25.0,100.0,14,2.0,41.1,50.1,mdd,mdd,parallel,double-blind,10.1001/jama.2023.14530; 10.1001/jama.2024.0828,NCT03866174,"Raison, C. L., Sanacora, G., Woolley, J., Heinzerling, K., Dunlop, B. W., Brown, R. T., Kakar, R., Hassman, M., Trivedi, R. P., Robison, R., Gukasyan, N., Nayak, S. M., Hu, X., O’Donnell, K. C., Kelmendi, B., Sloshower, J., Penn, A. D., Bradley, E., Kelly, D. F., … Griffiths, R. R. (2023). Single-Dose Psilocybin Treatment for Major Depressive Disorder: A Randomized Clinical Trial. JAMA, 330(9), 843–853. https://doi.org/10.1001/jama.2023.14530"
Raison 2023,psil,ncn,NA,NA,change,q-les-q,self-report,quality of life,0,Post-first dose 4,Day 29,29,4.14,0,NA,NA,NA,NA,NA,NA,NA,48.0,12.7,10.957872456048001,42.0,5.7,10.746126158074258,NA,NA,NA,NA,35.8,6.0,51.0,34.6,7.3,53.0,Low,Low,Low,Low,Low,Low,2023,psilocybin,niacin,25 mg,100 mg,psilocybin,niacin,1,25.0,100.0,28,4.0,41.1,50.1,mdd,mdd,parallel,double-blind,10.1001/jama.2023.14530; 10.1001/jama.2024.0828,NCT03866174,"Raison, C. L., Sanacora, G., Woolley, J., Heinzerling, K., Dunlop, B. W., Brown, R. T., Kakar, R., Hassman, M., Trivedi, R. P., Robison, R., Gukasyan, N., Nayak, S. M., Hu, X., O’Donnell, K. C., Kelmendi, B., Sloshower, J., Penn, A. D., Bradley, E., Kelly, D. F., … Griffiths, R. R. (2023). Single-Dose Psilocybin Treatment for Major Depressive Disorder: A Randomized Clinical Trial. JAMA, 330(9), 843–853. https://doi.org/10.1001/jama.2023.14530"
Raison 2023,psil,ncn,NA,NA,change,q-les-q,self-report,quality of life,0,Post-first dose 5,Day 43,43,6.14,1,NA,NA,NA,NA,NA,NA,NA,49.0,14.2,-167.32142857142856,42.0,7.1,10.911451175890786,NA,NA,NA,NA,35.8,6.0,51.0,34.6,7.3,53.0,Low,Low,Low,Low,Low,Low,2023,psilocybin,niacin,25 mg,100 mg,psilocybin,niacin,1,25.0,100.0,42,6.0,41.1,50.1,mdd,mdd,parallel,double-blind,10.1001/jama.2023.14530; 10.1001/jama.2024.0828,NCT03866174,"Raison, C. L., Sanacora, G., Woolley, J., Heinzerling, K., Dunlop, B. W., Brown, R. T., Kakar, R., Hassman, M., Trivedi, R. P., Robison, R., Gukasyan, N., Nayak, S. M., Hu, X., O’Donnell, K. C., Kelmendi, B., Sloshower, J., Penn, A. D., Bradley, E., Kelly, D. F., … Griffiths, R. R. (2023). Single-Dose Psilocybin Treatment for Major Depressive Disorder: A Randomized Clinical Trial. JAMA, 330(9), 843–853. https://doi.org/10.1001/jama.2023.14530"
Raison 2023,psil,ncn,NA,NA,change,smdds,self-report,depression,0,Post-first dose 2,Day 8,8,1.14,0,NA,NA,NA,NA,NA,NA,NA,51.0,-21.1,14.3921644350736,48.0,-9.6,14.31593014419174,NA,NA,NA,NA,43.2,8.7,51.0,44.3,5.9,53.0,Low,Low,Low,Low,Low,Low,2023,psilocybin,niacin,25 mg,100 mg,psilocybin,niacin,1,25.0,100.0,7,1.0,41.1,50.1,mdd,mdd,parallel,double-blind,10.1001/jama.2023.14530; 10.1001/jama.2024.0828,NCT03866174,"Raison, C. L., Sanacora, G., Woolley, J., Heinzerling, K., Dunlop, B. W., Brown, R. T., Kakar, R., Hassman, M., Trivedi, R. P., Robison, R., Gukasyan, N., Nayak, S. M., Hu, X., O’Donnell, K. C., Kelmendi, B., Sloshower, J., Penn, A. D., Bradley, E., Kelly, D. F., … Griffiths, R. R. (2023). Single-Dose Psilocybin Treatment for Major Depressive Disorder: A Randomized Clinical Trial. JAMA, 330(9), 843–853. https://doi.org/10.1001/jama.2023.14530"
Raison 2023,psil,ncn,NA,NA,change,smdds,self-report,depression,0,Post-first dose 5,Day 43,43,6.14,1,NA,NA,NA,NA,NA,NA,NA,50.0,-21.8,14.791519402371657,42.0,-10.8,14.383276550037852,NA,NA,NA,NA,43.2,8.7,51.0,44.3,5.9,53.0,Low,Low,Low,Low,Low,Low,2023,psilocybin,niacin,25 mg,100 mg,psilocybin,niacin,1,25.0,100.0,42,6.0,41.1,50.1,mdd,mdd,parallel,double-blind,10.1001/jama.2023.14530; 10.1001/jama.2024.0828,NCT03866174,"Raison, C. L., Sanacora, G., Woolley, J., Heinzerling, K., Dunlop, B. W., Brown, R. T., Kakar, R., Hassman, M., Trivedi, R. P., Robison, R., Gukasyan, N., Nayak, S. M., Hu, X., O’Donnell, K. C., Kelmendi, B., Sloshower, J., Penn, A. D., Bradley, E., Kelly, D. F., … Griffiths, R. R. (2023). Single-Dose Psilocybin Treatment for Major Depressive Disorder: A Randomized Clinical Trial. JAMA, 330(9), 843–853. https://doi.org/10.1001/jama.2023.14530"
Raison 2023,psil,ncn,NA,NA,change,odq,self-report,emotional blunting,0,Post-first dose 5,Day 43,43,6.14,1,NA,NA,NA,NA,NA,NA,NA,49.0,-26.9,21.964285714285715,42.0,-11.7,22.153552387414624,NA,NA,NA,NA,73.7,12.7,51.0,73.4,16.2,53.0,Low,Low,Low,Low,Low,Low,2023,psilocybin,niacin,25 mg,100 mg,psilocybin,niacin,1,25.0,100.0,42,6.0,41.1,50.1,mdd,mdd,parallel,double-blind,10.1001/jama.2023.14530; 10.1001/jama.2024.0828,NCT03866174,"Raison, C. L., Sanacora, G., Woolley, J., Heinzerling, K., Dunlop, B. W., Brown, R. T., Kakar, R., Hassman, M., Trivedi, R. P., Robison, R., Gukasyan, N., Nayak, S. M., Hu, X., O’Donnell, K. C., Kelmendi, B., Sloshower, J., Penn, A. D., Bradley, E., Kelly, D. F., … Griffiths, R. R. (2023). Single-Dose Psilocybin Treatment for Major Depressive Disorder: A Randomized Clinical Trial. JAMA, 330(9), 843–853. https://doi.org/10.1001/jama.2023.14530"
Raison 2023,psil,ncn,NA,NA,msd,madrs,clinician,depression,1,Post-first dose 5,Day 43,43,6.14,1,NA,50.0,16.1,13.0,44.0,27.3,12.5,NA,NA,NA,NA,NA,NA,NA,NA,NA,NA,35.5,5.7,51.0,35.0,4.5,53.0,Low,Low,Low,Low,Low,Low,2023,psilocybin,niacin,25 mg,100 mg,psilocybin,niacin,1,25.0,100.0,42,6.0,41.1,50.1,mdd,mdd,parallel,double-blind,10.1001/jama.2023.14530; 10.1001/jama.2024.0828,NCT03866174,"Raison, C. L., Sanacora, G., Woolley, J., Heinzerling, K., Dunlop, B. W., Brown, R. T., Kakar, R., Hassman, M., Trivedi, R. P., Robison, R., Gukasyan, N., Nayak, S. M., Hu, X., O’Donnell, K. C., Kelmendi, B., Sloshower, J., Penn, A. D., Bradley, E., Kelly, D. F., … Griffiths, R. R. (2023). Single-Dose Psilocybin Treatment for Major Depressive Disorder: A Randomized Clinical Trial. JAMA, 330(9), 843–853. https://doi.org/10.1001/jama.2023.14530"
Raison 2023,psil,ncn,NA,NA,response,madrs,clinician,depression,1,Post-first dose 2,Day 8,8,1.14,0,NA,NA,NA,NA,NA,NA,NA,NA,NA,NA,NA,NA,NA,27.0,51.0,5.0,50.0,35.5,5.7,51.0,35.0,4.5,53.0,Low,Low,Low,Low,Low,Low,2023,psilocybin,niacin,25 mg,100 mg,psilocybin,niacin,1,25.0,100.0,7,1.0,41.1,50.1,mdd,mdd,parallel,double-blind,10.1001/jama.2023.14530; 10.1001/jama.2024.0828,NCT03866174,"Raison, C. L., Sanacora, G., Woolley, J., Heinzerling, K., Dunlop, B. W., Brown, R. T., Kakar, R., Hassman, M., Trivedi, R. P., Robison, R., Gukasyan, N., Nayak, S. M., Hu, X., O’Donnell, K. C., Kelmendi, B., Sloshower, J., Penn, A. D., Bradley, E., Kelly, D. F., … Griffiths, R. R. (2023). Single-Dose Psilocybin Treatment for Major Depressive Disorder: A Randomized Clinical Trial. JAMA, 330(9), 843–853. https://doi.org/10.1001/jama.2023.14530"
Raison 2023,psil,ncn,NA,NA,response,madrs,clinician,depression,1,Post-first dose 3,Day 15,15,2.14,0,NA,NA,NA,NA,NA,NA,NA,NA,NA,NA,NA,NA,NA,25.0,50.0,8.0,45.0,35.5,5.7,51.0,35.0,4.5,53.0,Low,Low,Low,Low,Low,Low,2023,psilocybin,niacin,25 mg,100 mg,psilocybin,niacin,1,25.0,100.0,14,2.0,41.1,50.1,mdd,mdd,parallel,double-blind,10.1001/jama.2023.14530; 10.1001/jama.2024.0828,NCT03866174,"Raison, C. L., Sanacora, G., Woolley, J., Heinzerling, K., Dunlop, B. W., Brown, R. T., Kakar, R., Hassman, M., Trivedi, R. P., Robison, R., Gukasyan, N., Nayak, S. M., Hu, X., O’Donnell, K. C., Kelmendi, B., Sloshower, J., Penn, A. D., Bradley, E., Kelly, D. F., … Griffiths, R. R. (2023). Single-Dose Psilocybin Treatment for Major Depressive Disorder: A Randomized Clinical Trial. JAMA, 330(9), 843–853. https://doi.org/10.1001/jama.2023.14530"
Raison 2023,psil,ncn,NA,NA,response,madrs,clinician,depression,1,Post-first dose 4,Day 29,29,4.14,0,NA,NA,NA,NA,NA,NA,NA,NA,NA,NA,NA,NA,NA,26.0,49.0,7.0,44.0,35.5,5.7,51.0,35.0,4.5,53.0,Low,Low,Low,Low,Low,Low,2023,psilocybin,niacin,25 mg,100 mg,psilocybin,niacin,1,25.0,100.0,28,4.0,41.1,50.1,mdd,mdd,parallel,double-blind,10.1001/jama.2023.14530; 10.1001/jama.2024.0828,NCT03866174,"Raison, C. L., Sanacora, G., Woolley, J., Heinzerling, K., Dunlop, B. W., Brown, R. T., Kakar, R., Hassman, M., Trivedi, R. P., Robison, R., Gukasyan, N., Nayak, S. M., Hu, X., O’Donnell, K. C., Kelmendi, B., Sloshower, J., Penn, A. D., Bradley, E., Kelly, D. F., … Griffiths, R. R. (2023). Single-Dose Psilocybin Treatment for Major Depressive Disorder: A Randomized Clinical Trial. JAMA, 330(9), 843–853. https://doi.org/10.1001/jama.2023.14530"
Raison 2023,psil,ncn,NA,NA,response,madrs,clinician,depression,1,Post-first dose 5,Day 43,43,6.14,1,NA,NA,NA,NA,NA,NA,NA,NA,NA,NA,NA,NA,NA,29.0,50.0,9.0,44.0,35.5,5.7,51.0,35.0,4.5,53.0,Low,Low,Low,Low,Low,Low,2023,psilocybin,niacin,25 mg,100 mg,psilocybin,niacin,1,25.0,100.0,42,6.0,41.1,50.1,mdd,mdd,parallel,double-blind,10.1001/jama.2023.14530; 10.1001/jama.2024.0828,NCT03866174,"Raison, C. L., Sanacora, G., Woolley, J., Heinzerling, K., Dunlop, B. W., Brown, R. T., Kakar, R., Hassman, M., Trivedi, R. P., Robison, R., Gukasyan, N., Nayak, S. M., Hu, X., O’Donnell, K. C., Kelmendi, B., Sloshower, J., Penn, A. D., Bradley, E., Kelly, D. F., … Griffiths, R. R. (2023). Single-Dose Psilocybin Treatment for Major Depressive Disorder: A Randomized Clinical Trial. JAMA, 330(9), 843–853. https://doi.org/10.1001/jama.2023.14530"
Raison 2023,psil,ncn,NA,NA,response,madrs,clinician,depression,1,Follow-up 1,Days 8-43 Sustained Response,43,6.14,0,NA,NA,NA,NA,NA,NA,NA,NA,NA,NA,NA,NA,NA,20.0,48.0,5.0,44.0,35.5,5.7,51.0,35.0,4.5,53.0,Low,Low,Low,Low,Low,Low,2023,psilocybin,niacin,25 mg,100 mg,psilocybin,niacin,1,25.0,100.0,42,6.0,41.1,50.1,mdd,mdd,parallel,double-blind,10.1001/jama.2023.14530; 10.1001/jama.2024.0828,NCT03866174,"Raison, C. L., Sanacora, G., Woolley, J., Heinzerling, K., Dunlop, B. W., Brown, R. T., Kakar, R., Hassman, M., Trivedi, R. P., Robison, R., Gukasyan, N., Nayak, S. M., Hu, X., O’Donnell, K. C., Kelmendi, B., Sloshower, J., Penn, A. D., Bradley, E., Kelly, D. F., … Griffiths, R. R. (2023). Single-Dose Psilocybin Treatment for Major Depressive Disorder: A Randomized Clinical Trial. JAMA, 330(9), 843–853. https://doi.org/10.1001/jama.2023.14530"
Raison 2023,psil,ncn,NA,NA,remission,madrs,clinician,depression,1,Post-first dose 2,Day 8,8,1.14,0,NA,NA,NA,NA,NA,NA,NA,NA,NA,NA,NA,NA,NA,18.0,51.0,4.0,50.0,35.5,5.7,51.0,35.0,4.5,53.0,Low,Low,Low,Low,Low,Low,2023,psilocybin,niacin,25 mg,100 mg,psilocybin,niacin,1,25.0,100.0,7,1.0,41.1,50.1,mdd,mdd,parallel,double-blind,10.1001/jama.2023.14530; 10.1001/jama.2024.0828,NCT03866174,"Raison, C. L., Sanacora, G., Woolley, J., Heinzerling, K., Dunlop, B. W., Brown, R. T., Kakar, R., Hassman, M., Trivedi, R. P., Robison, R., Gukasyan, N., Nayak, S. M., Hu, X., O’Donnell, K. C., Kelmendi, B., Sloshower, J., Penn, A. D., Bradley, E., Kelly, D. F., … Griffiths, R. R. (2023). Single-Dose Psilocybin Treatment for Major Depressive Disorder: A Randomized Clinical Trial. JAMA, 330(9), 843–853. https://doi.org/10.1001/jama.2023.14530"
Raison 2023,psil,ncn,NA,NA,remission,madrs,clinician,depression,1,Post-first dose 3,Day 15,15,2.14,0,NA,NA,NA,NA,NA,NA,NA,NA,NA,NA,NA,NA,NA,20.0,50.0,6.0,45.0,35.5,5.7,51.0,35.0,4.5,53.0,Low,Low,Low,Low,Low,Low,2023,psilocybin,niacin,25 mg,100 mg,psilocybin,niacin,1,25.0,100.0,14,2.0,41.1,50.1,mdd,mdd,parallel,double-blind,10.1001/jama.2023.14530; 10.1001/jama.2024.0828,NCT03866174,"Raison, C. L., Sanacora, G., Woolley, J., Heinzerling, K., Dunlop, B. W., Brown, R. T., Kakar, R., Hassman, M., Trivedi, R. P., Robison, R., Gukasyan, N., Nayak, S. M., Hu, X., O’Donnell, K. C., Kelmendi, B., Sloshower, J., Penn, A. D., Bradley, E., Kelly, D. F., … Griffiths, R. R. (2023). Single-Dose Psilocybin Treatment for Major Depressive Disorder: A Randomized Clinical Trial. JAMA, 330(9), 843–853. https://doi.org/10.1001/jama.2023.14530"
Raison 2023,psil,ncn,NA,NA,remission,madrs,clinician,depression,1,Post-first dose 4,Day 29,29,4.14,0,NA,NA,NA,NA,NA,NA,NA,NA,NA,NA,NA,NA,NA,18.0,49.0,5.0,44.0,35.5,5.7,51.0,35.0,4.5,53.0,Low,Low,Low,Low,Low,Low,2023,psilocybin,niacin,25 mg,100 mg,psilocybin,niacin,1,25.0,100.0,28,4.0,41.1,50.1,mdd,mdd,parallel,double-blind,10.1001/jama.2023.14530; 10.1001/jama.2024.0828,NCT03866174,"Raison, C. L., Sanacora, G., Woolley, J., Heinzerling, K., Dunlop, B. W., Brown, R. T., Kakar, R., Hassman, M., Trivedi, R. P., Robison, R., Gukasyan, N., Nayak, S. M., Hu, X., O’Donnell, K. C., Kelmendi, B., Sloshower, J., Penn, A. D., Bradley, E., Kelly, D. F., … Griffiths, R. R. (2023). Single-Dose Psilocybin Treatment for Major Depressive Disorder: A Randomized Clinical Trial. JAMA, 330(9), 843–853. https://doi.org/10.1001/jama.2023.14530"
Raison 2023,psil,ncn,NA,NA,remission,madrs,clinician,depression,1,Post-first dose 5,Day 43,43,6.14,1,NA,NA,NA,NA,NA,NA,NA,NA,NA,NA,NA,NA,NA,22.0,50.0,5.0,44.0,35.5,5.7,51.0,35.0,4.5,53.0,Low,Low,Low,Low,Low,Low,2023,psilocybin,niacin,25 mg,100 mg,psilocybin,niacin,1,25.0,100.0,42,6.0,41.1,50.1,mdd,mdd,parallel,double-blind,10.1001/jama.2023.14530; 10.1001/jama.2024.0828,NCT03866174,"Raison, C. L., Sanacora, G., Woolley, J., Heinzerling, K., Dunlop, B. W., Brown, R. T., Kakar, R., Hassman, M., Trivedi, R. P., Robison, R., Gukasyan, N., Nayak, S. M., Hu, X., O’Donnell, K. C., Kelmendi, B., Sloshower, J., Penn, A. D., Bradley, E., Kelly, D. F., … Griffiths, R. R. (2023). Single-Dose Psilocybin Treatment for Major Depressive Disorder: A Randomized Clinical Trial. JAMA, 330(9), 843–853. https://doi.org/10.1001/jama.2023.14530"
Raison 2023,psil,ncn,NA,NA,remission,madrs,clinician,depression,1,Follow-up 1,Days 8-43 Sustained Response,43,6.14,0,NA,NA,NA,NA,NA,NA,NA,NA,NA,NA,NA,NA,NA,12.0,48.0,4.0,44.0,35.5,5.7,51.0,35.0,4.5,53.0,Low,Low,Low,Low,Low,Low,2023,psilocybin,niacin,25 mg,100 mg,psilocybin,niacin,1,25.0,100.0,42,6.0,41.1,50.1,mdd,mdd,parallel,double-blind,10.1001/jama.2023.14530; 10.1001/jama.2024.0828,NCT03866174,"Raison, C. L., Sanacora, G., Woolley, J., Heinzerling, K., Dunlop, B. W., Brown, R. T., Kakar, R., Hassman, M., Trivedi, R. P., Robison, R., Gukasyan, N., Nayak, S. M., Hu, X., O’Donnell, K. C., Kelmendi, B., Sloshower, J., Penn, A. D., Bradley, E., Kelly, D. F., … Griffiths, R. R. (2023). Single-Dose Psilocybin Treatment for Major Depressive Disorder: A Randomized Clinical Trial. JAMA, 330(9), 843–853. https://doi.org/10.1001/jama.2023.14530"
von Rotz 2023,psil,pcb,NA,NA,msd,bdi,self-report,depression,0,Pre-first dose 1,Day -1,-1,-0.14,0,NA,26.0,25.695,6.317685177341461,26.0,24.798,10.019573344209823,NA,NA,NA,NA,NA,NA,NA,NA,NA,NA,26.541,6.317685177341461,26.0,25.9,10.024672363723415,26.0,Low,Low,Low,Some concerns,Low,Some concerns,2023,psilocybin,mannitol,0.215 mg/kg,NA,psilocybin group,placebo group,0,0.0,0.0,NA,NA,36.8,63.4,mdd,mdd,parallel,double-blind,10.1016/j.eclinm.2022.101809,NCT03715127,"von Rotz, R., Schindowski, E. M., Jungwirth, J., Schuldt, A., Rieser, N. M., Zahoranszky, K., Seifritz, E., Nowak, A., Nowak, P., Jäncke, L., Preller, K. H., & Vollenweider, F. X. (2023). Single-dose psilocybin-assisted therapy in major depressive disorder: A placebo-controlled, double-blind, randomised clinical trial. eClinicalMedicine, 56. https://doi.org/10.1016/j.eclinm.2022.101809"
von Rotz 2023,psil,pcb,NA,NA,msd,bdi,self-report,depression,0,DOSE 1,Day 0,0,0.0,0,NA,26.0,12.242,7.189617514165826,26.0,20.191,10.891505681034188,NA,NA,NA,NA,NA,NA,NA,NA,NA,NA,26.541,6.317685177341461,26.0,25.9,10.024672363723415,26.0,Low,Low,Low,Some concerns,Low,Some concerns,2023,psilocybin,mannitol,0.215 mg/kg,NA,psilocybin group,placebo group,1,15.049999999999999,NA,0,0.0,36.8,63.4,mdd,mdd,parallel,double-blind,10.1016/j.eclinm.2022.101809,NCT03715127,"von Rotz, R., Schindowski, E. M., Jungwirth, J., Schuldt, A., Rieser, N. M., Zahoranszky, K., Seifritz, E., Nowak, A., Nowak, P., Jäncke, L., Preller, K. H., & Vollenweider, F. X. (2023). Single-dose psilocybin-assisted therapy in major depressive disorder: A placebo-controlled, double-blind, randomised clinical trial. eClinicalMedicine, 56. https://doi.org/10.1016/j.eclinm.2022.101809"
von Rotz 2023,psil,pcb,NA,NA,msd,bdi,self-report,depression,0,Post-first dose 1,Day 2,2,0.29,0,NA,26.0,11.823,8.933482187814558,26.0,22.293,11.768537037372147,NA,NA,NA,NA,NA,NA,NA,NA,NA,NA,26.541,6.317685177341461,26.0,25.9,10.024672363723415,26.0,Low,Low,Low,Some concerns,Low,Some concerns,2023,psilocybin,mannitol,0.215 mg/kg,NA,psilocybin group,placebo group,1,15.049999999999999,NA,2,0.29,36.8,63.4,mdd,mdd,parallel,double-blind,10.1016/j.eclinm.2022.101809,NCT03715127,"von Rotz, R., Schindowski, E. M., Jungwirth, J., Schuldt, A., Rieser, N. M., Zahoranszky, K., Seifritz, E., Nowak, A., Nowak, P., Jäncke, L., Preller, K. H., & Vollenweider, F. X. (2023). Single-dose psilocybin-assisted therapy in major depressive disorder: A placebo-controlled, double-blind, randomised clinical trial. eClinicalMedicine, 56. https://doi.org/10.1016/j.eclinm.2022.101809"
von Rotz 2023,psil,pcb,NA,NA,msd,bdi,self-report,depression,0,Post-first dose 2,Day 8,8,1.14,0,NA,26.0,13.584,11.549279198287657,26.0,21.148,11.549279198287657,NA,NA,NA,NA,NA,NA,NA,NA,NA,NA,26.541,6.317685177341461,26.0,25.9,10.024672363723415,26.0,Low,Low,Low,Some concerns,Low,Some concerns,2023,psilocybin,mannitol,0.215 mg/kg,NA,psilocybin group,placebo group,1,15.049999999999999,NA,8,1.14,36.8,63.4,mdd,mdd,parallel,double-blind,10.1016/j.eclinm.2022.101809,NCT03715127,"von Rotz, R., Schindowski, E. M., Jungwirth, J., Schuldt, A., Rieser, N. M., Zahoranszky, K., Seifritz, E., Nowak, A., Nowak, P., Jäncke, L., Preller, K. H., & Vollenweider, F. X. (2023). Single-dose psilocybin-assisted therapy in major depressive disorder: A placebo-controlled, double-blind, randomised clinical trial. eClinicalMedicine, 56. https://doi.org/10.1016/j.eclinm.2022.101809"
von Rotz 2023,psil,pcb,NA,NA,msd,bdi,self-report,depression,0,Post-first dose 3,Day 14,14,2.0,1,NA,26.0,13.379,10.23883118329431,26.0,20.729,11.330021359203167,NA,NA,NA,NA,NA,NA,NA,NA,NA,NA,26.541,6.317685177341461,26.0,25.9,10.024672363723415,26.0,Low,Low,Low,Some concerns,Low,Some concerns,2023,psilocybin,mannitol,0.215 mg/kg,NA,psilocybin group,placebo group,1,15.049999999999999,NA,14,2.0,36.8,63.4,mdd,mdd,parallel,double-blind,10.1016/j.eclinm.2022.101809,NCT03715127,"von Rotz, R., Schindowski, E. M., Jungwirth, J., Schuldt, A., Rieser, N. M., Zahoranszky, K., Seifritz, E., Nowak, A., Nowak, P., Jäncke, L., Preller, K. H., & Vollenweider, F. X. (2023). Single-dose psilocybin-assisted therapy in major depressive disorder: A placebo-controlled, double-blind, randomised clinical trial. eClinicalMedicine, 56. https://doi.org/10.1016/j.eclinm.2022.101809"
von Rotz 2023,psil,pcb,NA,NA,msd,ham-a,clinician,anxiety,0,Post-first dose 3,Day 14,14,2.0,1,NA,26.0,7.58,6.03,26.0,12.58,7.62,NA,NA,NA,NA,NA,NA,NA,NA,NA,NA,15.35,5.66,26.0,16.08,7.28,26.0,Low,Low,Low,Some concerns,Low,Some concerns,2023,psilocybin,mannitol,0.215 mg/kg,NA,psilocybin group,placebo group,1,15.049999999999999,NA,14,2.0,36.8,63.4,mdd,mdd,parallel,double-blind,10.1016/j.eclinm.2022.101809,NCT03715127,"von Rotz, R., Schindowski, E. M., Jungwirth, J., Schuldt, A., Rieser, N. M., Zahoranszky, K., Seifritz, E., Nowak, A., Nowak, P., Jäncke, L., Preller, K. H., & Vollenweider, F. X. (2023). Single-dose psilocybin-assisted therapy in major depressive disorder: A placebo-controlled, double-blind, randomised clinical trial. eClinicalMedicine, 56. https://doi.org/10.1016/j.eclinm.2022.101809"
von Rotz 2023,psil,pcb,NA,NA,msd,madrs,clinician,depression,1,Pre-first dose 1,Day -1,-1,-0.14,0,NA,26.0,23.534,4.186295020659676,26.0,24.948,7.444568489845465,NA,NA,NA,NA,NA,NA,NA,NA,NA,NA,24.118,5.114316572133562,26.0,24.528,6.746002816483253,26.0,Low,Low,Low,Some concerns,Low,Some concerns,2023,psilocybin,mannitol,0.215 mg/kg,NA,psilocybin group,placebo group,0,0.0,0.0,NA,NA,36.8,63.4,mdd,mdd,parallel,double-blind,10.1016/j.eclinm.2022.101809,NCT03715127,"von Rotz, R., Schindowski, E. M., Jungwirth, J., Schuldt, A., Rieser, N. M., Zahoranszky, K., Seifritz, E., Nowak, A., Nowak, P., Jäncke, L., Preller, K. H., & Vollenweider, F. X. (2023). Single-dose psilocybin-assisted therapy in major depressive disorder: A placebo-controlled, double-blind, randomised clinical trial. eClinicalMedicine, 56. https://doi.org/10.1016/j.eclinm.2022.101809"
von Rotz 2023,psil,pcb,NA,NA,msd,madrs,clinician,depression,1,DOSE 1,Day 0,0,0.0,0,NA,26.0,11.727,7.21511261173379,26.0,21.034,9.535166490418508,NA,NA,NA,NA,NA,NA,NA,NA,NA,NA,24.118,5.114316572133562,26.0,24.528,6.746002816483253,26.0,Low,Low,Low,Some concerns,Low,Some concerns,2023,psilocybin,mannitol,0.215 mg/kg,NA,psilocybin group,placebo group,1,15.049999999999999,NA,0,0.0,36.8,63.4,mdd,mdd,parallel,double-blind,10.1016/j.eclinm.2022.101809,NCT03715127,"von Rotz, R., Schindowski, E. M., Jungwirth, J., Schuldt, A., Rieser, N. M., Zahoranszky, K., Seifritz, E., Nowak, A., Nowak, P., Jäncke, L., Preller, K. H., & Vollenweider, F. X. (2023). Single-dose psilocybin-assisted therapy in major depressive disorder: A placebo-controlled, double-blind, randomised clinical trial. eClinicalMedicine, 56. https://doi.org/10.1016/j.eclinm.2022.101809"
von Rotz 2023,psil,pcb,NA,NA,msd,madrs,clinician,depression,1,Post-first dose 1,Day 2,2,0.29,0,NA,26.0,9.775,7.908579265582408,26.0,20.632,11.166852734768197,NA,NA,NA,NA,NA,NA,NA,NA,NA,NA,24.118,5.114316572133562,26.0,24.528,6.746002816483253,26.0,Low,Low,Low,Some concerns,Low,Some concerns,2023,psilocybin,mannitol,0.215 mg/kg,NA,psilocybin group,placebo group,1,15.049999999999999,NA,2,0.29,36.8,63.4,mdd,mdd,parallel,double-blind,10.1016/j.eclinm.2022.101809,NCT03715127,"von Rotz, R., Schindowski, E. M., Jungwirth, J., Schuldt, A., Rieser, N. M., Zahoranszky, K., Seifritz, E., Nowak, A., Nowak, P., Jäncke, L., Preller, K. H., & Vollenweider, F. X. (2023). Single-dose psilocybin-assisted therapy in major depressive disorder: A placebo-controlled, double-blind, randomised clinical trial. eClinicalMedicine, 56. https://doi.org/10.1016/j.eclinm.2022.101809"
von Rotz 2023,psil,pcb,NA,NA,msd,madrs,clinician,depression,1,Post-first dose 2,Day 8,8,1.14,0,NA,26.0,12.065,8.836600817056295,26.0,19.957,10.468287061405986,NA,NA,NA,NA,NA,NA,NA,NA,NA,NA,24.118,5.114316572133562,26.0,24.528,6.746002816483253,26.0,Low,Low,Low,Some concerns,Low,Some concerns,2023,psilocybin,mannitol,0.215 mg/kg,NA,psilocybin group,placebo group,1,15.049999999999999,NA,8,1.14,36.8,63.4,mdd,mdd,parallel,double-blind,10.1016/j.eclinm.2022.101809,NCT03715127,"von Rotz, R., Schindowski, E. M., Jungwirth, J., Schuldt, A., Rieser, N. M., Zahoranszky, K., Seifritz, E., Nowak, A., Nowak, P., Jäncke, L., Preller, K. H., & Vollenweider, F. X. (2023). Single-dose psilocybin-assisted therapy in major depressive disorder: A placebo-controlled, double-blind, randomised clinical trial. eClinicalMedicine, 56. https://doi.org/10.1016/j.eclinm.2022.101809"
von Rotz 2023,psil,pcb,NA,NA,msd,madrs,clinician,depression,1,Post-first dose 3,Day 14,14,2.0,1,NA,26.0,11.162,9.769721388043775,26.0,20.696,10.23883118329431,NA,NA,NA,NA,NA,NA,NA,NA,NA,NA,24.118,5.114316572133562,26.0,24.528,6.746002816483253,26.0,Low,Low,Low,Some concerns,Low,Some concerns,2023,psilocybin,mannitol,0.215 mg/kg,NA,psilocybin group,placebo group,1,15.049999999999999,NA,14,2.0,36.8,63.4,mdd,mdd,parallel,double-blind,10.1016/j.eclinm.2022.101809,NCT03715127,"von Rotz, R., Schindowski, E. M., Jungwirth, J., Schuldt, A., Rieser, N. M., Zahoranszky, K., Seifritz, E., Nowak, A., Nowak, P., Jäncke, L., Preller, K. H., & Vollenweider, F. X. (2023). Single-dose psilocybin-assisted therapy in major depressive disorder: A placebo-controlled, double-blind, randomised clinical trial. eClinicalMedicine, 56. https://doi.org/10.1016/j.eclinm.2022.101809"
von Rotz 2023,psil,pcb,NA,NA,msd,cgi,NA,NA,0,Post-first dose 3,Day 14,14,2.0,1,NA,26.0,3.88,1.4,26.0,5.19,1.36,NA,NA,NA,NA,NA,NA,NA,NA,NA,NA,5.5,0.58,26.0,5.65,0.89,25.0,Low,Low,Low,Some concerns,Low,Some concerns,2023,psilocybin,mannitol,0.215 mg/kg,NA,psilocybin group,placebo group,1,15.049999999999999,NA,14,2.0,36.8,63.4,mdd,mdd,parallel,double-blind,10.1016/j.eclinm.2022.101809,NCT03715127,"von Rotz, R., Schindowski, E. M., Jungwirth, J., Schuldt, A., Rieser, N. M., Zahoranszky, K., Seifritz, E., Nowak, A., Nowak, P., Jäncke, L., Preller, K. H., & Vollenweider, F. X. (2023). Single-dose psilocybin-assisted therapy in major depressive disorder: A placebo-controlled, double-blind, randomised clinical trial. eClinicalMedicine, 56. https://doi.org/10.1016/j.eclinm.2022.101809"
von Rotz 2023,psil,pcb,NA,NA,msd,scl-90-r-gsi,self-report,psychological distress,0,Post-first dose 3,Day 14,14,2.0,1,NA,25.0,0.5,0.33,25.0,0.8,0.49,NA,NA,NA,NA,NA,NA,NA,NA,NA,NA,0.87,0.33,25.0,0.93,0.44,25.0,Low,Low,Low,Some concerns,Low,Some concerns,2023,psilocybin,mannitol,0.215 mg/kg,NA,psilocybin group,placebo group,1,15.049999999999999,NA,14,2.0,36.8,63.4,mdd,mdd,parallel,double-blind,10.1016/j.eclinm.2022.101809,NCT03715127,"von Rotz, R., Schindowski, E. M., Jungwirth, J., Schuldt, A., Rieser, N. M., Zahoranszky, K., Seifritz, E., Nowak, A., Nowak, P., Jäncke, L., Preller, K. H., & Vollenweider, F. X. (2023). Single-dose psilocybin-assisted therapy in major depressive disorder: A placebo-controlled, double-blind, randomised clinical trial. eClinicalMedicine, 56. https://doi.org/10.1016/j.eclinm.2022.101809"
von Rotz 2023,psil,pcb,NA,NA,response,madrs,clinician,depression,1,Post-first dose 3,Day 14,14,2.0,1,NA,NA,NA,NA,NA,NA,NA,NA,NA,NA,NA,NA,NA,15.0,26.0,4.0,26.0,24.118,5.114316572133562,26.0,24.528,6.746002816483253,26.0,Low,Low,Low,Some concerns,Low,Some concerns,2023,psilocybin,mannitol,0.215 mg/kg,NA,psilocybin group,placebo group,1,15.049999999999999,NA,14,2.0,36.8,63.4,mdd,mdd,parallel,double-blind,10.1016/j.eclinm.2022.101809,NCT03715127,"von Rotz, R., Schindowski, E. M., Jungwirth, J., Schuldt, A., Rieser, N. M., Zahoranszky, K., Seifritz, E., Nowak, A., Nowak, P., Jäncke, L., Preller, K. H., & Vollenweider, F. X. (2023). Single-dose psilocybin-assisted therapy in major depressive disorder: A placebo-controlled, double-blind, randomised clinical trial. eClinicalMedicine, 56. https://doi.org/10.1016/j.eclinm.2022.101809"
von Rotz 2023,psil,pcb,NA,NA,remission,madrs,clinician,depression,1,Post-first dose 3,Day 14,14,2.0,1,NA,NA,NA,NA,NA,NA,NA,NA,NA,NA,NA,NA,NA,14.0,26.0,3.0,26.0,24.118,5.114316572133562,26.0,24.528,6.746002816483253,26.0,Low,Low,Low,Some concerns,Low,Some concerns,2023,psilocybin,mannitol,0.215 mg/kg,NA,psilocybin group,placebo group,1,15.049999999999999,NA,14,2.0,36.8,63.4,mdd,mdd,parallel,double-blind,10.1016/j.eclinm.2022.101809,NCT03715127,"von Rotz, R., Schindowski, E. M., Jungwirth, J., Schuldt, A., Rieser, N. M., Zahoranszky, K., Seifritz, E., Nowak, A., Nowak, P., Jäncke, L., Preller, K. H., & Vollenweider, F. X. (2023). Single-dose psilocybin-assisted therapy in major depressive disorder: A placebo-controlled, double-blind, randomised clinical trial. eClinicalMedicine, 56. https://doi.org/10.1016/j.eclinm.2022.101809"
von Rotz 2023,psil,pcb,NA,NA,response,bdi,self-report,depression,0,Post-first dose 3,Day 14,14,2.0,1,NA,NA,NA,NA,NA,NA,NA,NA,NA,NA,NA,NA,NA,14.0,26.0,3.0,26.0,26.541,6.317685177341461,26.0,25.9,10.024672363723415,26.0,Low,Low,Low,Some concerns,Low,Some concerns,2023,psilocybin,mannitol,0.215 mg/kg,NA,psilocybin group,placebo group,1,15.049999999999999,NA,14,2.0,36.8,63.4,mdd,mdd,parallel,double-blind,10.1016/j.eclinm.2022.101809,NCT03715127,"von Rotz, R., Schindowski, E. M., Jungwirth, J., Schuldt, A., Rieser, N. M., Zahoranszky, K., Seifritz, E., Nowak, A., Nowak, P., Jäncke, L., Preller, K. H., & Vollenweider, F. X. (2023). Single-dose psilocybin-assisted therapy in major depressive disorder: A placebo-controlled, double-blind, randomised clinical trial. eClinicalMedicine, 56. https://doi.org/10.1016/j.eclinm.2022.101809"
von Rotz 2023,psil,pcb,NA,NA,remission,bdi,self-report,depression,0,Post-first dose 3,Day 14,14,2.0,1,NA,NA,NA,NA,NA,NA,NA,NA,NA,NA,NA,NA,NA,12.0,26.0,3.0,26.0,26.541,6.317685177341461,26.0,25.9,10.024672363723415,26.0,Low,Low,Low,Some concerns,Low,Some concerns,2023,psilocybin,mannitol,0.215 mg/kg,NA,psilocybin group,placebo group,1,15.049999999999999,NA,14,2.0,36.8,63.4,mdd,mdd,parallel,double-blind,10.1016/j.eclinm.2022.101809,NCT03715127,"von Rotz, R., Schindowski, E. M., Jungwirth, J., Schuldt, A., Rieser, N. M., Zahoranszky, K., Seifritz, E., Nowak, A., Nowak, P., Jäncke, L., Preller, K. H., & Vollenweider, F. X. (2023). Single-dose psilocybin-assisted therapy in major depressive disorder: A placebo-controlled, double-blind, randomised clinical trial. eClinicalMedicine, 56. https://doi.org/10.1016/j.eclinm.2022.101809"
Goodwin 2022,psil,psil,25 mg,10 mg,change,qids-sr,self-report,depression,0,Post-first dose 3,Week 3,21,3.0,1,NA,NA,NA,NA,NA,NA,NA,79.0,-6.3,5.895230991076665,75.0,-5.2,5.964970893413226,NA,NA,NA,NA,16.1,4.14,79.0,16.3,4.16,75.0,Low,Low,Low,Low,Low,Low,2022,psilocybin,psilocybin,25 mg,10 mg,25-mg group,10-mg group,1,25.0,10.0,20,2.86,40.4,55.5,trd,tr-mdd,parallel,double-blind,10.1056/NEJMoa2206443; https://doi.org/10.1016/j.jad.2023.01.108,NCT03775200,"Goodwin Guy M., Aaronson Scott T., Alvarez Oscar, Arden Peter C., Baker Annie, Bennett James C., Bird Catherine, Blom Renske E., Brennan Christine, Brusch Donna, Burke Lisa, Campbell-Coker Kete, Carhart-Harris Robin, Cattell Joseph, Daniel Aster, DeBattista Charles, Dunlop Boadie W., Eisen Katherine, Feifel David, … Malievskaia Ekaterina. (2022). Single-Dose Psilocybin for a Treatment-Resistant Episode of Major Depression. New England Journal of Medicine, 387(18), 1637–1648. https://doi.org/10.1056/NEJMoa2206443"
Goodwin 2022,psil,psil,25 mg,1 mg,change,qids-sr,self-report,depression,0,Post-first dose 3,Week 3,21,3.0,1,NA,NA,NA,NA,NA,NA,NA,79.0,-6.3,5.895230991076665,79.0,-3.6,6.121970644579615,NA,NA,NA,NA,16.1,4.14,79.0,15.8,3.96,79.0,Low,Low,Low,Low,Low,Low,2022,psilocybin,psilocybin,25 mg,1 mg,25-mg group,1-mg group,1,25.0,1.0,20,2.86,39.4,51.0,trd,tr-mdd,parallel,double-blind,10.1056/NEJMoa2206443; https://doi.org/10.1016/j.jad.2023.01.108,NCT03775200,"Goodwin Guy M., Aaronson Scott T., Alvarez Oscar, Arden Peter C., Baker Annie, Bennett James C., Bird Catherine, Blom Renske E., Brennan Christine, Brusch Donna, Burke Lisa, Campbell-Coker Kete, Carhart-Harris Robin, Cattell Joseph, Daniel Aster, DeBattista Charles, Dunlop Boadie W., Eisen Katherine, Feifel David, … Malievskaia Ekaterina. (2022). Single-Dose Psilocybin for a Treatment-Resistant Episode of Major Depression. New England Journal of Medicine, 387(18), 1637–1648. https://doi.org/10.1056/NEJMoa2206443"
Goodwin 2022,psil,psil,10 mg,1 mg,change,qids-sr,self-report,depression,0,Post-first dose 3,Week 3,21,3.0,1,NA,NA,NA,NA,NA,NA,NA,75.0,-5.2,5.964970893413226,79.0,-3.6,6.121970644579615,NA,NA,NA,NA,16.3,4.16,75.0,15.8,3.96,79.0,Low,Low,Low,Low,Low,Low,2022,psilocybin,psilocybin,10 mg,1 mg,10-mg group,1-mg group,1,10.0,1.0,20,2.86,39.6,50.4,trd,tr-mdd,parallel,double-blind,10.1056/NEJMoa2206443; https://doi.org/10.1016/j.jad.2023.01.108,NCT03775200,"Goodwin Guy M., Aaronson Scott T., Alvarez Oscar, Arden Peter C., Baker Annie, Bennett James C., Bird Catherine, Blom Renske E., Brennan Christine, Brusch Donna, Burke Lisa, Campbell-Coker Kete, Carhart-Harris Robin, Cattell Joseph, Daniel Aster, DeBattista Charles, Dunlop Boadie W., Eisen Katherine, Feifel David, … Malievskaia Ekaterina. (2022). Single-Dose Psilocybin for a Treatment-Resistant Episode of Major Depression. New England Journal of Medicine, 387(18), 1637–1648. https://doi.org/10.1056/NEJMoa2206443"
Goodwin 2022,psil,psil,25 mg,10 mg,change,qids-sr,self-report,depression,0,Post-first dose 6,Week 12,84,12.0,0,NA,NA,NA,NA,NA,NA,NA,79.0,-6.5,29.249415301880383,75.0,-5.5,7.069595132934194,NA,NA,NA,NA,16.1,4.14,79.0,16.3,4.16,75.0,Low,Low,Low,Low,Low,Low,2022,psilocybin,psilocybin,25 mg,10 mg,25-mg group,10-mg group,1,25.0,10.0,83,11.86,40.4,55.5,trd,tr-mdd,parallel,double-blind,10.1056/NEJMoa2206443; https://doi.org/10.1016/j.jad.2023.01.108,NCT03775200,"Goodwin Guy M., Aaronson Scott T., Alvarez Oscar, Arden Peter C., Baker Annie, Bennett James C., Bird Catherine, Blom Renske E., Brennan Christine, Brusch Donna, Burke Lisa, Campbell-Coker Kete, Carhart-Harris Robin, Cattell Joseph, Daniel Aster, DeBattista Charles, Dunlop Boadie W., Eisen Katherine, Feifel David, … Malievskaia Ekaterina. (2022). Single-Dose Psilocybin for a Treatment-Resistant Episode of Major Depression. New England Journal of Medicine, 387(18), 1637–1648. https://doi.org/10.1056/NEJMoa2206443"
Goodwin 2022,psil,psil,25 mg,1 mg,change,qids-sr,self-report,depression,0,Post-first dose 6,Week 12,84,12.0,0,NA,NA,NA,NA,NA,NA,NA,79.0,-6.5,29.249415301880383,79.0,-5.0,7.028929258591409,NA,NA,NA,NA,16.1,4.14,79.0,15.8,3.96,79.0,Low,Low,Low,Low,Low,Low,2022,psilocybin,psilocybin,25 mg,1 mg,25-mg group,1-mg group,1,25.0,1.0,83,11.86,39.4,51.0,trd,tr-mdd,parallel,double-blind,10.1056/NEJMoa2206443; https://doi.org/10.1016/j.jad.2023.01.108,NCT03775200,"Goodwin Guy M., Aaronson Scott T., Alvarez Oscar, Arden Peter C., Baker Annie, Bennett James C., Bird Catherine, Blom Renske E., Brennan Christine, Brusch Donna, Burke Lisa, Campbell-Coker Kete, Carhart-Harris Robin, Cattell Joseph, Daniel Aster, DeBattista Charles, Dunlop Boadie W., Eisen Katherine, Feifel David, … Malievskaia Ekaterina. (2022). Single-Dose Psilocybin for a Treatment-Resistant Episode of Major Depression. New England Journal of Medicine, 387(18), 1637–1648. https://doi.org/10.1056/NEJMoa2206443"
Goodwin 2022,psil,psil,10 mg,1 mg,change,qids-sr,self-report,depression,0,Post-first dose 6,Week 12,84,12.0,0,NA,NA,NA,NA,NA,NA,NA,75.0,-5.5,7.069595132934194,79.0,-5.0,7.028929258591409,NA,NA,NA,NA,16.3,4.16,75.0,15.8,3.96,79.0,Low,Low,Low,Low,Low,Low,2022,psilocybin,psilocybin,10 mg,1 mg,10-mg group,1-mg group,1,10.0,1.0,83,11.86,39.6,50.4,trd,tr-mdd,parallel,double-blind,10.1056/NEJMoa2206443; https://doi.org/10.1016/j.jad.2023.01.108,NCT03775200,"Goodwin Guy M., Aaronson Scott T., Alvarez Oscar, Arden Peter C., Baker Annie, Bennett James C., Bird Catherine, Blom Renske E., Brennan Christine, Brusch Donna, Burke Lisa, Campbell-Coker Kete, Carhart-Harris Robin, Cattell Joseph, Daniel Aster, DeBattista Charles, Dunlop Boadie W., Eisen Katherine, Feifel David, … Malievskaia Ekaterina. (2022). Single-Dose Psilocybin for a Treatment-Resistant Episode of Major Depression. New England Journal of Medicine, 387(18), 1637–1648. https://doi.org/10.1056/NEJMoa2206443"
Goodwin 2022,psil,psil,25 mg,10 mg,change,madrs,clinician,depression,1,Post-first dose 1,Day 2,2,0.29,0,NA,NA,NA,NA,NA,NA,NA,79.0,-15.026,12.052391629879939,75.0,-11.986,12.23693895547412,NA,NA,NA,NA,31.9,5.41,79.0,33.0,6.31,75.0,Low,Low,Low,Low,Low,Low,2022,psilocybin,psilocybin,25 mg,10 mg,25-mg group,10-mg group,1,25.0,10.0,1,0.15,40.4,55.5,trd,tr-mdd,parallel,double-blind,10.1056/NEJMoa2206443; https://doi.org/10.1016/j.jad.2023.01.108,NCT03775200,"Goodwin Guy M., Aaronson Scott T., Alvarez Oscar, Arden Peter C., Baker Annie, Bennett James C., Bird Catherine, Blom Renske E., Brennan Christine, Brusch Donna, Burke Lisa, Campbell-Coker Kete, Carhart-Harris Robin, Cattell Joseph, Daniel Aster, DeBattista Charles, Dunlop Boadie W., Eisen Katherine, Feifel David, … Malievskaia Ekaterina. (2022). Single-Dose Psilocybin for a Treatment-Resistant Episode of Major Depression. New England Journal of Medicine, 387(18), 1637–1648. https://doi.org/10.1056/NEJMoa2206443"
Goodwin 2022,psil,psil,25 mg,1 mg,change,madrs,clinician,depression,1,Post-first dose 1,Day 2,2,0.29,0,NA,NA,NA,NA,NA,NA,NA,79.0,-15.026,12.052391629879939,79.0,-9.078,12.052391629879939,NA,NA,NA,NA,31.9,5.41,79.0,32.7,6.24,79.0,Low,Low,Low,Low,Low,Low,2022,psilocybin,psilocybin,25 mg,1 mg,25-mg group,1-mg group,1,25.0,1.0,1,0.15,39.4,51.0,trd,tr-mdd,parallel,double-blind,10.1056/NEJMoa2206443; https://doi.org/10.1016/j.jad.2023.01.108,NCT03775200,"Goodwin Guy M., Aaronson Scott T., Alvarez Oscar, Arden Peter C., Baker Annie, Bennett James C., Bird Catherine, Blom Renske E., Brennan Christine, Brusch Donna, Burke Lisa, Campbell-Coker Kete, Carhart-Harris Robin, Cattell Joseph, Daniel Aster, DeBattista Charles, Dunlop Boadie W., Eisen Katherine, Feifel David, … Malievskaia Ekaterina. (2022). Single-Dose Psilocybin for a Treatment-Resistant Episode of Major Depression. New England Journal of Medicine, 387(18), 1637–1648. https://doi.org/10.1056/NEJMoa2206443"
Goodwin 2022,psil,psil,10 mg,1 mg,change,madrs,clinician,depression,1,Post-first dose 1,Day 2,2,0.29,0,NA,NA,NA,NA,NA,NA,NA,75.0,-11.986,12.23693895547412,79.0,-9.078,12.052391629879939,NA,NA,NA,NA,33.0,6.31,75.0,32.7,6.24,79.0,Low,Low,Low,Low,Low,Low,2022,psilocybin,psilocybin,10 mg,1 mg,10-mg group,1-mg group,1,10.0,1.0,1,0.15,39.6,50.4,trd,tr-mdd,parallel,double-blind,10.1056/NEJMoa2206443; https://doi.org/10.1016/j.jad.2023.01.108,NCT03775200,"Goodwin Guy M., Aaronson Scott T., Alvarez Oscar, Arden Peter C., Baker Annie, Bennett James C., Bird Catherine, Blom Renske E., Brennan Christine, Brusch Donna, Burke Lisa, Campbell-Coker Kete, Carhart-Harris Robin, Cattell Joseph, Daniel Aster, DeBattista Charles, Dunlop Boadie W., Eisen Katherine, Feifel David, … Malievskaia Ekaterina. (2022). Single-Dose Psilocybin for a Treatment-Resistant Episode of Major Depression. New England Journal of Medicine, 387(18), 1637–1648. https://doi.org/10.1056/NEJMoa2206443"
Goodwin 2022,psil,psil,25 mg,10 mg,change,madrs,clinician,depression,1,Post-first dose 2,Week 1,7,1.0,0,NA,NA,NA,NA,NA,NA,NA,79.0,-13.043,11.128019410479117,75.0,-8.796,11.777945491468367,NA,NA,NA,NA,31.9,5.41,79.0,33.0,6.31,75.0,Low,Low,Low,Low,Low,Low,2022,psilocybin,psilocybin,25 mg,10 mg,25-mg group,10-mg group,1,25.0,10.0,6,0.86,40.4,55.5,trd,tr-mdd,parallel,double-blind,10.1056/NEJMoa2206443; https://doi.org/10.1016/j.jad.2023.01.108,NCT03775200,"Goodwin Guy M., Aaronson Scott T., Alvarez Oscar, Arden Peter C., Baker Annie, Bennett James C., Bird Catherine, Blom Renske E., Brennan Christine, Brusch Donna, Burke Lisa, Campbell-Coker Kete, Carhart-Harris Robin, Cattell Joseph, Daniel Aster, DeBattista Charles, Dunlop Boadie W., Eisen Katherine, Feifel David, … Malievskaia Ekaterina. (2022). Single-Dose Psilocybin for a Treatment-Resistant Episode of Major Depression. New England Journal of Medicine, 387(18), 1637–1648. https://doi.org/10.1056/NEJMoa2206443"
Goodwin 2022,psil,psil,25 mg,1 mg,change,madrs,clinician,depression,1,Post-first dose 2,Week 1,7,1.0,0,NA,NA,NA,NA,NA,NA,NA,79.0,-13.043,11.128019410479117,79.0,-6.887,11.590205520179529,NA,NA,NA,NA,31.9,5.41,79.0,32.7,6.24,79.0,Low,Low,Low,Low,Low,Low,2022,psilocybin,psilocybin,25 mg,1 mg,25-mg group,1-mg group,1,25.0,1.0,6,0.86,39.4,51.0,trd,tr-mdd,parallel,double-blind,10.1056/NEJMoa2206443; https://doi.org/10.1016/j.jad.2023.01.108,NCT03775200,"Goodwin Guy M., Aaronson Scott T., Alvarez Oscar, Arden Peter C., Baker Annie, Bennett James C., Bird Catherine, Blom Renske E., Brennan Christine, Brusch Donna, Burke Lisa, Campbell-Coker Kete, Carhart-Harris Robin, Cattell Joseph, Daniel Aster, DeBattista Charles, Dunlop Boadie W., Eisen Katherine, Feifel David, … Malievskaia Ekaterina. (2022). Single-Dose Psilocybin for a Treatment-Resistant Episode of Major Depression. New England Journal of Medicine, 387(18), 1637–1648. https://doi.org/10.1056/NEJMoa2206443"
Goodwin 2022,psil,psil,10 mg,1 mg,change,madrs,clinician,depression,1,Post-first dose 2,Week 1,7,1.0,0,NA,NA,NA,NA,NA,NA,NA,75.0,-8.796,11.777945491468367,79.0,-6.887,11.590205520179529,NA,NA,NA,NA,33.0,6.31,75.0,32.7,6.24,79.0,Low,Low,Low,Low,Low,Low,2022,psilocybin,psilocybin,10 mg,1 mg,10-mg group,1-mg group,1,10.0,1.0,6,0.86,39.6,50.4,trd,tr-mdd,parallel,double-blind,10.1056/NEJMoa2206443; https://doi.org/10.1016/j.jad.2023.01.108,NCT03775200,"Goodwin Guy M., Aaronson Scott T., Alvarez Oscar, Arden Peter C., Baker Annie, Bennett James C., Bird Catherine, Blom Renske E., Brennan Christine, Brusch Donna, Burke Lisa, Campbell-Coker Kete, Carhart-Harris Robin, Cattell Joseph, Daniel Aster, DeBattista Charles, Dunlop Boadie W., Eisen Katherine, Feifel David, … Malievskaia Ekaterina. (2022). Single-Dose Psilocybin for a Treatment-Resistant Episode of Major Depression. New England Journal of Medicine, 387(18), 1637–1648. https://doi.org/10.1056/NEJMoa2206443"
Goodwin 2022,psil,psil,25 mg,10 mg,change,madrs,clinician,depression,1,Post-first dose 3,Week 3,21,3.0,1,NA,NA,NA,NA,NA,NA,NA,79.0,-12.0,12.017201635656278,75.0,-7.9,11.92994178682645,NA,NA,NA,NA,31.9,5.41,79.0,33.0,6.31,75.0,Low,Low,Low,Low,Low,Low,2022,psilocybin,psilocybin,25 mg,10 mg,25-mg group,10-mg group,1,25.0,10.0,20,2.86,40.4,55.5,trd,tr-mdd,parallel,double-blind,10.1056/NEJMoa2206443; https://doi.org/10.1016/j.jad.2023.01.108,NCT03775200,"Goodwin Guy M., Aaronson Scott T., Alvarez Oscar, Arden Peter C., Baker Annie, Bennett James C., Bird Catherine, Blom Renske E., Brennan Christine, Brusch Donna, Burke Lisa, Campbell-Coker Kete, Carhart-Harris Robin, Cattell Joseph, Daniel Aster, DeBattista Charles, Dunlop Boadie W., Eisen Katherine, Feifel David, … Malievskaia Ekaterina. (2022). Single-Dose Psilocybin for a Treatment-Resistant Episode of Major Depression. New England Journal of Medicine, 387(18), 1637–1648. https://doi.org/10.1056/NEJMoa2206443"
Goodwin 2022,psil,psil,25 mg,1 mg,change,madrs,clinician,depression,1,Post-first dose 3,Week 3,21,3.0,1,NA,NA,NA,NA,NA,NA,NA,79.0,-12.0,12.017201635656278,79.0,-5.4,12.243941289159228,NA,NA,NA,NA,31.9,5.41,79.0,32.7,6.24,79.0,Low,Low,Low,Low,Low,Low,2022,psilocybin,psilocybin,25 mg,1 mg,25-mg group,1-mg group,1,25.0,1.0,20,2.86,39.4,51.0,trd,tr-mdd,parallel,double-blind,10.1056/NEJMoa2206443; https://doi.org/10.1016/j.jad.2023.01.108,NCT03775200,"Goodwin Guy M., Aaronson Scott T., Alvarez Oscar, Arden Peter C., Baker Annie, Bennett James C., Bird Catherine, Blom Renske E., Brennan Christine, Brusch Donna, Burke Lisa, Campbell-Coker Kete, Carhart-Harris Robin, Cattell Joseph, Daniel Aster, DeBattista Charles, Dunlop Boadie W., Eisen Katherine, Feifel David, … Malievskaia Ekaterina. (2022). Single-Dose Psilocybin for a Treatment-Resistant Episode of Major Depression. New England Journal of Medicine, 387(18), 1637–1648. https://doi.org/10.1056/NEJMoa2206443"
Goodwin 2022,psil,psil,10 mg,1 mg,change,madrs,clinician,depression,1,Post-first dose 3,Week 3,21,3.0,1,NA,NA,NA,NA,NA,NA,NA,75.0,-7.9,11.92994178682645,79.0,-5.4,12.243941289159228,NA,NA,NA,NA,33.0,6.31,75.0,32.7,6.24,79.0,Low,Low,Low,Low,Low,Low,2022,psilocybin,psilocybin,10 mg,1 mg,10-mg group,1-mg group,1,10.0,1.0,20,2.86,39.6,50.4,trd,tr-mdd,parallel,double-blind,10.1056/NEJMoa2206443; https://doi.org/10.1016/j.jad.2023.01.108,NCT03775200,"Goodwin Guy M., Aaronson Scott T., Alvarez Oscar, Arden Peter C., Baker Annie, Bennett James C., Bird Catherine, Blom Renske E., Brennan Christine, Brusch Donna, Burke Lisa, Campbell-Coker Kete, Carhart-Harris Robin, Cattell Joseph, Daniel Aster, DeBattista Charles, Dunlop Boadie W., Eisen Katherine, Feifel David, … Malievskaia Ekaterina. (2022). Single-Dose Psilocybin for a Treatment-Resistant Episode of Major Depression. New England Journal of Medicine, 387(18), 1637–1648. https://doi.org/10.1056/NEJMoa2206443"
Goodwin 2022,psil,psil,25 mg,10 mg,change,madrs,clinician,depression,1,Post-first dose 4,Week 6,42,6.0,0,NA,NA,NA,NA,NA,NA,NA,79.0,-11.53,13.447838153398484,75.0,-5.991,13.587938585377843,NA,NA,NA,NA,31.9,5.41,79.0,33.0,6.31,75.0,Low,Low,Low,Low,Low,Low,2022,psilocybin,psilocybin,25 mg,10 mg,25-mg group,10-mg group,1,25.0,10.0,41,5.86,40.4,55.5,trd,tr-mdd,parallel,double-blind,10.1056/NEJMoa2206443; https://doi.org/10.1016/j.jad.2023.01.108,NCT03775200,"Goodwin Guy M., Aaronson Scott T., Alvarez Oscar, Arden Peter C., Baker Annie, Bennett James C., Bird Catherine, Blom Renske E., Brennan Christine, Brusch Donna, Burke Lisa, Campbell-Coker Kete, Carhart-Harris Robin, Cattell Joseph, Daniel Aster, DeBattista Charles, Dunlop Boadie W., Eisen Katherine, Feifel David, … Malievskaia Ekaterina. (2022). Single-Dose Psilocybin for a Treatment-Resistant Episode of Major Depression. New England Journal of Medicine, 387(18), 1637–1648. https://doi.org/10.1056/NEJMoa2206443"
Goodwin 2022,psil,psil,25 mg,1 mg,change,madrs,clinician,depression,1,Post-first dose 4,Week 6,42,6.0,0,NA,NA,NA,NA,NA,NA,NA,79.0,-11.53,13.447838153398484,79.0,-6.261,12.985652043698076,NA,NA,NA,NA,31.9,5.41,79.0,32.7,6.24,79.0,Low,Low,Low,Low,Low,Low,2022,psilocybin,psilocybin,25 mg,1 mg,25-mg group,1-mg group,1,25.0,1.0,41,5.86,39.4,51.0,trd,tr-mdd,parallel,double-blind,10.1056/NEJMoa2206443; https://doi.org/10.1016/j.jad.2023.01.108,NCT03775200,"Goodwin Guy M., Aaronson Scott T., Alvarez Oscar, Arden Peter C., Baker Annie, Bennett James C., Bird Catherine, Blom Renske E., Brennan Christine, Brusch Donna, Burke Lisa, Campbell-Coker Kete, Carhart-Harris Robin, Cattell Joseph, Daniel Aster, DeBattista Charles, Dunlop Boadie W., Eisen Katherine, Feifel David, … Malievskaia Ekaterina. (2022). Single-Dose Psilocybin for a Treatment-Resistant Episode of Major Depression. New England Journal of Medicine, 387(18), 1637–1648. https://doi.org/10.1056/NEJMoa2206443"
Goodwin 2022,psil,psil,10 mg,1 mg,change,madrs,clinician,depression,1,Post-first dose 4,Week 6,42,6.0,0,NA,NA,NA,NA,NA,NA,NA,75.0,-5.991,13.587938585377843,79.0,-6.261,12.985652043698076,NA,NA,NA,NA,33.0,6.31,75.0,32.7,6.24,79.0,Low,Low,Low,Low,Low,Low,2022,psilocybin,psilocybin,10 mg,1 mg,10-mg group,1-mg group,1,10.0,1.0,41,5.86,39.6,50.4,trd,tr-mdd,parallel,double-blind,10.1056/NEJMoa2206443; https://doi.org/10.1016/j.jad.2023.01.108,NCT03775200,"Goodwin Guy M., Aaronson Scott T., Alvarez Oscar, Arden Peter C., Baker Annie, Bennett James C., Bird Catherine, Blom Renske E., Brennan Christine, Brusch Donna, Burke Lisa, Campbell-Coker Kete, Carhart-Harris Robin, Cattell Joseph, Daniel Aster, DeBattista Charles, Dunlop Boadie W., Eisen Katherine, Feifel David, … Malievskaia Ekaterina. (2022). Single-Dose Psilocybin for a Treatment-Resistant Episode of Major Depression. New England Journal of Medicine, 387(18), 1637–1648. https://doi.org/10.1056/NEJMoa2206443"
Goodwin 2022,psil,psil,25 mg,10 mg,change,madrs,clinician,depression,1,Post-first dose 5,Week 9,63,9.0,0,NA,NA,NA,NA,NA,NA,NA,79.0,-9.339,14.372210372799307,75.0,-6.109,14.497265259351504,NA,NA,NA,NA,31.9,5.41,79.0,33.0,6.31,75.0,Low,Low,Low,Low,Low,Low,2022,psilocybin,psilocybin,25 mg,10 mg,25-mg group,10-mg group,1,25.0,10.0,62,8.86,40.4,55.5,trd,tr-mdd,parallel,double-blind,10.1056/NEJMoa2206443; https://doi.org/10.1016/j.jad.2023.01.108,NCT03775200,"Goodwin Guy M., Aaronson Scott T., Alvarez Oscar, Arden Peter C., Baker Annie, Bennett James C., Bird Catherine, Blom Renske E., Brennan Christine, Brusch Donna, Burke Lisa, Campbell-Coker Kete, Carhart-Harris Robin, Cattell Joseph, Daniel Aster, DeBattista Charles, Dunlop Boadie W., Eisen Katherine, Feifel David, … Malievskaia Ekaterina. (2022). Single-Dose Psilocybin for a Treatment-Resistant Episode of Major Depression. New England Journal of Medicine, 387(18), 1637–1648. https://doi.org/10.1056/NEJMoa2206443"
Goodwin 2022,psil,psil,25 mg,1 mg,change,madrs,clinician,depression,1,Post-first dose 5,Week 9,63,9.0,0,NA,NA,NA,NA,NA,NA,NA,79.0,-9.339,14.372210372799307,79.0,-5.322,14.381098567216624,NA,NA,NA,NA,31.9,5.41,79.0,32.7,6.24,79.0,Low,Low,Low,Low,Low,Low,2022,psilocybin,psilocybin,25 mg,1 mg,25-mg group,1-mg group,1,25.0,1.0,62,8.86,39.4,51.0,trd,tr-mdd,parallel,double-blind,10.1056/NEJMoa2206443; https://doi.org/10.1016/j.jad.2023.01.108,NCT03775200,"Goodwin Guy M., Aaronson Scott T., Alvarez Oscar, Arden Peter C., Baker Annie, Bennett James C., Bird Catherine, Blom Renske E., Brennan Christine, Brusch Donna, Burke Lisa, Campbell-Coker Kete, Carhart-Harris Robin, Cattell Joseph, Daniel Aster, DeBattista Charles, Dunlop Boadie W., Eisen Katherine, Feifel David, … Malievskaia Ekaterina. (2022). Single-Dose Psilocybin for a Treatment-Resistant Episode of Major Depression. New England Journal of Medicine, 387(18), 1637–1648. https://doi.org/10.1056/NEJMoa2206443"
Goodwin 2022,psil,psil,10 mg,1 mg,change,madrs,clinician,depression,1,Post-first dose 5,Week 9,63,9.0,0,NA,NA,NA,NA,NA,NA,NA,75.0,-6.109,14.497265259351504,79.0,-5.322,14.381098567216624,NA,NA,NA,NA,33.0,6.31,75.0,32.7,6.24,79.0,Low,Low,Low,Low,Low,Low,2022,psilocybin,psilocybin,10 mg,1 mg,10-mg group,1-mg group,1,10.0,1.0,62,8.86,39.6,50.4,trd,tr-mdd,parallel,double-blind,10.1056/NEJMoa2206443; https://doi.org/10.1016/j.jad.2023.01.108,NCT03775200,"Goodwin Guy M., Aaronson Scott T., Alvarez Oscar, Arden Peter C., Baker Annie, Bennett James C., Bird Catherine, Blom Renske E., Brennan Christine, Brusch Donna, Burke Lisa, Campbell-Coker Kete, Carhart-Harris Robin, Cattell Joseph, Daniel Aster, DeBattista Charles, Dunlop Boadie W., Eisen Katherine, Feifel David, … Malievskaia Ekaterina. (2022). Single-Dose Psilocybin for a Treatment-Resistant Episode of Major Depression. New England Journal of Medicine, 387(18), 1637–1648. https://doi.org/10.1056/NEJMoa2206443"
Goodwin 2022,psil,psil,25 mg,10 mg,change,madrs,clinician,depression,1,Post-first dose 6,Week 12,84,12.0,0,NA,NA,NA,NA,NA,NA,NA,79.0,-9.496,14.381098567216624,75.0,-5.651,14.046932049383598,NA,NA,NA,NA,31.9,5.41,79.0,33.0,6.31,75.0,Low,Low,Low,Low,Low,Low,2022,psilocybin,psilocybin,25 mg,10 mg,25-mg group,10-mg group,1,25.0,10.0,83,11.86,40.4,55.5,trd,tr-mdd,parallel,double-blind,10.1056/NEJMoa2206443; https://doi.org/10.1016/j.jad.2023.01.108,NCT03775200,"Goodwin Guy M., Aaronson Scott T., Alvarez Oscar, Arden Peter C., Baker Annie, Bennett James C., Bird Catherine, Blom Renske E., Brennan Christine, Brusch Donna, Burke Lisa, Campbell-Coker Kete, Carhart-Harris Robin, Cattell Joseph, Daniel Aster, DeBattista Charles, Dunlop Boadie W., Eisen Katherine, Feifel David, … Malievskaia Ekaterina. (2022). Single-Dose Psilocybin for a Treatment-Resistant Episode of Major Depression. New England Journal of Medicine, 387(18), 1637–1648. https://doi.org/10.1056/NEJMoa2206443"
Goodwin 2022,psil,psil,25 mg,1 mg,change,madrs,clinician,depression,1,Post-first dose 6,Week 12,84,12.0,0,NA,NA,NA,NA,NA,NA,NA,79.0,-9.496,14.381098567216624,79.0,-6.0,14.843284676917033,NA,NA,NA,NA,31.9,5.41,79.0,32.7,6.24,79.0,Low,Low,Low,Low,Low,Low,2022,psilocybin,psilocybin,25 mg,1 mg,25-mg group,1-mg group,1,25.0,1.0,83,11.86,39.4,51.0,trd,tr-mdd,parallel,double-blind,10.1056/NEJMoa2206443; https://doi.org/10.1016/j.jad.2023.01.108,NCT03775200,"Goodwin Guy M., Aaronson Scott T., Alvarez Oscar, Arden Peter C., Baker Annie, Bennett James C., Bird Catherine, Blom Renske E., Brennan Christine, Brusch Donna, Burke Lisa, Campbell-Coker Kete, Carhart-Harris Robin, Cattell Joseph, Daniel Aster, DeBattista Charles, Dunlop Boadie W., Eisen Katherine, Feifel David, … Malievskaia Ekaterina. (2022). Single-Dose Psilocybin for a Treatment-Resistant Episode of Major Depression. New England Journal of Medicine, 387(18), 1637–1648. https://doi.org/10.1056/NEJMoa2206443"
Goodwin 2022,psil,psil,10 mg,1 mg,change,madrs,clinician,depression,1,Post-first dose 6,Week 12,84,12.0,0,NA,NA,NA,NA,NA,NA,NA,75.0,-5.651,14.046932049383598,79.0,-6.0,14.843284676917033,NA,NA,NA,NA,33.0,6.31,75.0,32.7,6.24,79.0,Low,Low,Low,Low,Low,Low,2022,psilocybin,psilocybin,10 mg,1 mg,10-mg group,1-mg group,1,10.0,1.0,83,11.86,39.6,50.4,trd,tr-mdd,parallel,double-blind,10.1056/NEJMoa2206443; https://doi.org/10.1016/j.jad.2023.01.108,NCT03775200,"Goodwin Guy M., Aaronson Scott T., Alvarez Oscar, Arden Peter C., Baker Annie, Bennett James C., Bird Catherine, Blom Renske E., Brennan Christine, Brusch Donna, Burke Lisa, Campbell-Coker Kete, Carhart-Harris Robin, Cattell Joseph, Daniel Aster, DeBattista Charles, Dunlop Boadie W., Eisen Katherine, Feifel David, … Malievskaia Ekaterina. (2022). Single-Dose Psilocybin for a Treatment-Resistant Episode of Major Depression. New England Journal of Medicine, 387(18), 1637–1648. https://doi.org/10.1056/NEJMoa2206443"
Goodwin 2022,psil,psil,25 mg,10 mg,change,sds,self-report,functional impairment,0,Post-first dose 3,Week 3,21,3.0,1,NA,NA,NA,NA,NA,NA,NA,79.0,-8.8,9.296325793620898,75.0,-6.3,9.720693307784517,NA,NA,NA,NA,NA,NA,NA,NA,NA,NA,Low,Low,Low,Low,Low,Low,2022,psilocybin,psilocybin,25 mg,10 mg,25-mg group,10-mg group,1,25.0,10.0,20,2.86,40.4,55.5,trd,tr-mdd,parallel,double-blind,10.1056/NEJMoa2206443; https://doi.org/10.1016/j.jad.2023.01.108,NCT03775200,"Goodwin Guy M., Aaronson Scott T., Alvarez Oscar, Arden Peter C., Baker Annie, Bennett James C., Bird Catherine, Blom Renske E., Brennan Christine, Brusch Donna, Burke Lisa, Campbell-Coker Kete, Carhart-Harris Robin, Cattell Joseph, Daniel Aster, DeBattista Charles, Dunlop Boadie W., Eisen Katherine, Feifel David, … Malievskaia Ekaterina. (2022). Single-Dose Psilocybin for a Treatment-Resistant Episode of Major Depression. New England Journal of Medicine, 387(18), 1637–1648. https://doi.org/10.1056/NEJMoa2206443"
Goodwin 2022,psil,psil,25 mg,1 mg,change,sds,self-report,functional impairment,0,Post-first dose 3,Week 3,21,3.0,1,NA,NA,NA,NA,NA,NA,NA,79.0,-8.8,9.296325793620898,79.0,-2.3,10.656763714638588,NA,NA,NA,NA,NA,NA,NA,NA,NA,NA,Low,Low,Low,Low,Low,Low,2022,psilocybin,psilocybin,25 mg,1 mg,25-mg group,1-mg group,1,25.0,1.0,20,2.86,39.4,51.0,trd,tr-mdd,parallel,double-blind,10.1056/NEJMoa2206443; https://doi.org/10.1016/j.jad.2023.01.108,NCT03775200,"Goodwin Guy M., Aaronson Scott T., Alvarez Oscar, Arden Peter C., Baker Annie, Bennett James C., Bird Catherine, Blom Renske E., Brennan Christine, Brusch Donna, Burke Lisa, Campbell-Coker Kete, Carhart-Harris Robin, Cattell Joseph, Daniel Aster, DeBattista Charles, Dunlop Boadie W., Eisen Katherine, Feifel David, … Malievskaia Ekaterina. (2022). Single-Dose Psilocybin for a Treatment-Resistant Episode of Major Depression. New England Journal of Medicine, 387(18), 1637–1648. https://doi.org/10.1056/NEJMoa2206443"
Goodwin 2022,psil,psil,10 mg,1 mg,change,sds,self-report,functional impairment,0,Post-first dose 3,Week 3,21,3.0,1,NA,NA,NA,NA,NA,NA,NA,75.0,-6.3,9.720693307784517,79.0,-2.3,10.656763714638588,NA,NA,NA,NA,NA,NA,NA,NA,NA,NA,Low,Low,Low,Low,Low,Low,2022,psilocybin,psilocybin,10 mg,1 mg,10-mg group,1-mg group,1,10.0,1.0,20,2.86,39.6,50.4,trd,tr-mdd,parallel,double-blind,10.1056/NEJMoa2206443; https://doi.org/10.1016/j.jad.2023.01.108,NCT03775200,"Goodwin Guy M., Aaronson Scott T., Alvarez Oscar, Arden Peter C., Baker Annie, Bennett James C., Bird Catherine, Blom Renske E., Brennan Christine, Brusch Donna, Burke Lisa, Campbell-Coker Kete, Carhart-Harris Robin, Cattell Joseph, Daniel Aster, DeBattista Charles, Dunlop Boadie W., Eisen Katherine, Feifel David, … Malievskaia Ekaterina. (2022). Single-Dose Psilocybin for a Treatment-Resistant Episode of Major Depression. New England Journal of Medicine, 387(18), 1637–1648. https://doi.org/10.1056/NEJMoa2206443"
Goodwin 2022,psil,psil,25 mg,10 mg,change,sds,self-report,functional impairment,0,Post-first dose 6,Week 12,84,12.0,0,NA,NA,NA,NA,NA,NA,NA,79.0,-8.5,9.749805100626794,75.0,-6.2,10.162543003592903,NA,NA,NA,NA,NA,NA,NA,NA,NA,NA,Low,Low,Low,Low,Low,Low,2022,psilocybin,psilocybin,25 mg,10 mg,25-mg group,10-mg group,1,25.0,10.0,83,11.86,40.4,55.5,trd,tr-mdd,parallel,double-blind,10.1056/NEJMoa2206443; https://doi.org/10.1016/j.jad.2023.01.108,NCT03775200,"Goodwin Guy M., Aaronson Scott T., Alvarez Oscar, Arden Peter C., Baker Annie, Bennett James C., Bird Catherine, Blom Renske E., Brennan Christine, Brusch Donna, Burke Lisa, Campbell-Coker Kete, Carhart-Harris Robin, Cattell Joseph, Daniel Aster, DeBattista Charles, Dunlop Boadie W., Eisen Katherine, Feifel David, … Malievskaia Ekaterina. (2022). Single-Dose Psilocybin for a Treatment-Resistant Episode of Major Depression. New England Journal of Medicine, 387(18), 1637–1648. https://doi.org/10.1056/NEJMoa2206443"
Goodwin 2022,psil,psil,25 mg,1 mg,change,sds,self-report,functional impairment,0,Post-first dose 6,Week 12,84,12.0,0,NA,NA,NA,NA,NA,NA,NA,79.0,-8.5,9.749805100626794,79.0,-6.9,11.336982675147436,NA,NA,NA,NA,NA,NA,NA,NA,NA,NA,Low,Low,Low,Low,Low,Low,2022,psilocybin,psilocybin,25 mg,1 mg,25-mg group,1-mg group,1,25.0,1.0,83,11.86,39.4,51.0,trd,tr-mdd,parallel,double-blind,10.1056/NEJMoa2206443; https://doi.org/10.1016/j.jad.2023.01.108,NCT03775200,"Goodwin Guy M., Aaronson Scott T., Alvarez Oscar, Arden Peter C., Baker Annie, Bennett James C., Bird Catherine, Blom Renske E., Brennan Christine, Brusch Donna, Burke Lisa, Campbell-Coker Kete, Carhart-Harris Robin, Cattell Joseph, Daniel Aster, DeBattista Charles, Dunlop Boadie W., Eisen Katherine, Feifel David, … Malievskaia Ekaterina. (2022). Single-Dose Psilocybin for a Treatment-Resistant Episode of Major Depression. New England Journal of Medicine, 387(18), 1637–1648. https://doi.org/10.1056/NEJMoa2206443"
Goodwin 2022,psil,psil,10 mg,1 mg,change,sds,self-report,functional impairment,0,Post-first dose 6,Week 12,84,12.0,0,NA,NA,NA,NA,NA,NA,NA,75.0,-6.2,10.162543003592903,79.0,-6.9,11.336982675147436,NA,NA,NA,NA,NA,NA,NA,NA,NA,NA,Low,Low,Low,Low,Low,Low,2022,psilocybin,psilocybin,10 mg,1 mg,10-mg group,1-mg group,1,10.0,1.0,83,11.86,39.6,50.4,trd,tr-mdd,parallel,double-blind,10.1056/NEJMoa2206443; https://doi.org/10.1016/j.jad.2023.01.108,NCT03775200,"Goodwin Guy M., Aaronson Scott T., Alvarez Oscar, Arden Peter C., Baker Annie, Bennett James C., Bird Catherine, Blom Renske E., Brennan Christine, Brusch Donna, Burke Lisa, Campbell-Coker Kete, Carhart-Harris Robin, Cattell Joseph, Daniel Aster, DeBattista Charles, Dunlop Boadie W., Eisen Katherine, Feifel David, … Malievskaia Ekaterina. (2022). Single-Dose Psilocybin for a Treatment-Resistant Episode of Major Depression. New England Journal of Medicine, 387(18), 1637–1648. https://doi.org/10.1056/NEJMoa2206443"
Goodwin 2022,psil,psil,25 mg,10 mg,change,gad-7,self-report,anxiety,0,Post-first dose 3,Week 3,21,3.0,1,NA,NA,NA,NA,NA,NA,NA,79.0,-5.1,4.988272377064872,75.0,-3.8,5.081271501796452,NA,NA,NA,NA,NA,NA,NA,NA,NA,NA,Low,Low,Low,Low,Low,Low,2022,psilocybin,psilocybin,25 mg,10 mg,25-mg group,10-mg group,1,25.0,10.0,20,2.86,40.4,55.5,trd,tr-mdd,parallel,double-blind,10.1056/NEJMoa2206443; https://doi.org/10.1016/j.jad.2023.01.108,NCT03775200,"Goodwin Guy M., Aaronson Scott T., Alvarez Oscar, Arden Peter C., Baker Annie, Bennett James C., Bird Catherine, Blom Renske E., Brennan Christine, Brusch Donna, Burke Lisa, Campbell-Coker Kete, Carhart-Harris Robin, Cattell Joseph, Daniel Aster, DeBattista Charles, Dunlop Boadie W., Eisen Katherine, Feifel David, … Malievskaia Ekaterina. (2022). Single-Dose Psilocybin for a Treatment-Resistant Episode of Major Depression. New England Journal of Medicine, 387(18), 1637–1648. https://doi.org/10.1056/NEJMoa2206443"
Goodwin 2022,psil,psil,25 mg,1 mg,change,gad-7,self-report,anxiety,0,Post-first dose 3,Week 3,21,3.0,1,NA,NA,NA,NA,NA,NA,NA,79.0,-5.1,4.988272377064872,79.0,-3.3,5.441751684070769,NA,NA,NA,NA,NA,NA,NA,NA,NA,NA,Low,Low,Low,Low,Low,Low,2022,psilocybin,psilocybin,25 mg,1 mg,25-mg group,1-mg group,1,25.0,1.0,20,2.86,39.4,51.0,trd,tr-mdd,parallel,double-blind,10.1056/NEJMoa2206443; https://doi.org/10.1016/j.jad.2023.01.108,NCT03775200,"Goodwin Guy M., Aaronson Scott T., Alvarez Oscar, Arden Peter C., Baker Annie, Bennett James C., Bird Catherine, Blom Renske E., Brennan Christine, Brusch Donna, Burke Lisa, Campbell-Coker Kete, Carhart-Harris Robin, Cattell Joseph, Daniel Aster, DeBattista Charles, Dunlop Boadie W., Eisen Katherine, Feifel David, … Malievskaia Ekaterina. (2022). Single-Dose Psilocybin for a Treatment-Resistant Episode of Major Depression. New England Journal of Medicine, 387(18), 1637–1648. https://doi.org/10.1056/NEJMoa2206443"
Goodwin 2022,psil,psil,10 mg,1 mg,change,gad-7,self-report,anxiety,0,Post-first dose 3,Week 3,21,3.0,1,NA,NA,NA,NA,NA,NA,NA,75.0,-3.8,5.081271501796452,79.0,-3.3,5.441751684070769,NA,NA,NA,NA,NA,NA,NA,NA,NA,NA,Low,Low,Low,Low,Low,Low,2022,psilocybin,psilocybin,10 mg,1 mg,10-mg group,1-mg group,1,10.0,1.0,20,2.86,39.6,50.4,trd,tr-mdd,parallel,double-blind,10.1056/NEJMoa2206443; https://doi.org/10.1016/j.jad.2023.01.108,NCT03775200,"Goodwin Guy M., Aaronson Scott T., Alvarez Oscar, Arden Peter C., Baker Annie, Bennett James C., Bird Catherine, Blom Renske E., Brennan Christine, Brusch Donna, Burke Lisa, Campbell-Coker Kete, Carhart-Harris Robin, Cattell Joseph, Daniel Aster, DeBattista Charles, Dunlop Boadie W., Eisen Katherine, Feifel David, … Malievskaia Ekaterina. (2022). Single-Dose Psilocybin for a Treatment-Resistant Episode of Major Depression. New England Journal of Medicine, 387(18), 1637–1648. https://doi.org/10.1056/NEJMoa2206443"
Goodwin 2022,psil,psil,25 mg,10 mg,change,gad-7,self-report,anxiety,0,Post-first dose 6,Week 12,84,12.0,0,NA,NA,NA,NA,NA,NA,NA,79.0,-4.7,5.668491337573719,75.0,-4.5,5.744046045509031,NA,NA,NA,NA,NA,NA,NA,NA,NA,NA,Low,Low,Low,Low,Low,Low,2022,psilocybin,psilocybin,25 mg,10 mg,25-mg group,10-mg group,1,25.0,10.0,83,11.86,40.4,55.5,trd,tr-mdd,parallel,double-blind,10.1056/NEJMoa2206443; https://doi.org/10.1016/j.jad.2023.01.108,NCT03775200,"Goodwin Guy M., Aaronson Scott T., Alvarez Oscar, Arden Peter C., Baker Annie, Bennett James C., Bird Catherine, Blom Renske E., Brennan Christine, Brusch Donna, Burke Lisa, Campbell-Coker Kete, Carhart-Harris Robin, Cattell Joseph, Daniel Aster, DeBattista Charles, Dunlop Boadie W., Eisen Katherine, Feifel David, … Malievskaia Ekaterina. (2022). Single-Dose Psilocybin for a Treatment-Resistant Episode of Major Depression. New England Journal of Medicine, 387(18), 1637–1648. https://doi.org/10.1056/NEJMoa2206443"
Goodwin 2022,psil,psil,25 mg,1 mg,change,gad-7,self-report,anxiety,0,Post-first dose 6,Week 12,84,12.0,0,NA,NA,NA,NA,NA,NA,NA,79.0,-4.7,5.668491337573719,79.0,-4.4,5.895230991076666,NA,NA,NA,NA,NA,NA,NA,NA,NA,NA,Low,Low,Low,Low,Low,Low,2022,psilocybin,psilocybin,25 mg,1 mg,25-mg group,1-mg group,1,25.0,1.0,83,11.86,39.4,51.0,trd,tr-mdd,parallel,double-blind,10.1056/NEJMoa2206443; https://doi.org/10.1016/j.jad.2023.01.108,NCT03775200,"Goodwin Guy M., Aaronson Scott T., Alvarez Oscar, Arden Peter C., Baker Annie, Bennett James C., Bird Catherine, Blom Renske E., Brennan Christine, Brusch Donna, Burke Lisa, Campbell-Coker Kete, Carhart-Harris Robin, Cattell Joseph, Daniel Aster, DeBattista Charles, Dunlop Boadie W., Eisen Katherine, Feifel David, … Malievskaia Ekaterina. (2022). Single-Dose Psilocybin for a Treatment-Resistant Episode of Major Depression. New England Journal of Medicine, 387(18), 1637–1648. https://doi.org/10.1056/NEJMoa2206443"
Goodwin 2022,psil,psil,10 mg,1 mg,change,gad-7,self-report,anxiety,0,Post-first dose 6,Week 12,84,12.0,0,NA,NA,NA,NA,NA,NA,NA,75.0,-4.5,5.744046045509031,79.0,-4.4,5.895230991076666,NA,NA,NA,NA,NA,NA,NA,NA,NA,NA,Low,Low,Low,Low,Low,Low,2022,psilocybin,psilocybin,10 mg,1 mg,10-mg group,1-mg group,1,10.0,1.0,83,11.86,39.6,50.4,trd,tr-mdd,parallel,double-blind,10.1056/NEJMoa2206443; https://doi.org/10.1016/j.jad.2023.01.108,NCT03775200,"Goodwin Guy M., Aaronson Scott T., Alvarez Oscar, Arden Peter C., Baker Annie, Bennett James C., Bird Catherine, Blom Renske E., Brennan Christine, Brusch Donna, Burke Lisa, Campbell-Coker Kete, Carhart-Harris Robin, Cattell Joseph, Daniel Aster, DeBattista Charles, Dunlop Boadie W., Eisen Katherine, Feifel David, … Malievskaia Ekaterina. (2022). Single-Dose Psilocybin for a Treatment-Resistant Episode of Major Depression. New England Journal of Medicine, 387(18), 1637–1648. https://doi.org/10.1056/NEJMoa2206443"
Goodwin 2022,psil,psil,25 mg,10 mg,change,panas positive,self-report,positive affect,0,Post-first dose 3,Week 3,21,3.0,1,NA,NA,NA,NA,NA,NA,NA,79.0,5.9,8.61610683311205,75.0,1.3,8.836993916167742,NA,NA,NA,NA,NA,NA,NA,NA,NA,NA,Low,Low,Low,Low,Low,Low,2022,psilocybin,psilocybin,25 mg,10 mg,25-mg group,10-mg group,1,25.0,10.0,20,2.86,40.4,55.5,trd,tr-mdd,parallel,double-blind,10.1056/NEJMoa2206443; https://doi.org/10.1016/j.jad.2023.01.108,NCT03775200,"Goodwin Guy M., Aaronson Scott T., Alvarez Oscar, Arden Peter C., Baker Annie, Bennett James C., Bird Catherine, Blom Renske E., Brennan Christine, Brusch Donna, Burke Lisa, Campbell-Coker Kete, Carhart-Harris Robin, Cattell Joseph, Daniel Aster, DeBattista Charles, Dunlop Boadie W., Eisen Katherine, Feifel David, … Malievskaia Ekaterina. (2022). Single-Dose Psilocybin for a Treatment-Resistant Episode of Major Depression. New England Journal of Medicine, 387(18), 1637–1648. https://doi.org/10.1056/NEJMoa2206443"
Goodwin 2022,psil,psil,25 mg,1 mg,change,panas positive,self-report,positive affect,0,Post-first dose 3,Week 3,21,3.0,1,NA,NA,NA,NA,NA,NA,NA,79.0,5.9,8.61610683311205,79.0,-0.3,8.842846486615,NA,NA,NA,NA,NA,NA,NA,NA,NA,NA,Low,Low,Low,Low,Low,Low,2022,psilocybin,psilocybin,25 mg,1 mg,25-mg group,1-mg group,1,25.0,1.0,20,2.86,39.4,51.0,trd,tr-mdd,parallel,double-blind,10.1056/NEJMoa2206443; https://doi.org/10.1016/j.jad.2023.01.108,NCT03775200,"Goodwin Guy M., Aaronson Scott T., Alvarez Oscar, Arden Peter C., Baker Annie, Bennett James C., Bird Catherine, Blom Renske E., Brennan Christine, Brusch Donna, Burke Lisa, Campbell-Coker Kete, Carhart-Harris Robin, Cattell Joseph, Daniel Aster, DeBattista Charles, Dunlop Boadie W., Eisen Katherine, Feifel David, … Malievskaia Ekaterina. (2022). Single-Dose Psilocybin for a Treatment-Resistant Episode of Major Depression. New England Journal of Medicine, 387(18), 1637–1648. https://doi.org/10.1056/NEJMoa2206443"
Goodwin 2022,psil,psil,10 mg,1 mg,change,panas positive,self-report,positive affect,0,Post-first dose 3,Week 3,21,3.0,1,NA,NA,NA,NA,NA,NA,NA,75.0,1.3,8.836993916167742,79.0,-0.3,8.842846486615,NA,NA,NA,NA,NA,NA,NA,NA,NA,NA,Low,Low,Low,Low,Low,Low,2022,psilocybin,psilocybin,10 mg,1 mg,10-mg group,1-mg group,1,10.0,1.0,20,2.86,39.6,50.4,trd,tr-mdd,parallel,double-blind,10.1056/NEJMoa2206443; https://doi.org/10.1016/j.jad.2023.01.108,NCT03775200,"Goodwin Guy M., Aaronson Scott T., Alvarez Oscar, Arden Peter C., Baker Annie, Bennett James C., Bird Catherine, Blom Renske E., Brennan Christine, Brusch Donna, Burke Lisa, Campbell-Coker Kete, Carhart-Harris Robin, Cattell Joseph, Daniel Aster, DeBattista Charles, Dunlop Boadie W., Eisen Katherine, Feifel David, … Malievskaia Ekaterina. (2022). Single-Dose Psilocybin for a Treatment-Resistant Episode of Major Depression. New England Journal of Medicine, 387(18), 1637–1648. https://doi.org/10.1056/NEJMoa2206443"
Goodwin 2022,psil,psil,25 mg,10 mg,change,wsas,self-report,functional impairment,0,Post-first dose 3,Week 3,21,3.0,1,NA,NA,NA,NA,NA,NA,NA,79.0,-9.2,10.883503368141538,75.0,-7.2,11.046242395209676,NA,NA,NA,NA,NA,NA,NA,NA,NA,NA,Low,Low,Low,Low,Low,Low,2022,psilocybin,psilocybin,25 mg,10 mg,25-mg group,10-mg group,1,25.0,10.0,20,2.86,40.4,55.5,trd,tr-mdd,parallel,double-blind,10.1056/NEJMoa2206443; https://doi.org/10.1016/j.jad.2023.01.108,NCT03775200,"Goodwin Guy M., Aaronson Scott T., Alvarez Oscar, Arden Peter C., Baker Annie, Bennett James C., Bird Catherine, Blom Renske E., Brennan Christine, Brusch Donna, Burke Lisa, Campbell-Coker Kete, Carhart-Harris Robin, Cattell Joseph, Daniel Aster, DeBattista Charles, Dunlop Boadie W., Eisen Katherine, Feifel David, … Malievskaia Ekaterina. (2022). Single-Dose Psilocybin for a Treatment-Resistant Episode of Major Depression. New England Journal of Medicine, 387(18), 1637–1648. https://doi.org/10.1056/NEJMoa2206443"
Goodwin 2022,psil,psil,25 mg,1 mg,change,wsas,self-report,functional impairment,0,Post-first dose 3,Week 3,21,3.0,1,NA,NA,NA,NA,NA,NA,NA,79.0,-9.2,10.883503368141538,79.0,-4.1,11.110243021644488,NA,NA,NA,NA,NA,NA,NA,NA,NA,NA,Low,Low,Low,Low,Low,Low,2022,psilocybin,psilocybin,25 mg,1 mg,25-mg group,1-mg group,1,25.0,1.0,20,2.86,39.4,51.0,trd,tr-mdd,parallel,double-blind,10.1056/NEJMoa2206443; https://doi.org/10.1016/j.jad.2023.01.108,NCT03775200,"Goodwin Guy M., Aaronson Scott T., Alvarez Oscar, Arden Peter C., Baker Annie, Bennett James C., Bird Catherine, Blom Renske E., Brennan Christine, Brusch Donna, Burke Lisa, Campbell-Coker Kete, Carhart-Harris Robin, Cattell Joseph, Daniel Aster, DeBattista Charles, Dunlop Boadie W., Eisen Katherine, Feifel David, … Malievskaia Ekaterina. (2022). Single-Dose Psilocybin for a Treatment-Resistant Episode of Major Depression. New England Journal of Medicine, 387(18), 1637–1648. https://doi.org/10.1056/NEJMoa2206443"
Goodwin 2022,psil,psil,10 mg,1 mg,change,wsas,self-report,functional impairment,0,Post-first dose 3,Week 3,21,3.0,1,NA,NA,NA,NA,NA,NA,NA,75.0,-7.2,11.046242395209676,79.0,-4.1,11.110243021644488,NA,NA,NA,NA,NA,NA,NA,NA,NA,NA,Low,Low,Low,Low,Low,Low,2022,psilocybin,psilocybin,10 mg,1 mg,10-mg group,1-mg group,1,10.0,1.0,20,2.86,39.6,50.4,trd,tr-mdd,parallel,double-blind,10.1056/NEJMoa2206443; https://doi.org/10.1016/j.jad.2023.01.108,NCT03775200,"Goodwin Guy M., Aaronson Scott T., Alvarez Oscar, Arden Peter C., Baker Annie, Bennett James C., Bird Catherine, Blom Renske E., Brennan Christine, Brusch Donna, Burke Lisa, Campbell-Coker Kete, Carhart-Harris Robin, Cattell Joseph, Daniel Aster, DeBattista Charles, Dunlop Boadie W., Eisen Katherine, Feifel David, … Malievskaia Ekaterina. (2022). Single-Dose Psilocybin for a Treatment-Resistant Episode of Major Depression. New England Journal of Medicine, 387(18), 1637–1648. https://doi.org/10.1056/NEJMoa2206443"
Goodwin 2022,psil,psil,25 mg,10 mg,change,wsas,self-report,functional impairment,0,Post-first dose 6,Week 12,84,12.0,0,NA,NA,NA,NA,NA,NA,NA,79.0,-9.8,12.24394128915923,75.0,-8.9,12.592716330539032,NA,NA,NA,NA,NA,NA,NA,NA,NA,NA,Low,Low,Low,Low,Low,Low,2022,psilocybin,psilocybin,25 mg,10 mg,25-mg group,10-mg group,1,25.0,10.0,83,11.86,40.4,55.5,trd,tr-mdd,parallel,double-blind,10.1056/NEJMoa2206443; https://doi.org/10.1016/j.jad.2023.01.108,NCT03775200,"Goodwin Guy M., Aaronson Scott T., Alvarez Oscar, Arden Peter C., Baker Annie, Bennett James C., Bird Catherine, Blom Renske E., Brennan Christine, Brusch Donna, Burke Lisa, Campbell-Coker Kete, Carhart-Harris Robin, Cattell Joseph, Daniel Aster, DeBattista Charles, Dunlop Boadie W., Eisen Katherine, Feifel David, … Malievskaia Ekaterina. (2022). Single-Dose Psilocybin for a Treatment-Resistant Episode of Major Depression. New England Journal of Medicine, 387(18), 1637–1648. https://doi.org/10.1056/NEJMoa2206443"
Goodwin 2022,psil,psil,25 mg,1 mg,change,wsas,self-report,functional impairment,0,Post-first dose 6,Week 12,84,12.0,0,NA,NA,NA,NA,NA,NA,NA,79.0,-9.8,12.24394128915923,79.0,-9.3,12.697420596165125,NA,NA,NA,NA,NA,NA,NA,NA,NA,NA,Low,Low,Low,Low,Low,Low,2022,psilocybin,psilocybin,25 mg,1 mg,25-mg group,1-mg group,1,25.0,1.0,83,11.86,39.4,51.0,trd,tr-mdd,parallel,double-blind,10.1056/NEJMoa2206443; https://doi.org/10.1016/j.jad.2023.01.108,NCT03775200,"Goodwin Guy M., Aaronson Scott T., Alvarez Oscar, Arden Peter C., Baker Annie, Bennett James C., Bird Catherine, Blom Renske E., Brennan Christine, Brusch Donna, Burke Lisa, Campbell-Coker Kete, Carhart-Harris Robin, Cattell Joseph, Daniel Aster, DeBattista Charles, Dunlop Boadie W., Eisen Katherine, Feifel David, … Malievskaia Ekaterina. (2022). Single-Dose Psilocybin for a Treatment-Resistant Episode of Major Depression. New England Journal of Medicine, 387(18), 1637–1648. https://doi.org/10.1056/NEJMoa2206443"
Goodwin 2022,psil,psil,10 mg,1 mg,change,wsas,self-report,functional impairment,0,Post-first dose 6,Week 12,84,12.0,0,NA,NA,NA,NA,NA,NA,NA,75.0,-8.9,12.592716330539032,79.0,-9.3,12.697420596165125,NA,NA,NA,NA,NA,NA,NA,NA,NA,NA,Low,Low,Low,Low,Low,Low,2022,psilocybin,psilocybin,10 mg,1 mg,10-mg group,1-mg group,1,10.0,1.0,83,11.86,39.6,50.4,trd,tr-mdd,parallel,double-blind,10.1056/NEJMoa2206443; https://doi.org/10.1016/j.jad.2023.01.108,NCT03775200,"Goodwin Guy M., Aaronson Scott T., Alvarez Oscar, Arden Peter C., Baker Annie, Bennett James C., Bird Catherine, Blom Renske E., Brennan Christine, Brusch Donna, Burke Lisa, Campbell-Coker Kete, Carhart-Harris Robin, Cattell Joseph, Daniel Aster, DeBattista Charles, Dunlop Boadie W., Eisen Katherine, Feifel David, … Malievskaia Ekaterina. (2022). Single-Dose Psilocybin for a Treatment-Resistant Episode of Major Depression. New England Journal of Medicine, 387(18), 1637–1648. https://doi.org/10.1056/NEJMoa2206443"
Goodwin 2022,psil,psil,25 mg,10 mg,change,eq-5d-3l,self-report,quality of life,0,Post-first dose 3,Week 3,21,3.0,1,NA,NA,NA,NA,NA,NA,NA,79.0,0.2,0.2947615495538333,75.0,0.14,0.309294787065871,NA,NA,NA,NA,NA,NA,NA,NA,NA,NA,Low,Low,Low,Low,Low,Low,2022,psilocybin,psilocybin,25 mg,10 mg,25-mg group,10-mg group,1,25.0,10.0,20,2.86,40.4,55.5,trd,tr-mdd,parallel,double-blind,10.1056/NEJMoa2206443; https://doi.org/10.1016/j.jad.2023.01.108,NCT03775200,"Goodwin Guy M., Aaronson Scott T., Alvarez Oscar, Arden Peter C., Baker Annie, Bennett James C., Bird Catherine, Blom Renske E., Brennan Christine, Brusch Donna, Burke Lisa, Campbell-Coker Kete, Carhart-Harris Robin, Cattell Joseph, Daniel Aster, DeBattista Charles, Dunlop Boadie W., Eisen Katherine, Feifel David, … Malievskaia Ekaterina. (2022). Single-Dose Psilocybin for a Treatment-Resistant Episode of Major Depression. New England Journal of Medicine, 387(18), 1637–1648. https://doi.org/10.1056/NEJMoa2206443"
Goodwin 2022,psil,psil,25 mg,1 mg,change,eq-5d-3l,self-report,quality of life,0,Post-first dose 3,Week 3,21,3.0,1,NA,NA,NA,NA,NA,NA,NA,79.0,0.2,0.2947615495538333,79.0,0.14,0.2947615495538333,NA,NA,NA,NA,NA,NA,NA,NA,NA,NA,Low,Low,Low,Low,Low,Low,2022,psilocybin,psilocybin,25 mg,1 mg,25-mg group,1-mg group,1,25.0,1.0,20,2.86,39.4,51.0,trd,tr-mdd,parallel,double-blind,10.1056/NEJMoa2206443; https://doi.org/10.1016/j.jad.2023.01.108,NCT03775200,"Goodwin Guy M., Aaronson Scott T., Alvarez Oscar, Arden Peter C., Baker Annie, Bennett James C., Bird Catherine, Blom Renske E., Brennan Christine, Brusch Donna, Burke Lisa, Campbell-Coker Kete, Carhart-Harris Robin, Cattell Joseph, Daniel Aster, DeBattista Charles, Dunlop Boadie W., Eisen Katherine, Feifel David, … Malievskaia Ekaterina. (2022). Single-Dose Psilocybin for a Treatment-Resistant Episode of Major Depression. New England Journal of Medicine, 387(18), 1637–1648. https://doi.org/10.1056/NEJMoa2206443"
Goodwin 2022,psil,psil,10 mg,1 mg,change,eq-5d-3l,self-report,quality of life,0,Post-first dose 3,Week 3,21,3.0,1,NA,NA,NA,NA,NA,NA,NA,75.0,0.14,0.309294787065871,79.0,0.14,0.2947615495538333,NA,NA,NA,NA,NA,NA,NA,NA,NA,NA,Low,Low,Low,Low,Low,Low,2022,psilocybin,psilocybin,10 mg,1 mg,10-mg group,1-mg group,1,10.0,1.0,20,2.86,39.6,50.4,trd,tr-mdd,parallel,double-blind,10.1056/NEJMoa2206443; https://doi.org/10.1016/j.jad.2023.01.108,NCT03775200,"Goodwin Guy M., Aaronson Scott T., Alvarez Oscar, Arden Peter C., Baker Annie, Bennett James C., Bird Catherine, Blom Renske E., Brennan Christine, Brusch Donna, Burke Lisa, Campbell-Coker Kete, Carhart-Harris Robin, Cattell Joseph, Daniel Aster, DeBattista Charles, Dunlop Boadie W., Eisen Katherine, Feifel David, … Malievskaia Ekaterina. (2022). Single-Dose Psilocybin for a Treatment-Resistant Episode of Major Depression. New England Journal of Medicine, 387(18), 1637–1648. https://doi.org/10.1056/NEJMoa2206443"
Goodwin 2022,psil,psil,25 mg,10 mg,change,eq-5d-3l,self-report,quality of life,0,Post-first dose 6,Week 12,84,12.0,0,NA,NA,NA,NA,NA,NA,NA,79.0,0.16,0.31743551490412825,75.0,0.18,0.3313872718562903,NA,NA,NA,NA,NA,NA,NA,NA,NA,NA,Low,Low,Low,Low,Low,Low,2022,psilocybin,psilocybin,25 mg,10 mg,25-mg group,10-mg group,1,25.0,10.0,83,11.86,40.4,55.5,trd,tr-mdd,parallel,double-blind,10.1056/NEJMoa2206443; https://doi.org/10.1016/j.jad.2023.01.108,NCT03775200,"Goodwin Guy M., Aaronson Scott T., Alvarez Oscar, Arden Peter C., Baker Annie, Bennett James C., Bird Catherine, Blom Renske E., Brennan Christine, Brusch Donna, Burke Lisa, Campbell-Coker Kete, Carhart-Harris Robin, Cattell Joseph, Daniel Aster, DeBattista Charles, Dunlop Boadie W., Eisen Katherine, Feifel David, … Malievskaia Ekaterina. (2022). Single-Dose Psilocybin for a Treatment-Resistant Episode of Major Depression. New England Journal of Medicine, 387(18), 1637–1648. https://doi.org/10.1056/NEJMoa2206443"
Goodwin 2022,psil,psil,25 mg,1 mg,change,eq-5d-3l,self-report,quality of life,0,Post-first dose 6,Week 12,84,12.0,0,NA,NA,NA,NA,NA,NA,NA,79.0,0.16,0.31743551490412825,79.0,0.15,0.31743551490412825,NA,NA,NA,NA,NA,NA,NA,NA,NA,NA,Low,Low,Low,Low,Low,Low,2022,psilocybin,psilocybin,25 mg,1 mg,25-mg group,1-mg group,1,25.0,1.0,83,11.86,39.4,51.0,trd,tr-mdd,parallel,double-blind,10.1056/NEJMoa2206443; https://doi.org/10.1016/j.jad.2023.01.108,NCT03775200,"Goodwin Guy M., Aaronson Scott T., Alvarez Oscar, Arden Peter C., Baker Annie, Bennett James C., Bird Catherine, Blom Renske E., Brennan Christine, Brusch Donna, Burke Lisa, Campbell-Coker Kete, Carhart-Harris Robin, Cattell Joseph, Daniel Aster, DeBattista Charles, Dunlop Boadie W., Eisen Katherine, Feifel David, … Malievskaia Ekaterina. (2022). Single-Dose Psilocybin for a Treatment-Resistant Episode of Major Depression. New England Journal of Medicine, 387(18), 1637–1648. https://doi.org/10.1056/NEJMoa2206443"
Goodwin 2022,psil,psil,10 mg,1 mg,change,eq-5d-3l,self-report,quality of life,0,Post-first dose 6,Week 12,84,12.0,0,NA,NA,NA,NA,NA,NA,NA,75.0,0.18,0.3313872718562903,79.0,0.15,0.31743551490412825,NA,NA,NA,NA,NA,NA,NA,NA,NA,NA,Low,Low,Low,Low,Low,Low,2022,psilocybin,psilocybin,10 mg,1 mg,10-mg group,1-mg group,1,10.0,1.0,83,11.86,39.6,50.4,trd,tr-mdd,parallel,double-blind,10.1056/NEJMoa2206443; https://doi.org/10.1016/j.jad.2023.01.108,NCT03775200,"Goodwin Guy M., Aaronson Scott T., Alvarez Oscar, Arden Peter C., Baker Annie, Bennett James C., Bird Catherine, Blom Renske E., Brennan Christine, Brusch Donna, Burke Lisa, Campbell-Coker Kete, Carhart-Harris Robin, Cattell Joseph, Daniel Aster, DeBattista Charles, Dunlop Boadie W., Eisen Katherine, Feifel David, … Malievskaia Ekaterina. (2022). Single-Dose Psilocybin for a Treatment-Resistant Episode of Major Depression. New England Journal of Medicine, 387(18), 1637–1648. https://doi.org/10.1056/NEJMoa2206443"
Goodwin 2022,psil,psil,25 mg,10 mg,change,dsst,clinician,cognitive performance,0,Post-first dose 3,Week 3,21,3.0,1,NA,NA,NA,NA,NA,NA,NA,79.0,6.4,7.482408565597306,75.0,5.4,7.7323696766467735,NA,NA,NA,NA,NA,NA,NA,NA,NA,NA,Low,Low,Low,Low,Low,Low,2022,psilocybin,psilocybin,25 mg,10 mg,25-mg group,10-mg group,1,25.0,10.0,20,2.86,40.4,55.5,trd,tr-mdd,parallel,double-blind,10.1056/NEJMoa2206443; https://doi.org/10.1016/j.jad.2023.01.108,NCT03775200,"Goodwin Guy M., Aaronson Scott T., Alvarez Oscar, Arden Peter C., Baker Annie, Bennett James C., Bird Catherine, Blom Renske E., Brennan Christine, Brusch Donna, Burke Lisa, Campbell-Coker Kete, Carhart-Harris Robin, Cattell Joseph, Daniel Aster, DeBattista Charles, Dunlop Boadie W., Eisen Katherine, Feifel David, … Malievskaia Ekaterina. (2022). Single-Dose Psilocybin for a Treatment-Resistant Episode of Major Depression. New England Journal of Medicine, 387(18), 1637–1648. https://doi.org/10.1056/NEJMoa2206443"
Goodwin 2022,psil,psil,25 mg,1 mg,change,dsst,clinician,cognitive performance,0,Post-first dose 3,Week 3,21,3.0,1,NA,NA,NA,NA,NA,NA,NA,79.0,6.4,7.482408565597306,79.0,4.8,7.482408565597306,NA,NA,NA,NA,NA,NA,NA,NA,NA,NA,Low,Low,Low,Low,Low,Low,2022,psilocybin,psilocybin,25 mg,1 mg,25-mg group,1-mg group,1,25.0,1.0,20,2.86,39.4,51.0,trd,tr-mdd,parallel,double-blind,10.1056/NEJMoa2206443; https://doi.org/10.1016/j.jad.2023.01.108,NCT03775200,"Goodwin Guy M., Aaronson Scott T., Alvarez Oscar, Arden Peter C., Baker Annie, Bennett James C., Bird Catherine, Blom Renske E., Brennan Christine, Brusch Donna, Burke Lisa, Campbell-Coker Kete, Carhart-Harris Robin, Cattell Joseph, Daniel Aster, DeBattista Charles, Dunlop Boadie W., Eisen Katherine, Feifel David, … Malievskaia Ekaterina. (2022). Single-Dose Psilocybin for a Treatment-Resistant Episode of Major Depression. New England Journal of Medicine, 387(18), 1637–1648. https://doi.org/10.1056/NEJMoa2206443"
Goodwin 2022,psil,psil,10 mg,1 mg,change,dsst,clinician,cognitive performance,0,Post-first dose 3,Week 3,21,3.0,1,NA,NA,NA,NA,NA,NA,NA,75.0,5.4,7.7323696766467735,79.0,4.8,7.482408565597306,NA,NA,NA,NA,NA,NA,NA,NA,NA,NA,Low,Low,Low,Low,Low,Low,2022,psilocybin,psilocybin,10 mg,1 mg,10-mg group,1-mg group,1,10.0,1.0,20,2.86,39.6,50.4,trd,tr-mdd,parallel,double-blind,10.1056/NEJMoa2206443; https://doi.org/10.1016/j.jad.2023.01.108,NCT03775200,"Goodwin Guy M., Aaronson Scott T., Alvarez Oscar, Arden Peter C., Baker Annie, Bennett James C., Bird Catherine, Blom Renske E., Brennan Christine, Brusch Donna, Burke Lisa, Campbell-Coker Kete, Carhart-Harris Robin, Cattell Joseph, Daniel Aster, DeBattista Charles, Dunlop Boadie W., Eisen Katherine, Feifel David, … Malievskaia Ekaterina. (2022). Single-Dose Psilocybin for a Treatment-Resistant Episode of Major Depression. New England Journal of Medicine, 387(18), 1637–1648. https://doi.org/10.1056/NEJMoa2206443"
Goodwin 2022,psil,psil,25 mg,10 mg,change,panas negative,self-report,negative affect,0,Post-first dose 3,Week 3,21,3.0,1,NA,NA,NA,NA,NA,NA,NA,79.0,-6.7,7.709148219100256,75.0,-5.1,7.953294524550969,NA,NA,NA,NA,NA,NA,NA,NA,NA,NA,Low,Low,Low,Low,Low,Low,2022,psilocybin,psilocybin,25 mg,10 mg,25-mg group,10-mg group,1,25.0,10.0,20,2.86,40.4,55.5,trd,tr-mdd,parallel,double-blind,10.1056/NEJMoa2206443; https://doi.org/10.1016/j.jad.2023.01.108,NCT03775200,"Goodwin Guy M., Aaronson Scott T., Alvarez Oscar, Arden Peter C., Baker Annie, Bennett James C., Bird Catherine, Blom Renske E., Brennan Christine, Brusch Donna, Burke Lisa, Campbell-Coker Kete, Carhart-Harris Robin, Cattell Joseph, Daniel Aster, DeBattista Charles, Dunlop Boadie W., Eisen Katherine, Feifel David, … Malievskaia Ekaterina. (2022). Single-Dose Psilocybin for a Treatment-Resistant Episode of Major Depression. New England Journal of Medicine, 387(18), 1637–1648. https://doi.org/10.1056/NEJMoa2206443"
Goodwin 2022,psil,psil,25 mg,1 mg,change,panas negative,self-report,negative affect,0,Post-first dose 3,Week 3,21,3.0,1,NA,NA,NA,NA,NA,NA,NA,79.0,-6.7,7.709148219100256,79.0,-3.5,7.935887872603204,NA,NA,NA,NA,NA,NA,NA,NA,NA,NA,Low,Low,Low,Low,Low,Low,2022,psilocybin,psilocybin,25 mg,1 mg,25-mg group,1-mg group,1,25.0,1.0,20,2.86,39.4,51.0,trd,tr-mdd,parallel,double-blind,10.1056/NEJMoa2206443; https://doi.org/10.1016/j.jad.2023.01.108,NCT03775200,"Goodwin Guy M., Aaronson Scott T., Alvarez Oscar, Arden Peter C., Baker Annie, Bennett James C., Bird Catherine, Blom Renske E., Brennan Christine, Brusch Donna, Burke Lisa, Campbell-Coker Kete, Carhart-Harris Robin, Cattell Joseph, Daniel Aster, DeBattista Charles, Dunlop Boadie W., Eisen Katherine, Feifel David, … Malievskaia Ekaterina. (2022). Single-Dose Psilocybin for a Treatment-Resistant Episode of Major Depression. New England Journal of Medicine, 387(18), 1637–1648. https://doi.org/10.1056/NEJMoa2206443"
Goodwin 2022,psil,psil,10 mg,1 mg,change,panas negative,self-report,negative affect,0,Post-first dose 3,Week 3,21,3.0,1,NA,NA,NA,NA,NA,NA,NA,75.0,-5.1,7.953294524550969,79.0,-3.5,7.935887872603204,NA,NA,NA,NA,NA,NA,NA,NA,NA,NA,Low,Low,Low,Low,Low,Low,2022,psilocybin,psilocybin,10 mg,1 mg,10-mg group,1-mg group,1,10.0,1.0,20,2.86,39.6,50.4,trd,tr-mdd,parallel,double-blind,10.1056/NEJMoa2206443; https://doi.org/10.1016/j.jad.2023.01.108,NCT03775200,"Goodwin Guy M., Aaronson Scott T., Alvarez Oscar, Arden Peter C., Baker Annie, Bennett James C., Bird Catherine, Blom Renske E., Brennan Christine, Brusch Donna, Burke Lisa, Campbell-Coker Kete, Carhart-Harris Robin, Cattell Joseph, Daniel Aster, DeBattista Charles, Dunlop Boadie W., Eisen Katherine, Feifel David, … Malievskaia Ekaterina. (2022). Single-Dose Psilocybin for a Treatment-Resistant Episode of Major Depression. New England Journal of Medicine, 387(18), 1637–1648. https://doi.org/10.1056/NEJMoa2206443"
Goodwin 2022,psil,psil,25 mg,10 mg,change,eq-vas,self-report,health-related quality of life,0,Post-first dose 3,Week 3,21,3.0,1,NA,NA,NA,NA,NA,NA,NA,79.0,11.1,22.900705003797817,75.0,8.7,23.859883573652905,NA,NA,NA,NA,NA,NA,NA,NA,NA,NA,Low,Low,Low,Low,Low,Low,2022,psilocybin,psilocybin,25 mg,10 mg,25-mg group,10-mg group,1,25.0,10.0,20,2.86,40.4,55.5,trd,tr-mdd,parallel,double-blind,10.1056/NEJMoa2206443; https://doi.org/10.1016/j.jad.2023.01.108,NCT03775200,"Goodwin Guy M., Aaronson Scott T., Alvarez Oscar, Arden Peter C., Baker Annie, Bennett James C., Bird Catherine, Blom Renske E., Brennan Christine, Brusch Donna, Burke Lisa, Campbell-Coker Kete, Carhart-Harris Robin, Cattell Joseph, Daniel Aster, DeBattista Charles, Dunlop Boadie W., Eisen Katherine, Feifel David, … Malievskaia Ekaterina. (2022). Single-Dose Psilocybin for a Treatment-Resistant Episode of Major Depression. New England Journal of Medicine, 387(18), 1637–1648. https://doi.org/10.1056/NEJMoa2206443"
Goodwin 2022,psil,psil,25 mg,1 mg,change,eq-vas,self-report,health-related quality of life,0,Post-first dose 3,Week 3,21,3.0,1,NA,NA,NA,NA,NA,NA,NA,79.0,11.1,22.900705003797817,79.0,4.4,23.807663617809613,NA,NA,NA,NA,NA,NA,NA,NA,NA,NA,Low,Low,Low,Low,Low,Low,2022,psilocybin,psilocybin,25 mg,1 mg,25-mg group,1-mg group,1,25.0,1.0,20,2.86,39.4,51.0,trd,tr-mdd,parallel,double-blind,10.1056/NEJMoa2206443; https://doi.org/10.1016/j.jad.2023.01.108,NCT03775200,"Goodwin Guy M., Aaronson Scott T., Alvarez Oscar, Arden Peter C., Baker Annie, Bennett James C., Bird Catherine, Blom Renske E., Brennan Christine, Brusch Donna, Burke Lisa, Campbell-Coker Kete, Carhart-Harris Robin, Cattell Joseph, Daniel Aster, DeBattista Charles, Dunlop Boadie W., Eisen Katherine, Feifel David, … Malievskaia Ekaterina. (2022). Single-Dose Psilocybin for a Treatment-Resistant Episode of Major Depression. New England Journal of Medicine, 387(18), 1637–1648. https://doi.org/10.1056/NEJMoa2206443"
Goodwin 2022,psil,psil,10 mg,1 mg,change,eq-vas,self-report,health-related quality of life,0,Post-first dose 3,Week 3,21,3.0,1,NA,NA,NA,NA,NA,NA,NA,75.0,8.7,23.859883573652905,79.0,4.4,23.807663617809613,NA,NA,NA,NA,NA,NA,NA,NA,NA,NA,Low,Low,Low,Low,Low,Low,2022,psilocybin,psilocybin,10 mg,1 mg,10-mg group,1-mg group,1,10.0,1.0,20,2.86,39.6,50.4,trd,tr-mdd,parallel,double-blind,10.1056/NEJMoa2206443; https://doi.org/10.1016/j.jad.2023.01.108,NCT03775200,"Goodwin Guy M., Aaronson Scott T., Alvarez Oscar, Arden Peter C., Baker Annie, Bennett James C., Bird Catherine, Blom Renske E., Brennan Christine, Brusch Donna, Burke Lisa, Campbell-Coker Kete, Carhart-Harris Robin, Cattell Joseph, Daniel Aster, DeBattista Charles, Dunlop Boadie W., Eisen Katherine, Feifel David, … Malievskaia Ekaterina. (2022). Single-Dose Psilocybin for a Treatment-Resistant Episode of Major Depression. New England Journal of Medicine, 387(18), 1637–1648. https://doi.org/10.1056/NEJMoa2206443"
Goodwin 2022,psil,psil,25 mg,10 mg,change,eq-vas,self-report,health-related quality of life,0,Post-first dose 6,Week 12,84,12.0,0,NA,NA,NA,NA,NA,NA,NA,79.0,12.4,22.447225696791918,75.0,8.4,23.859883573652905,NA,NA,NA,NA,NA,NA,NA,NA,NA,NA,Low,Low,Low,Low,Low,Low,2022,psilocybin,psilocybin,25 mg,10 mg,25-mg group,10-mg group,1,25.0,10.0,83,11.86,40.4,55.5,trd,tr-mdd,parallel,double-blind,10.1056/NEJMoa2206443; https://doi.org/10.1016/j.jad.2023.01.108,NCT03775200,"Goodwin Guy M., Aaronson Scott T., Alvarez Oscar, Arden Peter C., Baker Annie, Bennett James C., Bird Catherine, Blom Renske E., Brennan Christine, Brusch Donna, Burke Lisa, Campbell-Coker Kete, Carhart-Harris Robin, Cattell Joseph, Daniel Aster, DeBattista Charles, Dunlop Boadie W., Eisen Katherine, Feifel David, … Malievskaia Ekaterina. (2022). Single-Dose Psilocybin for a Treatment-Resistant Episode of Major Depression. New England Journal of Medicine, 387(18), 1637–1648. https://doi.org/10.1056/NEJMoa2206443"
Goodwin 2022,psil,psil,25 mg,1 mg,change,eq-vas,self-report,health-related quality of life,0,Post-first dose 6,Week 12,84,12.0,0,NA,NA,NA,NA,NA,NA,NA,79.0,12.4,22.447225696791918,79.0,10.5,24.034403271312563,NA,NA,NA,NA,NA,NA,NA,NA,NA,NA,Low,Low,Low,Low,Low,Low,2022,psilocybin,psilocybin,25 mg,1 mg,25-mg group,1-mg group,1,25.0,1.0,83,11.86,39.4,51.0,trd,tr-mdd,parallel,double-blind,10.1056/NEJMoa2206443; https://doi.org/10.1016/j.jad.2023.01.108,NCT03775200,"Goodwin Guy M., Aaronson Scott T., Alvarez Oscar, Arden Peter C., Baker Annie, Bennett James C., Bird Catherine, Blom Renske E., Brennan Christine, Brusch Donna, Burke Lisa, Campbell-Coker Kete, Carhart-Harris Robin, Cattell Joseph, Daniel Aster, DeBattista Charles, Dunlop Boadie W., Eisen Katherine, Feifel David, … Malievskaia Ekaterina. (2022). Single-Dose Psilocybin for a Treatment-Resistant Episode of Major Depression. New England Journal of Medicine, 387(18), 1637–1648. https://doi.org/10.1056/NEJMoa2206443"
Goodwin 2022,psil,psil,10 mg,1 mg,change,eq-vas,self-report,health-related quality of life,0,Post-first dose 6,Week 12,84,12.0,0,NA,NA,NA,NA,NA,NA,NA,75.0,8.4,23.859883573652905,79.0,10.5,24.034403271312563,NA,NA,NA,NA,NA,NA,NA,NA,NA,NA,Low,Low,Low,Low,Low,Low,2022,psilocybin,psilocybin,10 mg,1 mg,10-mg group,1-mg group,1,10.0,1.0,83,11.86,39.6,50.4,trd,tr-mdd,parallel,double-blind,10.1056/NEJMoa2206443; https://doi.org/10.1016/j.jad.2023.01.108,NCT03775200,"Goodwin Guy M., Aaronson Scott T., Alvarez Oscar, Arden Peter C., Baker Annie, Bennett James C., Bird Catherine, Blom Renske E., Brennan Christine, Brusch Donna, Burke Lisa, Campbell-Coker Kete, Carhart-Harris Robin, Cattell Joseph, Daniel Aster, DeBattista Charles, Dunlop Boadie W., Eisen Katherine, Feifel David, … Malievskaia Ekaterina. (2022). Single-Dose Psilocybin for a Treatment-Resistant Episode of Major Depression. New England Journal of Medicine, 387(18), 1637–1648. https://doi.org/10.1056/NEJMoa2206443"
Goodwin 2022,psil,psil,25 mg,10 mg,response,madrs,clinician,depression,1,Post-first dose 1,Day 2,2,0.29,0,NA,NA,NA,NA,NA,NA,NA,NA,NA,NA,NA,NA,NA,42,79.0,24,75.0,31.9,5.41,79.0,33.0,6.31,75.0,Low,Low,Low,Low,Low,Low,2022,psilocybin,psilocybin,25 mg,10 mg,25-mg group,10-mg group,1,25.0,10.0,1,0.15,40.4,55.5,trd,tr-mdd,parallel,double-blind,10.1056/NEJMoa2206443; https://doi.org/10.1016/j.jad.2023.01.108,NCT03775200,"Goodwin Guy M., Aaronson Scott T., Alvarez Oscar, Arden Peter C., Baker Annie, Bennett James C., Bird Catherine, Blom Renske E., Brennan Christine, Brusch Donna, Burke Lisa, Campbell-Coker Kete, Carhart-Harris Robin, Cattell Joseph, Daniel Aster, DeBattista Charles, Dunlop Boadie W., Eisen Katherine, Feifel David, … Malievskaia Ekaterina. (2022). Single-Dose Psilocybin for a Treatment-Resistant Episode of Major Depression. New England Journal of Medicine, 387(18), 1637–1648. https://doi.org/10.1056/NEJMoa2206443"
Goodwin 2022,psil,psil,25 mg,1 mg,response,madrs,clinician,depression,1,Post-first dose 1,Day 2,2,0.29,0,NA,NA,NA,NA,NA,NA,NA,NA,NA,NA,NA,NA,NA,42,79.0,18,79.0,31.9,5.41,79.0,32.7,6.24,79.0,Low,Low,Low,Low,Low,Low,2022,psilocybin,psilocybin,25 mg,1 mg,25-mg group,1-mg group,1,25.0,1.0,1,0.15,39.4,51.0,trd,tr-mdd,parallel,double-blind,10.1056/NEJMoa2206443; https://doi.org/10.1016/j.jad.2023.01.108,NCT03775200,"Goodwin Guy M., Aaronson Scott T., Alvarez Oscar, Arden Peter C., Baker Annie, Bennett James C., Bird Catherine, Blom Renske E., Brennan Christine, Brusch Donna, Burke Lisa, Campbell-Coker Kete, Carhart-Harris Robin, Cattell Joseph, Daniel Aster, DeBattista Charles, Dunlop Boadie W., Eisen Katherine, Feifel David, … Malievskaia Ekaterina. (2022). Single-Dose Psilocybin for a Treatment-Resistant Episode of Major Depression. New England Journal of Medicine, 387(18), 1637–1648. https://doi.org/10.1056/NEJMoa2206443"
Goodwin 2022,psil,psil,10 mg,1 mg,response,madrs,clinician,depression,1,Post-first dose 1,Day 2,2,0.29,0,NA,NA,NA,NA,NA,NA,NA,NA,NA,NA,NA,NA,NA,24,75.0,18,79.0,33.0,6.31,75.0,32.7,6.24,79.0,Low,Low,Low,Low,Low,Low,2022,psilocybin,psilocybin,10 mg,1 mg,10-mg group,1-mg group,1,10.0,1.0,1,0.15,39.6,50.4,trd,tr-mdd,parallel,double-blind,10.1056/NEJMoa2206443; https://doi.org/10.1016/j.jad.2023.01.108,NCT03775200,"Goodwin Guy M., Aaronson Scott T., Alvarez Oscar, Arden Peter C., Baker Annie, Bennett James C., Bird Catherine, Blom Renske E., Brennan Christine, Brusch Donna, Burke Lisa, Campbell-Coker Kete, Carhart-Harris Robin, Cattell Joseph, Daniel Aster, DeBattista Charles, Dunlop Boadie W., Eisen Katherine, Feifel David, … Malievskaia Ekaterina. (2022). Single-Dose Psilocybin for a Treatment-Resistant Episode of Major Depression. New England Journal of Medicine, 387(18), 1637–1648. https://doi.org/10.1056/NEJMoa2206443"
Goodwin 2022,psil,psil,25 mg,10 mg,response,madrs,clinician,depression,1,Post-first dose 2,Week 1,7,1.0,0,NA,NA,NA,NA,NA,NA,NA,NA,NA,NA,NA,NA,NA,35,79.0,17,75.0,31.9,5.41,79.0,33.0,6.31,75.0,Low,Low,Low,Low,Low,Low,2022,psilocybin,psilocybin,25 mg,10 mg,25-mg group,10-mg group,1,25.0,10.0,6,0.86,40.4,55.5,trd,tr-mdd,parallel,double-blind,10.1056/NEJMoa2206443; https://doi.org/10.1016/j.jad.2023.01.108,NCT03775200,"Goodwin Guy M., Aaronson Scott T., Alvarez Oscar, Arden Peter C., Baker Annie, Bennett James C., Bird Catherine, Blom Renske E., Brennan Christine, Brusch Donna, Burke Lisa, Campbell-Coker Kete, Carhart-Harris Robin, Cattell Joseph, Daniel Aster, DeBattista Charles, Dunlop Boadie W., Eisen Katherine, Feifel David, … Malievskaia Ekaterina. (2022). Single-Dose Psilocybin for a Treatment-Resistant Episode of Major Depression. New England Journal of Medicine, 387(18), 1637–1648. https://doi.org/10.1056/NEJMoa2206443"
Goodwin 2022,psil,psil,25 mg,1 mg,response,madrs,clinician,depression,1,Post-first dose 2,Week 1,7,1.0,0,NA,NA,NA,NA,NA,NA,NA,NA,NA,NA,NA,NA,NA,35,79.0,12,79.0,31.9,5.41,79.0,32.7,6.24,79.0,Low,Low,Low,Low,Low,Low,2022,psilocybin,psilocybin,25 mg,1 mg,25-mg group,1-mg group,1,25.0,1.0,6,0.86,39.4,51.0,trd,tr-mdd,parallel,double-blind,10.1056/NEJMoa2206443; https://doi.org/10.1016/j.jad.2023.01.108,NCT03775200,"Goodwin Guy M., Aaronson Scott T., Alvarez Oscar, Arden Peter C., Baker Annie, Bennett James C., Bird Catherine, Blom Renske E., Brennan Christine, Brusch Donna, Burke Lisa, Campbell-Coker Kete, Carhart-Harris Robin, Cattell Joseph, Daniel Aster, DeBattista Charles, Dunlop Boadie W., Eisen Katherine, Feifel David, … Malievskaia Ekaterina. (2022). Single-Dose Psilocybin for a Treatment-Resistant Episode of Major Depression. New England Journal of Medicine, 387(18), 1637–1648. https://doi.org/10.1056/NEJMoa2206443"
Goodwin 2022,psil,psil,10 mg,1 mg,response,madrs,clinician,depression,1,Post-first dose 2,Week 1,7,1.0,0,NA,NA,NA,NA,NA,NA,NA,NA,NA,NA,NA,NA,NA,17,75.0,12,79.0,33.0,6.31,75.0,32.7,6.24,79.0,Low,Low,Low,Low,Low,Low,2022,psilocybin,psilocybin,10 mg,1 mg,10-mg group,1-mg group,1,10.0,1.0,6,0.86,39.6,50.4,trd,tr-mdd,parallel,double-blind,10.1056/NEJMoa2206443; https://doi.org/10.1016/j.jad.2023.01.108,NCT03775200,"Goodwin Guy M., Aaronson Scott T., Alvarez Oscar, Arden Peter C., Baker Annie, Bennett James C., Bird Catherine, Blom Renske E., Brennan Christine, Brusch Donna, Burke Lisa, Campbell-Coker Kete, Carhart-Harris Robin, Cattell Joseph, Daniel Aster, DeBattista Charles, Dunlop Boadie W., Eisen Katherine, Feifel David, … Malievskaia Ekaterina. (2022). Single-Dose Psilocybin for a Treatment-Resistant Episode of Major Depression. New England Journal of Medicine, 387(18), 1637–1648. https://doi.org/10.1056/NEJMoa2206443"
Goodwin 2022,psil,psil,25 mg,10 mg,response,madrs,clinician,depression,1,Post-first dose 3,Week 3,21,3.0,1,NA,NA,NA,NA,NA,NA,NA,NA,NA,NA,NA,NA,NA,29,79.0,14,75.0,31.9,5.41,79.0,33.0,6.31,75.0,Low,Low,Low,Low,Low,Low,2022,psilocybin,psilocybin,25 mg,10 mg,25-mg group,10-mg group,1,25.0,10.0,20,2.86,40.4,55.5,trd,tr-mdd,parallel,double-blind,10.1056/NEJMoa2206443; https://doi.org/10.1016/j.jad.2023.01.108,NCT03775200,"Goodwin Guy M., Aaronson Scott T., Alvarez Oscar, Arden Peter C., Baker Annie, Bennett James C., Bird Catherine, Blom Renske E., Brennan Christine, Brusch Donna, Burke Lisa, Campbell-Coker Kete, Carhart-Harris Robin, Cattell Joseph, Daniel Aster, DeBattista Charles, Dunlop Boadie W., Eisen Katherine, Feifel David, … Malievskaia Ekaterina. (2022). Single-Dose Psilocybin for a Treatment-Resistant Episode of Major Depression. New England Journal of Medicine, 387(18), 1637–1648. https://doi.org/10.1056/NEJMoa2206443"
Goodwin 2022,psil,psil,25 mg,1 mg,response,madrs,clinician,depression,1,Post-first dose 3,Week 3,21,3.0,1,NA,NA,NA,NA,NA,NA,NA,NA,NA,NA,NA,NA,NA,29,79.0,14,79.0,31.9,5.41,79.0,32.7,6.24,79.0,Low,Low,Low,Low,Low,Low,2022,psilocybin,psilocybin,25 mg,1 mg,25-mg group,1-mg group,1,25.0,1.0,20,2.86,39.4,51.0,trd,tr-mdd,parallel,double-blind,10.1056/NEJMoa2206443; https://doi.org/10.1016/j.jad.2023.01.108,NCT03775200,"Goodwin Guy M., Aaronson Scott T., Alvarez Oscar, Arden Peter C., Baker Annie, Bennett James C., Bird Catherine, Blom Renske E., Brennan Christine, Brusch Donna, Burke Lisa, Campbell-Coker Kete, Carhart-Harris Robin, Cattell Joseph, Daniel Aster, DeBattista Charles, Dunlop Boadie W., Eisen Katherine, Feifel David, … Malievskaia Ekaterina. (2022). Single-Dose Psilocybin for a Treatment-Resistant Episode of Major Depression. New England Journal of Medicine, 387(18), 1637–1648. https://doi.org/10.1056/NEJMoa2206443"
Goodwin 2022,psil,psil,10 mg,1 mg,response,madrs,clinician,depression,1,Post-first dose 3,Week 3,21,3.0,1,NA,NA,NA,NA,NA,NA,NA,NA,NA,NA,NA,NA,NA,14,75.0,14,79.0,33.0,6.31,75.0,32.7,6.24,79.0,Low,Low,Low,Low,Low,Low,2022,psilocybin,psilocybin,10 mg,1 mg,10-mg group,1-mg group,1,10.0,1.0,20,2.86,39.6,50.4,trd,tr-mdd,parallel,double-blind,10.1056/NEJMoa2206443; https://doi.org/10.1016/j.jad.2023.01.108,NCT03775200,"Goodwin Guy M., Aaronson Scott T., Alvarez Oscar, Arden Peter C., Baker Annie, Bennett James C., Bird Catherine, Blom Renske E., Brennan Christine, Brusch Donna, Burke Lisa, Campbell-Coker Kete, Carhart-Harris Robin, Cattell Joseph, Daniel Aster, DeBattista Charles, Dunlop Boadie W., Eisen Katherine, Feifel David, … Malievskaia Ekaterina. (2022). Single-Dose Psilocybin for a Treatment-Resistant Episode of Major Depression. New England Journal of Medicine, 387(18), 1637–1648. https://doi.org/10.1056/NEJMoa2206443"
Goodwin 2022,psil,psil,25 mg,10 mg,response,madrs,clinician,depression,1,Post-first dose 4,Week 6,42,6.0,0,NA,NA,NA,NA,NA,NA,NA,NA,NA,NA,NA,NA,NA,26,79.0,11,75.0,31.9,5.41,79.0,33.0,6.31,75.0,Low,Low,Low,Low,Low,Low,2022,psilocybin,psilocybin,25 mg,10 mg,25-mg group,10-mg group,1,25.0,10.0,41,5.86,40.4,55.5,trd,tr-mdd,parallel,double-blind,10.1056/NEJMoa2206443; https://doi.org/10.1016/j.jad.2023.01.108,NCT03775200,"Goodwin Guy M., Aaronson Scott T., Alvarez Oscar, Arden Peter C., Baker Annie, Bennett James C., Bird Catherine, Blom Renske E., Brennan Christine, Brusch Donna, Burke Lisa, Campbell-Coker Kete, Carhart-Harris Robin, Cattell Joseph, Daniel Aster, DeBattista Charles, Dunlop Boadie W., Eisen Katherine, Feifel David, … Malievskaia Ekaterina. (2022). Single-Dose Psilocybin for a Treatment-Resistant Episode of Major Depression. New England Journal of Medicine, 387(18), 1637–1648. https://doi.org/10.1056/NEJMoa2206443"
Goodwin 2022,psil,psil,25 mg,1 mg,response,madrs,clinician,depression,1,Post-first dose 4,Week 6,42,6.0,0,NA,NA,NA,NA,NA,NA,NA,NA,NA,NA,NA,NA,NA,26,79.0,16,79.0,31.9,5.41,79.0,32.7,6.24,79.0,Low,Low,Low,Low,Low,Low,2022,psilocybin,psilocybin,25 mg,1 mg,25-mg group,1-mg group,1,25.0,1.0,41,5.86,39.4,51.0,trd,tr-mdd,parallel,double-blind,10.1056/NEJMoa2206443; https://doi.org/10.1016/j.jad.2023.01.108,NCT03775200,"Goodwin Guy M., Aaronson Scott T., Alvarez Oscar, Arden Peter C., Baker Annie, Bennett James C., Bird Catherine, Blom Renske E., Brennan Christine, Brusch Donna, Burke Lisa, Campbell-Coker Kete, Carhart-Harris Robin, Cattell Joseph, Daniel Aster, DeBattista Charles, Dunlop Boadie W., Eisen Katherine, Feifel David, … Malievskaia Ekaterina. (2022). Single-Dose Psilocybin for a Treatment-Resistant Episode of Major Depression. New England Journal of Medicine, 387(18), 1637–1648. https://doi.org/10.1056/NEJMoa2206443"
Goodwin 2022,psil,psil,10 mg,1 mg,response,madrs,clinician,depression,1,Post-first dose 4,Week 6,42,6.0,0,NA,NA,NA,NA,NA,NA,NA,NA,NA,NA,NA,NA,NA,11,75.0,16,79.0,33.0,6.31,75.0,32.7,6.24,79.0,Low,Low,Low,Low,Low,Low,2022,psilocybin,psilocybin,10 mg,1 mg,10-mg group,1-mg group,1,10.0,1.0,41,5.86,39.6,50.4,trd,tr-mdd,parallel,double-blind,10.1056/NEJMoa2206443; https://doi.org/10.1016/j.jad.2023.01.108,NCT03775200,"Goodwin Guy M., Aaronson Scott T., Alvarez Oscar, Arden Peter C., Baker Annie, Bennett James C., Bird Catherine, Blom Renske E., Brennan Christine, Brusch Donna, Burke Lisa, Campbell-Coker Kete, Carhart-Harris Robin, Cattell Joseph, Daniel Aster, DeBattista Charles, Dunlop Boadie W., Eisen Katherine, Feifel David, … Malievskaia Ekaterina. (2022). Single-Dose Psilocybin for a Treatment-Resistant Episode of Major Depression. New England Journal of Medicine, 387(18), 1637–1648. https://doi.org/10.1056/NEJMoa2206443"
Goodwin 2022,psil,psil,25 mg,10 mg,response,madrs,clinician,depression,1,Post-first dose 5,Week 9,63,9.0,0,NA,NA,NA,NA,NA,NA,NA,NA,NA,NA,NA,NA,NA,20,79.0,12,75.0,31.9,5.41,79.0,33.0,6.31,75.0,Low,Low,Low,Low,Low,Low,2022,psilocybin,psilocybin,25 mg,10 mg,25-mg group,10-mg group,1,25.0,10.0,62,8.86,40.4,55.5,trd,tr-mdd,parallel,double-blind,10.1056/NEJMoa2206443; https://doi.org/10.1016/j.jad.2023.01.108,NCT03775200,"Goodwin Guy M., Aaronson Scott T., Alvarez Oscar, Arden Peter C., Baker Annie, Bennett James C., Bird Catherine, Blom Renske E., Brennan Christine, Brusch Donna, Burke Lisa, Campbell-Coker Kete, Carhart-Harris Robin, Cattell Joseph, Daniel Aster, DeBattista Charles, Dunlop Boadie W., Eisen Katherine, Feifel David, … Malievskaia Ekaterina. (2022). Single-Dose Psilocybin for a Treatment-Resistant Episode of Major Depression. New England Journal of Medicine, 387(18), 1637–1648. https://doi.org/10.1056/NEJMoa2206443"
Goodwin 2022,psil,psil,25 mg,1 mg,response,madrs,clinician,depression,1,Post-first dose 5,Week 9,63,9.0,0,NA,NA,NA,NA,NA,NA,NA,NA,NA,NA,NA,NA,NA,20,79.0,12,79.0,31.9,5.41,79.0,32.7,6.24,79.0,Low,Low,Low,Low,Low,Low,2022,psilocybin,psilocybin,25 mg,1 mg,25-mg group,1-mg group,1,25.0,1.0,62,8.86,39.4,51.0,trd,tr-mdd,parallel,double-blind,10.1056/NEJMoa2206443; https://doi.org/10.1016/j.jad.2023.01.108,NCT03775200,"Goodwin Guy M., Aaronson Scott T., Alvarez Oscar, Arden Peter C., Baker Annie, Bennett James C., Bird Catherine, Blom Renske E., Brennan Christine, Brusch Donna, Burke Lisa, Campbell-Coker Kete, Carhart-Harris Robin, Cattell Joseph, Daniel Aster, DeBattista Charles, Dunlop Boadie W., Eisen Katherine, Feifel David, … Malievskaia Ekaterina. (2022). Single-Dose Psilocybin for a Treatment-Resistant Episode of Major Depression. New England Journal of Medicine, 387(18), 1637–1648. https://doi.org/10.1056/NEJMoa2206443"
Goodwin 2022,psil,psil,10 mg,1 mg,response,madrs,clinician,depression,1,Post-first dose 5,Week 9,63,9.0,0,NA,NA,NA,NA,NA,NA,NA,NA,NA,NA,NA,NA,NA,12,75.0,12,79.0,33.0,6.31,75.0,32.7,6.24,79.0,Low,Low,Low,Low,Low,Low,2022,psilocybin,psilocybin,10 mg,1 mg,10-mg group,1-mg group,1,10.0,1.0,62,8.86,39.6,50.4,trd,tr-mdd,parallel,double-blind,10.1056/NEJMoa2206443; https://doi.org/10.1016/j.jad.2023.01.108,NCT03775200,"Goodwin Guy M., Aaronson Scott T., Alvarez Oscar, Arden Peter C., Baker Annie, Bennett James C., Bird Catherine, Blom Renske E., Brennan Christine, Brusch Donna, Burke Lisa, Campbell-Coker Kete, Carhart-Harris Robin, Cattell Joseph, Daniel Aster, DeBattista Charles, Dunlop Boadie W., Eisen Katherine, Feifel David, … Malievskaia Ekaterina. (2022). Single-Dose Psilocybin for a Treatment-Resistant Episode of Major Depression. New England Journal of Medicine, 387(18), 1637–1648. https://doi.org/10.1056/NEJMoa2206443"
Goodwin 2022,psil,psil,25 mg,10 mg,response,madrs,clinician,depression,1,Post-first dose 6,Week 12,84,12.0,0,NA,NA,NA,NA,NA,NA,NA,NA,NA,NA,NA,NA,NA,26,79.0,12,75.0,31.9,5.41,79.0,33.0,6.31,75.0,Low,Low,Low,Low,Low,Low,2022,psilocybin,psilocybin,25 mg,10 mg,25-mg group,10-mg group,1,25.0,10.0,83,11.86,40.4,55.5,trd,tr-mdd,parallel,double-blind,10.1056/NEJMoa2206443; https://doi.org/10.1016/j.jad.2023.01.108,NCT03775200,"Goodwin Guy M., Aaronson Scott T., Alvarez Oscar, Arden Peter C., Baker Annie, Bennett James C., Bird Catherine, Blom Renske E., Brennan Christine, Brusch Donna, Burke Lisa, Campbell-Coker Kete, Carhart-Harris Robin, Cattell Joseph, Daniel Aster, DeBattista Charles, Dunlop Boadie W., Eisen Katherine, Feifel David, … Malievskaia Ekaterina. (2022). Single-Dose Psilocybin for a Treatment-Resistant Episode of Major Depression. New England Journal of Medicine, 387(18), 1637–1648. https://doi.org/10.1056/NEJMoa2206443"
Goodwin 2022,psil,psil,25 mg,1 mg,response,madrs,clinician,depression,1,Post-first dose 6,Week 12,84,12.0,0,NA,NA,NA,NA,NA,NA,NA,NA,NA,NA,NA,NA,NA,26,79.0,13,79.0,31.9,5.41,79.0,32.7,6.24,79.0,Low,Low,Low,Low,Low,Low,2022,psilocybin,psilocybin,25 mg,1 mg,25-mg group,1-mg group,1,25.0,1.0,83,11.86,39.4,51.0,trd,tr-mdd,parallel,double-blind,10.1056/NEJMoa2206443; https://doi.org/10.1016/j.jad.2023.01.108,NCT03775200,"Goodwin Guy M., Aaronson Scott T., Alvarez Oscar, Arden Peter C., Baker Annie, Bennett James C., Bird Catherine, Blom Renske E., Brennan Christine, Brusch Donna, Burke Lisa, Campbell-Coker Kete, Carhart-Harris Robin, Cattell Joseph, Daniel Aster, DeBattista Charles, Dunlop Boadie W., Eisen Katherine, Feifel David, … Malievskaia Ekaterina. (2022). Single-Dose Psilocybin for a Treatment-Resistant Episode of Major Depression. New England Journal of Medicine, 387(18), 1637–1648. https://doi.org/10.1056/NEJMoa2206443"
Goodwin 2022,psil,psil,10 mg,1 mg,response,madrs,clinician,depression,1,Post-first dose 6,Week 12,84,12.0,0,NA,NA,NA,NA,NA,NA,NA,NA,NA,NA,NA,NA,NA,12,75.0,13,79.0,33.0,6.31,75.0,32.7,6.24,79.0,Low,Low,Low,Low,Low,Low,2022,psilocybin,psilocybin,10 mg,1 mg,10-mg group,1-mg group,1,10.0,1.0,83,11.86,39.6,50.4,trd,tr-mdd,parallel,double-blind,10.1056/NEJMoa2206443; https://doi.org/10.1016/j.jad.2023.01.108,NCT03775200,"Goodwin Guy M., Aaronson Scott T., Alvarez Oscar, Arden Peter C., Baker Annie, Bennett James C., Bird Catherine, Blom Renske E., Brennan Christine, Brusch Donna, Burke Lisa, Campbell-Coker Kete, Carhart-Harris Robin, Cattell Joseph, Daniel Aster, DeBattista Charles, Dunlop Boadie W., Eisen Katherine, Feifel David, … Malievskaia Ekaterina. (2022). Single-Dose Psilocybin for a Treatment-Resistant Episode of Major Depression. New England Journal of Medicine, 387(18), 1637–1648. https://doi.org/10.1056/NEJMoa2206443"
Goodwin 2022,psil,psil,25 mg,10 mg,response,madrs,clinician,depression,1,Post-first dose 7,Week 3-12 Sustained Response,84,12.0,0,NA,NA,NA,NA,NA,NA,NA,NA,NA,NA,NA,NA,NA,16,79.0,3,75.0,31.9,5.41,79.0,33.0,6.31,75.0,Low,Low,Low,Low,Low,Low,2022,psilocybin,psilocybin,25 mg,10 mg,25-mg group,10-mg group,1,25.0,10.0,83,11.86,40.4,55.5,trd,tr-mdd,parallel,double-blind,10.1056/NEJMoa2206443; https://doi.org/10.1016/j.jad.2023.01.108,NCT03775200,"Goodwin Guy M., Aaronson Scott T., Alvarez Oscar, Arden Peter C., Baker Annie, Bennett James C., Bird Catherine, Blom Renske E., Brennan Christine, Brusch Donna, Burke Lisa, Campbell-Coker Kete, Carhart-Harris Robin, Cattell Joseph, Daniel Aster, DeBattista Charles, Dunlop Boadie W., Eisen Katherine, Feifel David, … Malievskaia Ekaterina. (2022). Single-Dose Psilocybin for a Treatment-Resistant Episode of Major Depression. New England Journal of Medicine, 387(18), 1637–1648. https://doi.org/10.1056/NEJMoa2206443"
Goodwin 2022,psil,psil,25 mg,1 mg,response,madrs,clinician,depression,1,Post-first dose 7,Week 3-12 Sustained Response,84,12.0,0,NA,NA,NA,NA,NA,NA,NA,NA,NA,NA,NA,NA,NA,16,79.0,6,79.0,31.9,5.41,79.0,32.7,6.24,79.0,Low,Low,Low,Low,Low,Low,2022,psilocybin,psilocybin,25 mg,1 mg,25-mg group,1-mg group,1,25.0,1.0,83,11.86,39.4,51.0,trd,tr-mdd,parallel,double-blind,10.1056/NEJMoa2206443; https://doi.org/10.1016/j.jad.2023.01.108,NCT03775200,"Goodwin Guy M., Aaronson Scott T., Alvarez Oscar, Arden Peter C., Baker Annie, Bennett James C., Bird Catherine, Blom Renske E., Brennan Christine, Brusch Donna, Burke Lisa, Campbell-Coker Kete, Carhart-Harris Robin, Cattell Joseph, Daniel Aster, DeBattista Charles, Dunlop Boadie W., Eisen Katherine, Feifel David, … Malievskaia Ekaterina. (2022). Single-Dose Psilocybin for a Treatment-Resistant Episode of Major Depression. New England Journal of Medicine, 387(18), 1637–1648. https://doi.org/10.1056/NEJMoa2206443"
Goodwin 2022,psil,psil,10 mg,1 mg,response,madrs,clinician,depression,1,Post-first dose 7,Week 3-12 Sustained Response,84,12.0,0,NA,NA,NA,NA,NA,NA,NA,NA,NA,NA,NA,NA,NA,3,75.0,6,79.0,33.0,6.31,75.0,32.7,6.24,79.0,Low,Low,Low,Low,Low,Low,2022,psilocybin,psilocybin,10 mg,1 mg,10-mg group,1-mg group,1,10.0,1.0,83,11.86,39.6,50.4,trd,tr-mdd,parallel,double-blind,10.1056/NEJMoa2206443; https://doi.org/10.1016/j.jad.2023.01.108,NCT03775200,"Goodwin Guy M., Aaronson Scott T., Alvarez Oscar, Arden Peter C., Baker Annie, Bennett James C., Bird Catherine, Blom Renske E., Brennan Christine, Brusch Donna, Burke Lisa, Campbell-Coker Kete, Carhart-Harris Robin, Cattell Joseph, Daniel Aster, DeBattista Charles, Dunlop Boadie W., Eisen Katherine, Feifel David, … Malievskaia Ekaterina. (2022). Single-Dose Psilocybin for a Treatment-Resistant Episode of Major Depression. New England Journal of Medicine, 387(18), 1637–1648. https://doi.org/10.1056/NEJMoa2206443"
Goodwin 2022,psil,psil,25 mg,10 mg,remission,madrs,clinician,depression,1,Post-first dose 1,Day 2,2,0.29,0,NA,NA,NA,NA,NA,NA,NA,NA,NA,NA,NA,NA,NA,30,79.0,16,75.0,31.9,5.41,79.0,33.0,6.31,75.0,Low,Low,Low,Low,Low,Low,2022,psilocybin,psilocybin,25 mg,10 mg,25-mg group,10-mg group,1,25.0,10.0,1,0.15,40.4,55.5,trd,tr-mdd,parallel,double-blind,10.1056/NEJMoa2206443; https://doi.org/10.1016/j.jad.2023.01.108,NCT03775200,"Goodwin Guy M., Aaronson Scott T., Alvarez Oscar, Arden Peter C., Baker Annie, Bennett James C., Bird Catherine, Blom Renske E., Brennan Christine, Brusch Donna, Burke Lisa, Campbell-Coker Kete, Carhart-Harris Robin, Cattell Joseph, Daniel Aster, DeBattista Charles, Dunlop Boadie W., Eisen Katherine, Feifel David, … Malievskaia Ekaterina. (2022). Single-Dose Psilocybin for a Treatment-Resistant Episode of Major Depression. New England Journal of Medicine, 387(18), 1637–1648. https://doi.org/10.1056/NEJMoa2206443"
Goodwin 2022,psil,psil,25 mg,1 mg,remission,madrs,clinician,depression,1,Post-first dose 1,Day 2,2,0.29,0,NA,NA,NA,NA,NA,NA,NA,NA,NA,NA,NA,NA,NA,30,79.0,15,79.0,31.9,5.41,79.0,32.7,6.24,79.0,Low,Low,Low,Low,Low,Low,2022,psilocybin,psilocybin,25 mg,1 mg,25-mg group,1-mg group,1,25.0,1.0,1,0.15,39.4,51.0,trd,tr-mdd,parallel,double-blind,10.1056/NEJMoa2206443; https://doi.org/10.1016/j.jad.2023.01.108,NCT03775200,"Goodwin Guy M., Aaronson Scott T., Alvarez Oscar, Arden Peter C., Baker Annie, Bennett James C., Bird Catherine, Blom Renske E., Brennan Christine, Brusch Donna, Burke Lisa, Campbell-Coker Kete, Carhart-Harris Robin, Cattell Joseph, Daniel Aster, DeBattista Charles, Dunlop Boadie W., Eisen Katherine, Feifel David, … Malievskaia Ekaterina. (2022). Single-Dose Psilocybin for a Treatment-Resistant Episode of Major Depression. New England Journal of Medicine, 387(18), 1637–1648. https://doi.org/10.1056/NEJMoa2206443"
Goodwin 2022,psil,psil,10 mg,1 mg,remission,madrs,clinician,depression,1,Post-first dose 1,Day 2,2,0.29,0,NA,NA,NA,NA,NA,NA,NA,NA,NA,NA,NA,NA,NA,16,75.0,15,79.0,33.0,6.31,75.0,32.7,6.24,79.0,Low,Low,Low,Low,Low,Low,2022,psilocybin,psilocybin,10 mg,1 mg,10-mg group,1-mg group,1,10.0,1.0,1,0.15,39.6,50.4,trd,tr-mdd,parallel,double-blind,10.1056/NEJMoa2206443; https://doi.org/10.1016/j.jad.2023.01.108,NCT03775200,"Goodwin Guy M., Aaronson Scott T., Alvarez Oscar, Arden Peter C., Baker Annie, Bennett James C., Bird Catherine, Blom Renske E., Brennan Christine, Brusch Donna, Burke Lisa, Campbell-Coker Kete, Carhart-Harris Robin, Cattell Joseph, Daniel Aster, DeBattista Charles, Dunlop Boadie W., Eisen Katherine, Feifel David, … Malievskaia Ekaterina. (2022). Single-Dose Psilocybin for a Treatment-Resistant Episode of Major Depression. New England Journal of Medicine, 387(18), 1637–1648. https://doi.org/10.1056/NEJMoa2206443"
Goodwin 2022,psil,psil,25 mg,10 mg,remission,madrs,clinician,depression,1,Post-first dose 2,Week 1,7,1.0,0,NA,NA,NA,NA,NA,NA,NA,NA,NA,NA,NA,NA,NA,25,79.0,8,75.0,31.9,5.41,79.0,33.0,6.31,75.0,Low,Low,Low,Low,Low,Low,2022,psilocybin,psilocybin,25 mg,10 mg,25-mg group,10-mg group,1,25.0,10.0,6,0.86,40.4,55.5,trd,tr-mdd,parallel,double-blind,10.1056/NEJMoa2206443; https://doi.org/10.1016/j.jad.2023.01.108,NCT03775200,"Goodwin Guy M., Aaronson Scott T., Alvarez Oscar, Arden Peter C., Baker Annie, Bennett James C., Bird Catherine, Blom Renske E., Brennan Christine, Brusch Donna, Burke Lisa, Campbell-Coker Kete, Carhart-Harris Robin, Cattell Joseph, Daniel Aster, DeBattista Charles, Dunlop Boadie W., Eisen Katherine, Feifel David, … Malievskaia Ekaterina. (2022). Single-Dose Psilocybin for a Treatment-Resistant Episode of Major Depression. New England Journal of Medicine, 387(18), 1637–1648. https://doi.org/10.1056/NEJMoa2206443"
Goodwin 2022,psil,psil,25 mg,1 mg,remission,madrs,clinician,depression,1,Post-first dose 2,Week 1,7,1.0,0,NA,NA,NA,NA,NA,NA,NA,NA,NA,NA,NA,NA,NA,25,79.0,9,79.0,31.9,5.41,79.0,32.7,6.24,79.0,Low,Low,Low,Low,Low,Low,2022,psilocybin,psilocybin,25 mg,1 mg,25-mg group,1-mg group,1,25.0,1.0,6,0.86,39.4,51.0,trd,tr-mdd,parallel,double-blind,10.1056/NEJMoa2206443; https://doi.org/10.1016/j.jad.2023.01.108,NCT03775200,"Goodwin Guy M., Aaronson Scott T., Alvarez Oscar, Arden Peter C., Baker Annie, Bennett James C., Bird Catherine, Blom Renske E., Brennan Christine, Brusch Donna, Burke Lisa, Campbell-Coker Kete, Carhart-Harris Robin, Cattell Joseph, Daniel Aster, DeBattista Charles, Dunlop Boadie W., Eisen Katherine, Feifel David, … Malievskaia Ekaterina. (2022). Single-Dose Psilocybin for a Treatment-Resistant Episode of Major Depression. New England Journal of Medicine, 387(18), 1637–1648. https://doi.org/10.1056/NEJMoa2206443"
Goodwin 2022,psil,psil,10 mg,1 mg,remission,madrs,clinician,depression,1,Post-first dose 2,Week 1,7,1.0,0,NA,NA,NA,NA,NA,NA,NA,NA,NA,NA,NA,NA,NA,8,75.0,9,79.0,33.0,6.31,75.0,32.7,6.24,79.0,Low,Low,Low,Low,Low,Low,2022,psilocybin,psilocybin,10 mg,1 mg,10-mg group,1-mg group,1,10.0,1.0,6,0.86,39.6,50.4,trd,tr-mdd,parallel,double-blind,10.1056/NEJMoa2206443; https://doi.org/10.1016/j.jad.2023.01.108,NCT03775200,"Goodwin Guy M., Aaronson Scott T., Alvarez Oscar, Arden Peter C., Baker Annie, Bennett James C., Bird Catherine, Blom Renske E., Brennan Christine, Brusch Donna, Burke Lisa, Campbell-Coker Kete, Carhart-Harris Robin, Cattell Joseph, Daniel Aster, DeBattista Charles, Dunlop Boadie W., Eisen Katherine, Feifel David, … Malievskaia Ekaterina. (2022). Single-Dose Psilocybin for a Treatment-Resistant Episode of Major Depression. New England Journal of Medicine, 387(18), 1637–1648. https://doi.org/10.1056/NEJMoa2206443"
Goodwin 2022,psil,psil,25 mg,10 mg,remission,madrs,clinician,depression,1,Post-first dose 3,Week 3,21,3.0,1,NA,NA,NA,NA,NA,NA,NA,NA,NA,NA,NA,NA,NA,23,79.0,7,75.0,31.9,5.41,79.0,33.0,6.31,75.0,Low,Low,Low,Low,Low,Low,2022,psilocybin,psilocybin,25 mg,10 mg,25-mg group,10-mg group,1,25.0,10.0,20,2.86,40.4,55.5,trd,tr-mdd,parallel,double-blind,10.1056/NEJMoa2206443; https://doi.org/10.1016/j.jad.2023.01.108,NCT03775200,"Goodwin Guy M., Aaronson Scott T., Alvarez Oscar, Arden Peter C., Baker Annie, Bennett James C., Bird Catherine, Blom Renske E., Brennan Christine, Brusch Donna, Burke Lisa, Campbell-Coker Kete, Carhart-Harris Robin, Cattell Joseph, Daniel Aster, DeBattista Charles, Dunlop Boadie W., Eisen Katherine, Feifel David, … Malievskaia Ekaterina. (2022). Single-Dose Psilocybin for a Treatment-Resistant Episode of Major Depression. New England Journal of Medicine, 387(18), 1637–1648. https://doi.org/10.1056/NEJMoa2206443"
Goodwin 2022,psil,psil,25 mg,1 mg,remission,madrs,clinician,depression,1,Post-first dose 3,Week 3,21,3.0,1,NA,NA,NA,NA,NA,NA,NA,NA,NA,NA,NA,NA,NA,23,79.0,6,79.0,31.9,5.41,79.0,32.7,6.24,79.0,Low,Low,Low,Low,Low,Low,2022,psilocybin,psilocybin,25 mg,1 mg,25-mg group,1-mg group,1,25.0,1.0,20,2.86,39.4,51.0,trd,tr-mdd,parallel,double-blind,10.1056/NEJMoa2206443; https://doi.org/10.1016/j.jad.2023.01.108,NCT03775200,"Goodwin Guy M., Aaronson Scott T., Alvarez Oscar, Arden Peter C., Baker Annie, Bennett James C., Bird Catherine, Blom Renske E., Brennan Christine, Brusch Donna, Burke Lisa, Campbell-Coker Kete, Carhart-Harris Robin, Cattell Joseph, Daniel Aster, DeBattista Charles, Dunlop Boadie W., Eisen Katherine, Feifel David, … Malievskaia Ekaterina. (2022). Single-Dose Psilocybin for a Treatment-Resistant Episode of Major Depression. New England Journal of Medicine, 387(18), 1637–1648. https://doi.org/10.1056/NEJMoa2206443"
Goodwin 2022,psil,psil,10 mg,1 mg,remission,madrs,clinician,depression,1,Post-first dose 3,Week 3,21,3.0,1,NA,NA,NA,NA,NA,NA,NA,NA,NA,NA,NA,NA,NA,7,75.0,6,79.0,33.0,6.31,75.0,32.7,6.24,79.0,Low,Low,Low,Low,Low,Low,2022,psilocybin,psilocybin,10 mg,1 mg,10-mg group,1-mg group,1,10.0,1.0,20,2.86,39.6,50.4,trd,tr-mdd,parallel,double-blind,10.1056/NEJMoa2206443; https://doi.org/10.1016/j.jad.2023.01.108,NCT03775200,"Goodwin Guy M., Aaronson Scott T., Alvarez Oscar, Arden Peter C., Baker Annie, Bennett James C., Bird Catherine, Blom Renske E., Brennan Christine, Brusch Donna, Burke Lisa, Campbell-Coker Kete, Carhart-Harris Robin, Cattell Joseph, Daniel Aster, DeBattista Charles, Dunlop Boadie W., Eisen Katherine, Feifel David, … Malievskaia Ekaterina. (2022). Single-Dose Psilocybin for a Treatment-Resistant Episode of Major Depression. New England Journal of Medicine, 387(18), 1637–1648. https://doi.org/10.1056/NEJMoa2206443"
Goodwin 2022,psil,psil,25 mg,10 mg,remission,madrs,clinician,depression,1,Post-first dose 4,Week 6,42,6.0,0,NA,NA,NA,NA,NA,NA,NA,NA,NA,NA,NA,NA,NA,20,79.0,7,75.0,31.9,5.41,79.0,33.0,6.31,75.0,Low,Low,Low,Low,Low,Low,2022,psilocybin,psilocybin,25 mg,10 mg,25-mg group,10-mg group,1,25.0,10.0,41,5.86,40.4,55.5,trd,tr-mdd,parallel,double-blind,10.1056/NEJMoa2206443; https://doi.org/10.1016/j.jad.2023.01.108,NCT03775200,"Goodwin Guy M., Aaronson Scott T., Alvarez Oscar, Arden Peter C., Baker Annie, Bennett James C., Bird Catherine, Blom Renske E., Brennan Christine, Brusch Donna, Burke Lisa, Campbell-Coker Kete, Carhart-Harris Robin, Cattell Joseph, Daniel Aster, DeBattista Charles, Dunlop Boadie W., Eisen Katherine, Feifel David, … Malievskaia Ekaterina. (2022). Single-Dose Psilocybin for a Treatment-Resistant Episode of Major Depression. New England Journal of Medicine, 387(18), 1637–1648. https://doi.org/10.1056/NEJMoa2206443"
Goodwin 2022,psil,psil,25 mg,1 mg,remission,madrs,clinician,depression,1,Post-first dose 4,Week 6,42,6.0,0,NA,NA,NA,NA,NA,NA,NA,NA,NA,NA,NA,NA,NA,20,79.0,10,79.0,31.9,5.41,79.0,32.7,6.24,79.0,Low,Low,Low,Low,Low,Low,2022,psilocybin,psilocybin,25 mg,1 mg,25-mg group,1-mg group,1,25.0,1.0,41,5.86,39.4,51.0,trd,tr-mdd,parallel,double-blind,10.1056/NEJMoa2206443; https://doi.org/10.1016/j.jad.2023.01.108,NCT03775200,"Goodwin Guy M., Aaronson Scott T., Alvarez Oscar, Arden Peter C., Baker Annie, Bennett James C., Bird Catherine, Blom Renske E., Brennan Christine, Brusch Donna, Burke Lisa, Campbell-Coker Kete, Carhart-Harris Robin, Cattell Joseph, Daniel Aster, DeBattista Charles, Dunlop Boadie W., Eisen Katherine, Feifel David, … Malievskaia Ekaterina. (2022). Single-Dose Psilocybin for a Treatment-Resistant Episode of Major Depression. New England Journal of Medicine, 387(18), 1637–1648. https://doi.org/10.1056/NEJMoa2206443"
Goodwin 2022,psil,psil,10 mg,1 mg,remission,madrs,clinician,depression,1,Post-first dose 4,Week 6,42,6.0,0,NA,NA,NA,NA,NA,NA,NA,NA,NA,NA,NA,NA,NA,7,75.0,10,79.0,33.0,6.31,75.0,32.7,6.24,79.0,Low,Low,Low,Low,Low,Low,2022,psilocybin,psilocybin,10 mg,1 mg,10-mg group,1-mg group,1,10.0,1.0,41,5.86,39.6,50.4,trd,tr-mdd,parallel,double-blind,10.1056/NEJMoa2206443; https://doi.org/10.1016/j.jad.2023.01.108,NCT03775200,"Goodwin Guy M., Aaronson Scott T., Alvarez Oscar, Arden Peter C., Baker Annie, Bennett James C., Bird Catherine, Blom Renske E., Brennan Christine, Brusch Donna, Burke Lisa, Campbell-Coker Kete, Carhart-Harris Robin, Cattell Joseph, Daniel Aster, DeBattista Charles, Dunlop Boadie W., Eisen Katherine, Feifel David, … Malievskaia Ekaterina. (2022). Single-Dose Psilocybin for a Treatment-Resistant Episode of Major Depression. New England Journal of Medicine, 387(18), 1637–1648. https://doi.org/10.1056/NEJMoa2206443"
Goodwin 2022,psil,psil,25 mg,10 mg,remission,madrs,clinician,depression,1,Post-first dose 5,Week 9,63,9.0,0,NA,NA,NA,NA,NA,NA,NA,NA,NA,NA,NA,NA,NA,16,79.0,9,75.0,31.9,5.41,79.0,33.0,6.31,75.0,Low,Low,Low,Low,Low,Low,2022,psilocybin,psilocybin,25 mg,10 mg,25-mg group,10-mg group,1,25.0,10.0,62,8.86,40.4,55.5,trd,tr-mdd,parallel,double-blind,10.1056/NEJMoa2206443; https://doi.org/10.1016/j.jad.2023.01.108,NCT03775200,"Goodwin Guy M., Aaronson Scott T., Alvarez Oscar, Arden Peter C., Baker Annie, Bennett James C., Bird Catherine, Blom Renske E., Brennan Christine, Brusch Donna, Burke Lisa, Campbell-Coker Kete, Carhart-Harris Robin, Cattell Joseph, Daniel Aster, DeBattista Charles, Dunlop Boadie W., Eisen Katherine, Feifel David, … Malievskaia Ekaterina. (2022). Single-Dose Psilocybin for a Treatment-Resistant Episode of Major Depression. New England Journal of Medicine, 387(18), 1637–1648. https://doi.org/10.1056/NEJMoa2206443"
Goodwin 2022,psil,psil,25 mg,1 mg,remission,madrs,clinician,depression,1,Post-first dose 5,Week 9,63,9.0,0,NA,NA,NA,NA,NA,NA,NA,NA,NA,NA,NA,NA,NA,16,79.0,9,79.0,31.9,5.41,79.0,32.7,6.24,79.0,Low,Low,Low,Low,Low,Low,2022,psilocybin,psilocybin,25 mg,1 mg,25-mg group,1-mg group,1,25.0,1.0,62,8.86,39.4,51.0,trd,tr-mdd,parallel,double-blind,10.1056/NEJMoa2206443; https://doi.org/10.1016/j.jad.2023.01.108,NCT03775200,"Goodwin Guy M., Aaronson Scott T., Alvarez Oscar, Arden Peter C., Baker Annie, Bennett James C., Bird Catherine, Blom Renske E., Brennan Christine, Brusch Donna, Burke Lisa, Campbell-Coker Kete, Carhart-Harris Robin, Cattell Joseph, Daniel Aster, DeBattista Charles, Dunlop Boadie W., Eisen Katherine, Feifel David, … Malievskaia Ekaterina. (2022). Single-Dose Psilocybin for a Treatment-Resistant Episode of Major Depression. New England Journal of Medicine, 387(18), 1637–1648. https://doi.org/10.1056/NEJMoa2206443"
Goodwin 2022,psil,psil,10 mg,1 mg,remission,madrs,clinician,depression,1,Post-first dose 5,Week 9,63,9.0,0,NA,NA,NA,NA,NA,NA,NA,NA,NA,NA,NA,NA,NA,9,75.0,9,79.0,33.0,6.31,75.0,32.7,6.24,79.0,Low,Low,Low,Low,Low,Low,2022,psilocybin,psilocybin,10 mg,1 mg,10-mg group,1-mg group,1,10.0,1.0,62,8.86,39.6,50.4,trd,tr-mdd,parallel,double-blind,10.1056/NEJMoa2206443; https://doi.org/10.1016/j.jad.2023.01.108,NCT03775200,"Goodwin Guy M., Aaronson Scott T., Alvarez Oscar, Arden Peter C., Baker Annie, Bennett James C., Bird Catherine, Blom Renske E., Brennan Christine, Brusch Donna, Burke Lisa, Campbell-Coker Kete, Carhart-Harris Robin, Cattell Joseph, Daniel Aster, DeBattista Charles, Dunlop Boadie W., Eisen Katherine, Feifel David, … Malievskaia Ekaterina. (2022). Single-Dose Psilocybin for a Treatment-Resistant Episode of Major Depression. New England Journal of Medicine, 387(18), 1637–1648. https://doi.org/10.1056/NEJMoa2206443"
Goodwin 2022,psil,psil,25 mg,10 mg,remission,madrs,clinician,depression,1,Post-first dose 6,Week 12,84,12.0,0,NA,NA,NA,NA,NA,NA,NA,NA,NA,NA,NA,NA,NA,21,79.0,5,75.0,31.9,5.41,79.0,33.0,6.31,75.0,Low,Low,Low,Low,Low,Low,2022,psilocybin,psilocybin,25 mg,10 mg,25-mg group,10-mg group,1,25.0,10.0,83,11.86,40.4,55.5,trd,tr-mdd,parallel,double-blind,10.1056/NEJMoa2206443; https://doi.org/10.1016/j.jad.2023.01.108,NCT03775200,"Goodwin Guy M., Aaronson Scott T., Alvarez Oscar, Arden Peter C., Baker Annie, Bennett James C., Bird Catherine, Blom Renske E., Brennan Christine, Brusch Donna, Burke Lisa, Campbell-Coker Kete, Carhart-Harris Robin, Cattell Joseph, Daniel Aster, DeBattista Charles, Dunlop Boadie W., Eisen Katherine, Feifel David, … Malievskaia Ekaterina. (2022). Single-Dose Psilocybin for a Treatment-Resistant Episode of Major Depression. New England Journal of Medicine, 387(18), 1637–1648. https://doi.org/10.1056/NEJMoa2206443"
Goodwin 2022,psil,psil,25 mg,1 mg,remission,madrs,clinician,depression,1,Post-first dose 6,Week 12,84,12.0,0,NA,NA,NA,NA,NA,NA,NA,NA,NA,NA,NA,NA,NA,21,79.0,9,79.0,31.9,5.41,79.0,32.7,6.24,79.0,Low,Low,Low,Low,Low,Low,2022,psilocybin,psilocybin,25 mg,1 mg,25-mg group,1-mg group,1,25.0,1.0,83,11.86,39.4,51.0,trd,tr-mdd,parallel,double-blind,10.1056/NEJMoa2206443; https://doi.org/10.1016/j.jad.2023.01.108,NCT03775200,"Goodwin Guy M., Aaronson Scott T., Alvarez Oscar, Arden Peter C., Baker Annie, Bennett James C., Bird Catherine, Blom Renske E., Brennan Christine, Brusch Donna, Burke Lisa, Campbell-Coker Kete, Carhart-Harris Robin, Cattell Joseph, Daniel Aster, DeBattista Charles, Dunlop Boadie W., Eisen Katherine, Feifel David, … Malievskaia Ekaterina. (2022). Single-Dose Psilocybin for a Treatment-Resistant Episode of Major Depression. New England Journal of Medicine, 387(18), 1637–1648. https://doi.org/10.1056/NEJMoa2206443"
Goodwin 2022,psil,psil,10 mg,1 mg,remission,madrs,clinician,depression,1,Post-first dose 6,Week 12,84,12.0,0,NA,NA,NA,NA,NA,NA,NA,NA,NA,NA,NA,NA,NA,5,75.0,9,79.0,33.0,6.31,75.0,32.7,6.24,79.0,Low,Low,Low,Low,Low,Low,2022,psilocybin,psilocybin,10 mg,1 mg,10-mg group,1-mg group,1,10.0,1.0,83,11.86,39.6,50.4,trd,tr-mdd,parallel,double-blind,10.1056/NEJMoa2206443; https://doi.org/10.1016/j.jad.2023.01.108,NCT03775200,"Goodwin Guy M., Aaronson Scott T., Alvarez Oscar, Arden Peter C., Baker Annie, Bennett James C., Bird Catherine, Blom Renske E., Brennan Christine, Brusch Donna, Burke Lisa, Campbell-Coker Kete, Carhart-Harris Robin, Cattell Joseph, Daniel Aster, DeBattista Charles, Dunlop Boadie W., Eisen Katherine, Feifel David, … Malievskaia Ekaterina. (2022). Single-Dose Psilocybin for a Treatment-Resistant Episode of Major Depression. New England Journal of Medicine, 387(18), 1637–1648. https://doi.org/10.1056/NEJMoa2206443"
Carhart-Harris 2021,psil,esc,NA,NA,change,qids-sr,self-report,depression,0,Post-second dose 1,Week 6,42,6.0,1,NA,NA,NA,NA,NA,NA,NA,30.0,-8.0,5.477225575051661,29.0,-6.0,5.385164807134504,NA,NA,NA,NA,14.5,3.9,30.0,16.4,4.1,29.0,Low,Low,Low,Some concerns,Low,Some concerns,2021,psilocybin,escitalopram,25 mg; 25 mg,10 mg; 20 mg,psilocybin group,escitalopram group,2,50.0,30.0,21,3.0,41.2,34.1,mdd,mdd,parallel,double-blind,10.1056/NEJMoa2032994,NCT03429075,"Carhart-Harris, R., Giribaldi, B., Watts, R., Baker-Jones, M., Murphy-Beiner, A., Murphy, R., Martell, J., Blemings, A., Erritzoe, D., & Nutt, D. J. (2021). Trial of Psilocybin versus Escitalopram for Depression. New England Journal of Medicine, 384(15), 1402–1411. https://doi.org/10.1056/NEJMoa2032994"
Carhart-Harris 2021,psil,esc,NA,NA,change,bdi-1a,self-report,depression,0,Post-second dose 1,Week 6,42,6.0,1,NA,NA,NA,NA,NA,NA,NA,30.0,-18.4,12.295812515422098,29.0,-10.8,9.6163657270259,NA,NA,NA,NA,29.1,6.8,30.0,28.7,7.0,29.0,Low,Low,Low,Some concerns,Low,Some concerns,2021,psilocybin,escitalopram,25 mg; 25 mg,10 mg; 20 mg,psilocybin group,escitalopram group,2,50.0,30.0,21,3.0,41.2,34.1,mdd,mdd,parallel,double-blind,10.1056/NEJMoa2032994,NCT03429075,"Carhart-Harris, R., Giribaldi, B., Watts, R., Baker-Jones, M., Murphy-Beiner, A., Murphy, R., Martell, J., Blemings, A., Erritzoe, D., & Nutt, D. J. (2021). Trial of Psilocybin versus Escitalopram for Depression. New England Journal of Medicine, 384(15), 1402–1411. https://doi.org/10.1056/NEJMoa2032994"
Carhart-Harris 2021,psil,esc,NA,NA,change,ham-d-17,clinician,depression,0,Post-second dose 1,Week 6,42,6.0,1,NA,NA,NA,NA,NA,NA,NA,30.0,-10.5,5.477225575051661,29.0,-5.1,5.385164807134504,NA,NA,NA,NA,19.2,2.3,30.0,18.4,3.4,29.0,Low,Low,Low,Some concerns,Low,Some concerns,2021,psilocybin,escitalopram,25 mg; 25 mg,10 mg; 20 mg,psilocybin group,escitalopram group,2,50.0,30.0,21,3.0,41.2,34.1,mdd,mdd,parallel,double-blind,10.1056/NEJMoa2032994,NCT03429075,"Carhart-Harris, R., Giribaldi, B., Watts, R., Baker-Jones, M., Murphy-Beiner, A., Murphy, R., Martell, J., Blemings, A., Erritzoe, D., & Nutt, D. J. (2021). Trial of Psilocybin versus Escitalopram for Depression. New England Journal of Medicine, 384(15), 1402–1411. https://doi.org/10.1056/NEJMoa2032994"
Carhart-Harris 2021,psil,esc,NA,NA,change,madrs,clinician,depression,0,Post-second dose 1,Week 6,42,6.0,1,NA,NA,NA,NA,NA,NA,NA,30.0,-14.4,9.311283477587823,29.0,-7.2,9.154780172128657,NA,NA,NA,NA,27.9,4.0,30.0,26.9,5.3,29.0,Low,Low,Low,Some concerns,Low,Some concerns,2021,psilocybin,escitalopram,25 mg; 25 mg,10 mg; 20 mg,psilocybin group,escitalopram group,2,50.0,30.0,21,3.0,41.2,34.1,mdd,mdd,parallel,double-blind,10.1056/NEJMoa2032994,NCT03429075,"Carhart-Harris, R., Giribaldi, B., Watts, R., Baker-Jones, M., Murphy-Beiner, A., Murphy, R., Martell, J., Blemings, A., Erritzoe, D., & Nutt, D. J. (2021). Trial of Psilocybin versus Escitalopram for Depression. New England Journal of Medicine, 384(15), 1402–1411. https://doi.org/10.1056/NEJMoa2032994"
Carhart-Harris 2021,psil,esc,NA,NA,change,fs,self-report,well-being,0,Post-second dose 1,Week 6,42,6.0,1,NA,NA,NA,NA,NA,NA,NA,30.0,14.4,9.311283477587823,29.0,9.0,9.154780172128657,NA,NA,NA,NA,NA,NA,NA,NA,NA,NA,Low,Low,Low,Some concerns,Low,Some concerns,2021,psilocybin,escitalopram,25 mg; 25 mg,10 mg; 20 mg,psilocybin group,escitalopram group,2,50.0,30.0,21,3.0,41.2,34.1,mdd,mdd,parallel,double-blind,10.1056/NEJMoa2032994,NCT03429075,"Carhart-Harris, R., Giribaldi, B., Watts, R., Baker-Jones, M., Murphy-Beiner, A., Murphy, R., Martell, J., Blemings, A., Erritzoe, D., & Nutt, D. J. (2021). Trial of Psilocybin versus Escitalopram for Depression. New England Journal of Medicine, 384(15), 1402–1411. https://doi.org/10.1056/NEJMoa2032994"
Carhart-Harris 2021,psil,esc,NA,NA,change,stai,self-report,anxiety,0,Post-second dose 1,Week 6,42,6.0,1,NA,NA,NA,NA,NA,NA,NA,30.0,-17.6,12.049896265113656,29.0,-8.5,11.84736257569591,NA,NA,NA,NA,NA,NA,NA,NA,NA,NA,Low,Low,Low,Some concerns,Low,Some concerns,2021,psilocybin,escitalopram,25 mg; 25 mg,10 mg; 20 mg,psilocybin group,escitalopram group,2,50.0,30.0,21,3.0,41.2,34.1,mdd,mdd,parallel,double-blind,10.1056/NEJMoa2032994,NCT03429075,"Carhart-Harris, R., Giribaldi, B., Watts, R., Baker-Jones, M., Murphy-Beiner, A., Murphy, R., Martell, J., Blemings, A., Erritzoe, D., & Nutt, D. J. (2021). Trial of Psilocybin versus Escitalopram for Depression. New England Journal of Medicine, 384(15), 1402–1411. https://doi.org/10.1056/NEJMoa2032994"
Carhart-Harris 2021,psil,esc,NA,NA,change,beaq,self-report,experiential avoidance,0,Post-second dose 1,Week 6,42,6.0,1,NA,NA,NA,NA,NA,NA,NA,30.0,-10.5,12.049896265113656,29.0,-1.0,12.385879056409358,NA,NA,NA,NA,NA,NA,NA,NA,NA,NA,Low,Low,Low,Some concerns,Low,Some concerns,2021,psilocybin,escitalopram,25 mg; 25 mg,10 mg; 20 mg,psilocybin group,escitalopram group,2,50.0,30.0,21,3.0,41.2,34.1,mdd,mdd,parallel,double-blind,10.1056/NEJMoa2032994,NCT03429075,"Carhart-Harris, R., Giribaldi, B., Watts, R., Baker-Jones, M., Murphy-Beiner, A., Murphy, R., Martell, J., Blemings, A., Erritzoe, D., & Nutt, D. J. (2021). Trial of Psilocybin versus Escitalopram for Depression. New England Journal of Medicine, 384(15), 1402–1411. https://doi.org/10.1056/NEJMoa2032994"
Carhart-Harris 2021,psil,esc,NA,NA,change,wsas,self-report,functional impairment,0,Post-second dose 1,Week 6,42,6.0,1,NA,NA,NA,NA,NA,NA,NA,30.0,-9.7,9.311283477587823,29.0,-3.8,9.154780172128657,NA,NA,NA,NA,NA,NA,NA,NA,NA,NA,Low,Low,Low,Some concerns,Low,Some concerns,2021,psilocybin,escitalopram,25 mg; 25 mg,10 mg; 20 mg,psilocybin group,escitalopram group,2,50.0,30.0,21,3.0,41.2,34.1,mdd,mdd,parallel,double-blind,10.1056/NEJMoa2032994,NCT03429075,"Carhart-Harris, R., Giribaldi, B., Watts, R., Baker-Jones, M., Murphy-Beiner, A., Murphy, R., Martell, J., Blemings, A., Erritzoe, D., & Nutt, D. J. (2021). Trial of Psilocybin versus Escitalopram for Depression. New England Journal of Medicine, 384(15), 1402–1411. https://doi.org/10.1056/NEJMoa2032994"
Carhart-Harris 2021,psil,esc,NA,NA,change,shaps,self-report,anhedonia,0,Post-second dose 1,Week 6,42,6.0,1,NA,NA,NA,NA,NA,NA,NA,30.0,-4.7,3.2863353450309964,29.0,-2.5,3.2310988842807022,NA,NA,NA,NA,NA,NA,NA,NA,NA,NA,Low,Low,Low,Some concerns,Low,Some concerns,2021,psilocybin,escitalopram,25 mg; 25 mg,10 mg; 20 mg,psilocybin group,escitalopram group,2,50.0,30.0,21,3.0,41.2,34.1,mdd,mdd,parallel,double-blind,10.1056/NEJMoa2032994,NCT03429075,"Carhart-Harris, R., Giribaldi, B., Watts, R., Baker-Jones, M., Murphy-Beiner, A., Murphy, R., Martell, J., Blemings, A., Erritzoe, D., & Nutt, D. J. (2021). Trial of Psilocybin versus Escitalopram for Depression. New England Journal of Medicine, 384(15), 1402–1411. https://doi.org/10.1056/NEJMoa2032994"
Carhart-Harris 2021,psil,esc,NA,NA,change,wemwbs,self-report,well-being,0,Post-second dose 1,Week 6,42,6.0,1,NA,NA,NA,NA,NA,NA,NA,30.0,15.4,10.406728592598157,29.0,7.3,10.231813133555557,NA,NA,NA,NA,NA,NA,NA,NA,NA,NA,Low,Low,Low,Some concerns,Low,Some concerns,2021,psilocybin,escitalopram,25 mg; 25 mg,10 mg; 20 mg,psilocybin group,escitalopram group,2,50.0,30.0,21,3.0,41.2,34.1,mdd,mdd,parallel,double-blind,10.1056/NEJMoa2032994,NCT03429075,"Carhart-Harris, R., Giribaldi, B., Watts, R., Baker-Jones, M., Murphy-Beiner, A., Murphy, R., Martell, J., Blemings, A., Erritzoe, D., & Nutt, D. J. (2021). Trial of Psilocybin versus Escitalopram for Depression. New England Journal of Medicine, 384(15), 1402–1411. https://doi.org/10.1056/NEJMoa2032994"
Carhart-Harris 2021,psil,esc,NA,NA,change,sidas,self-report,suicidal ideation,0,Post-second dose 1,Week 6,42,6.0,1,NA,NA,NA,NA,NA,NA,NA,30.0,-2.0,6.008181115490342,29.0,-0.8,7.418339275134266,NA,NA,NA,NA,NA,NA,NA,NA,NA,NA,Low,Low,Low,Some concerns,Low,Some concerns,2021,psilocybin,escitalopram,25 mg; 25 mg,10 mg; 20 mg,psilocybin group,escitalopram group,2,50.0,30.0,21,3.0,41.2,34.1,mdd,mdd,parallel,double-blind,10.1056/NEJMoa2032994,NCT03429075,"Carhart-Harris, R., Giribaldi, B., Watts, R., Baker-Jones, M., Murphy-Beiner, A., Murphy, R., Martell, J., Blemings, A., Erritzoe, D., & Nutt, D. J. (2021). Trial of Psilocybin versus Escitalopram for Depression. New England Journal of Medicine, 384(15), 1402–1411. https://doi.org/10.1056/NEJMoa2032994"
Carhart-Harris 2021,psil,esc,NA,NA,msd,prsexdq,self-report  ,sexual dysfunction,0,Post-second dose 1,Week 6,42,6.0,1,NA,30.0,0.0,0.0,29.0,3.0,9.6163657270259,NA,NA,NA,NA,NA,NA,NA,NA,NA,NA,NA,NA,NA,NA,NA,NA,Low,Low,Low,Some concerns,Low,Some concerns,2021,psilocybin,escitalopram,25 mg; 25 mg,10 mg; 20 mg,psilocybin group,escitalopram group,2,50.0,30.0,21,3.0,41.2,34.1,mdd,mdd,parallel,double-blind,10.1056/NEJMoa2032994,NCT03429075,"Carhart-Harris, R., Giribaldi, B., Watts, R., Baker-Jones, M., Murphy-Beiner, A., Murphy, R., Martell, J., Blemings, A., Erritzoe, D., & Nutt, D. J. (2021). Trial of Psilocybin versus Escitalopram for Depression. New England Journal of Medicine, 384(15), 1402–1411. https://doi.org/10.1056/NEJMoa2032994"
Carhart-Harris 2021,psil,esc,NA,NA,msd,leis,self-report,emotional intensity,0,Post-second dose 1,Week 6,42,6.0,1,NA,30.0,4.1,4.929503017546495,29.0,-2.2,5.385164807134504,NA,NA,NA,NA,NA,NA,NA,NA,NA,NA,NA,NA,NA,NA,NA,NA,Low,Low,Low,Some concerns,Low,Some concerns,2021,psilocybin,escitalopram,25 mg; 25 mg,10 mg; 20 mg,psilocybin group,escitalopram group,2,50.0,30.0,21,3.0,41.2,34.1,mdd,mdd,parallel,double-blind,10.1056/NEJMoa2032994,NCT03429075,"Carhart-Harris, R., Giribaldi, B., Watts, R., Baker-Jones, M., Murphy-Beiner, A., Murphy, R., Martell, J., Blemings, A., Erritzoe, D., & Nutt, D. J. (2021). Trial of Psilocybin versus Escitalopram for Depression. New England Journal of Medicine, 384(15), 1402–1411. https://doi.org/10.1056/NEJMoa2032994"
Carhart-Harris 2021,psil,esc,NA,NA,msd,qids-sr,self-report,depression,1,Post-second dose 1,Week 6,42,6.0,1,NA,30.0,6.9,5.9,29.0,10.1,5.8,NA,NA,NA,NA,NA,NA,NA,NA,NA,NA,14.5,3.9,30.0,16.4,4.1,29.0,Low,Low,Low,Some concerns,Low,Some concerns,2021,psilocybin,escitalopram,25 mg; 25 mg,10 mg; 20 mg,psilocybin group,escitalopram group,2,50.0,30.0,21,3.0,41.2,34.1,mdd,mdd,parallel,double-blind,10.1056/NEJMoa2032994,NCT03429075,"Carhart-Harris, R., Giribaldi, B., Watts, R., Baker-Jones, M., Murphy-Beiner, A., Murphy, R., Martell, J., Blemings, A., Erritzoe, D., & Nutt, D. J. (2021). Trial of Psilocybin versus Escitalopram for Depression. New England Journal of Medicine, 384(15), 1402–1411. https://doi.org/10.1056/NEJMoa2032994"
Carhart-Harris 2021,psil,esc,NA,NA,msd,bdi-1a,self-report,depression,0,Post-second dose 1,Week 6,42,6.0,1,NA,30.0,10.7,11.0,29.0,17.9,11.1,NA,NA,NA,NA,NA,NA,NA,NA,NA,NA,29.1,6.8,30.0,28.7,7.0,29.0,Low,Low,Low,Some concerns,Low,Some concerns,2021,psilocybin,escitalopram,25 mg; 25 mg,10 mg; 20 mg,psilocybin group,escitalopram group,2,50.0,30.0,21,3.0,41.2,34.1,mdd,mdd,parallel,double-blind,10.1056/NEJMoa2032994,NCT03429075,"Carhart-Harris, R., Giribaldi, B., Watts, R., Baker-Jones, M., Murphy-Beiner, A., Murphy, R., Martell, J., Blemings, A., Erritzoe, D., & Nutt, D. J. (2021). Trial of Psilocybin versus Escitalopram for Depression. New England Journal of Medicine, 384(15), 1402–1411. https://doi.org/10.1056/NEJMoa2032994"
Carhart-Harris 2021,psil,esc,NA,NA,msd,ham-d-17,clinician,depression,0,Post-second dose 1,Week 6,42,6.0,1,NA,30.0,8.3,5.5,29.0,13.6,5.2,NA,NA,NA,NA,NA,NA,NA,NA,NA,NA,19.2,2.3,30.0,18.4,3.4,29.0,Low,Low,Low,Some concerns,Low,Some concerns,2021,psilocybin,escitalopram,25 mg; 25 mg,10 mg; 20 mg,psilocybin group,escitalopram group,2,50.0,30.0,21,3.0,41.2,34.1,mdd,mdd,parallel,double-blind,10.1056/NEJMoa2032994,NCT03429075,"Carhart-Harris, R., Giribaldi, B., Watts, R., Baker-Jones, M., Murphy-Beiner, A., Murphy, R., Martell, J., Blemings, A., Erritzoe, D., & Nutt, D. J. (2021). Trial of Psilocybin versus Escitalopram for Depression. New England Journal of Medicine, 384(15), 1402–1411. https://doi.org/10.1056/NEJMoa2032994"
Carhart-Harris 2021,psil,esc,NA,NA,msd,madrs,clinician,depression,0,Post-second dose 1,Week 6,42,6.0,1,NA,30.0,13.0,10.0,29.0,19.8,8.5,NA,NA,NA,NA,NA,NA,NA,NA,NA,NA,27.9,4.0,30.0,26.9,5.3,29.0,Low,Low,Low,Some concerns,Low,Some concerns,2021,psilocybin,escitalopram,25 mg; 25 mg,10 mg; 20 mg,psilocybin group,escitalopram group,2,50.0,30.0,21,3.0,41.2,34.1,mdd,mdd,parallel,double-blind,10.1056/NEJMoa2032994,NCT03429075,"Carhart-Harris, R., Giribaldi, B., Watts, R., Baker-Jones, M., Murphy-Beiner, A., Murphy, R., Martell, J., Blemings, A., Erritzoe, D., & Nutt, D. J. (2021). Trial of Psilocybin versus Escitalopram for Depression. New England Journal of Medicine, 384(15), 1402–1411. https://doi.org/10.1056/NEJMoa2032994"
Carhart-Harris 2021,psil,esc,NA,NA,response,qids-sr,self-report,depression,0,Post-second dose 1,Week 6,42,6.0,1,NA,NA,NA,NA,NA,NA,NA,NA,NA,NA,NA,NA,NA,21,30.0,14,29.0,14.5,3.9,30.0,16.4,4.1,29.0,Low,Low,Low,Some concerns,Low,Some concerns,2021,psilocybin,escitalopram,25 mg; 25 mg,10 mg; 20 mg,psilocybin group,escitalopram group,2,50.0,30.0,21,3.0,41.2,34.1,mdd,mdd,parallel,double-blind,10.1056/NEJMoa2032994,NCT03429075,"Carhart-Harris, R., Giribaldi, B., Watts, R., Baker-Jones, M., Murphy-Beiner, A., Murphy, R., Martell, J., Blemings, A., Erritzoe, D., & Nutt, D. J. (2021). Trial of Psilocybin versus Escitalopram for Depression. New England Journal of Medicine, 384(15), 1402–1411. https://doi.org/10.1056/NEJMoa2032994"
Carhart-Harris 2021,psil,esc,NA,NA,remission,qids-sr,self-report,depression,0,Post-second dose 1,Week 6,42,6.0,1,NA,NA,NA,NA,NA,NA,NA,NA,NA,NA,NA,NA,NA,17,30.0,8,29.0,14.5,3.9,30.0,16.4,4.1,29.0,Low,Low,Low,Some concerns,Low,Some concerns,2021,psilocybin,escitalopram,25 mg; 25 mg,10 mg; 20 mg,psilocybin group,escitalopram group,2,50.0,30.0,21,3.0,41.2,34.1,mdd,mdd,parallel,double-blind,10.1056/NEJMoa2032994,NCT03429075,"Carhart-Harris, R., Giribaldi, B., Watts, R., Baker-Jones, M., Murphy-Beiner, A., Murphy, R., Martell, J., Blemings, A., Erritzoe, D., & Nutt, D. J. (2021). Trial of Psilocybin versus Escitalopram for Depression. New England Journal of Medicine, 384(15), 1402–1411. https://doi.org/10.1056/NEJMoa2032994"
Carhart-Harris 2021,psil,esc,NA,NA,response,bdi-1a,self-report,depression,0,Post-second dose 1,Week 6,42,6.0,1,NA,NA,NA,NA,NA,NA,NA,NA,NA,NA,NA,NA,NA,23,30.0,12,29.0,29.1,6.8,30.0,28.7,7.0,29.0,Low,Low,Low,Some concerns,Low,Some concerns,2021,psilocybin,escitalopram,25 mg; 25 mg,10 mg; 20 mg,psilocybin group,escitalopram group,2,50.0,30.0,21,3.0,41.2,34.1,mdd,mdd,parallel,double-blind,10.1056/NEJMoa2032994,NCT03429075,"Carhart-Harris, R., Giribaldi, B., Watts, R., Baker-Jones, M., Murphy-Beiner, A., Murphy, R., Martell, J., Blemings, A., Erritzoe, D., & Nutt, D. J. (2021). Trial of Psilocybin versus Escitalopram for Depression. New England Journal of Medicine, 384(15), 1402–1411. https://doi.org/10.1056/NEJMoa2032994"
Carhart-Harris 2021,psil,esc,NA,NA,remission,bdi-1a,self-report,depression,0,Post-second dose 1,Week 6,42,6.0,1,NA,NA,NA,NA,NA,NA,NA,NA,NA,NA,NA,NA,NA,17,30.0,5,29.0,29.1,6.8,30.0,28.7,7.0,29.0,Low,Low,Low,Some concerns,Low,Some concerns,2021,psilocybin,escitalopram,25 mg; 25 mg,10 mg; 20 mg,psilocybin group,escitalopram group,2,50.0,30.0,21,3.0,41.2,34.1,mdd,mdd,parallel,double-blind,10.1056/NEJMoa2032994,NCT03429075,"Carhart-Harris, R., Giribaldi, B., Watts, R., Baker-Jones, M., Murphy-Beiner, A., Murphy, R., Martell, J., Blemings, A., Erritzoe, D., & Nutt, D. J. (2021). Trial of Psilocybin versus Escitalopram for Depression. New England Journal of Medicine, 384(15), 1402–1411. https://doi.org/10.1056/NEJMoa2032994"
Carhart-Harris 2021,psil,esc,NA,NA,response,ham-d-17,clinician,depression,0,Post-second dose 1,Week 6,42,6.0,1,NA,NA,NA,NA,NA,NA,NA,NA,NA,NA,NA,NA,NA,22,30.0,7,29.0,19.2,2.3,30.0,18.4,3.4,29.0,Low,Low,Low,Some concerns,Low,Some concerns,2021,psilocybin,escitalopram,25 mg; 25 mg,10 mg; 20 mg,psilocybin group,escitalopram group,2,50.0,30.0,21,3.0,41.2,34.1,mdd,mdd,parallel,double-blind,10.1056/NEJMoa2032994,NCT03429075,"Carhart-Harris, R., Giribaldi, B., Watts, R., Baker-Jones, M., Murphy-Beiner, A., Murphy, R., Martell, J., Blemings, A., Erritzoe, D., & Nutt, D. J. (2021). Trial of Psilocybin versus Escitalopram for Depression. New England Journal of Medicine, 384(15), 1402–1411. https://doi.org/10.1056/NEJMoa2032994"
Carhart-Harris 2021,psil,esc,NA,NA,response,madrs,clinician,depression,0,Post-second dose 1,Week 6,42,6.0,1,NA,NA,NA,NA,NA,NA,NA,NA,NA,NA,NA,NA,NA,20,30.0,6,29.0,27.9,4.0,30.0,26.9,5.3,29.0,Low,Low,Low,Some concerns,Low,Some concerns,2021,psilocybin,escitalopram,25 mg; 25 mg,10 mg; 20 mg,psilocybin group,escitalopram group,2,50.0,30.0,21,3.0,41.2,34.1,mdd,mdd,parallel,double-blind,10.1056/NEJMoa2032994,NCT03429075,"Carhart-Harris, R., Giribaldi, B., Watts, R., Baker-Jones, M., Murphy-Beiner, A., Murphy, R., Martell, J., Blemings, A., Erritzoe, D., & Nutt, D. J. (2021). Trial of Psilocybin versus Escitalopram for Depression. New England Journal of Medicine, 384(15), 1402–1411. https://doi.org/10.1056/NEJMoa2032994"
Carhart-Harris 2021,psil,esc,NA,NA,remission,ham-d-17,clinician,depression,0,Post-second dose 1,Week 6,42,6.0,1,NA,NA,NA,NA,NA,NA,NA,NA,NA,NA,NA,NA,NA,15,30.0,3,29.0,19.2,2.3,30.0,18.4,3.4,29.0,Low,Low,Low,Some concerns,Low,Some concerns,2021,psilocybin,escitalopram,25 mg; 25 mg,10 mg; 20 mg,psilocybin group,escitalopram group,2,50.0,30.0,21,3.0,41.2,34.1,mdd,mdd,parallel,double-blind,10.1056/NEJMoa2032994,NCT03429075,"Carhart-Harris, R., Giribaldi, B., Watts, R., Baker-Jones, M., Murphy-Beiner, A., Murphy, R., Martell, J., Blemings, A., Erritzoe, D., & Nutt, D. J. (2021). Trial of Psilocybin versus Escitalopram for Depression. New England Journal of Medicine, 384(15), 1402–1411. https://doi.org/10.1056/NEJMoa2032994"
Carhart-Harris 2021,psil,esc,NA,NA,remission,madrs,clinician,depression,0,Post-second dose 1,Week 6,42,6.0,1,NA,NA,NA,NA,NA,NA,NA,NA,NA,NA,NA,NA,NA,9,30.0,2,29.0,27.9,4.0,30.0,26.9,5.3,29.0,Low,Low,Low,Some concerns,Low,Some concerns,2021,psilocybin,escitalopram,25 mg; 25 mg,10 mg; 20 mg,psilocybin group,escitalopram group,2,50.0,30.0,21,3.0,41.2,34.1,mdd,mdd,parallel,double-blind,10.1056/NEJMoa2032994,NCT03429075,"Carhart-Harris, R., Giribaldi, B., Watts, R., Baker-Jones, M., Murphy-Beiner, A., Murphy, R., Martell, J., Blemings, A., Erritzoe, D., & Nutt, D. J. (2021). Trial of Psilocybin versus Escitalopram for Depression. New England Journal of Medicine, 384(15), 1402–1411. https://doi.org/10.1056/NEJMoa2032994"
Davis 2021,psil,wl,NA,NA,msd,bdi,self-report,depression,0,Post-second dose 1,Week 5,35,5.0,0,0,13.0,8.2,8.9,11.0,35.2,9.1,NA,NA,NA,NA,NA,NA,NA,NA,NA,NA,31.9,7.0,13.0,34.5,10.0,11.0,Low,Some concerns,Some concerns,Low,Low,Some concerns,2021,psilocybin,waitlist,20 mg/70 kg; 30mg/70kg,NA,immediate treatment group,delayed treatment group,2,50.0,NA,7,1.0,39.9,66.8,mdd,mdd,crossover,open-label,10.1001/jamapsychiatry.2020.3285; 10.1177/02698811211073759,NCT03181529,"Davis, A. K., Barrett, F. S., May, D. G., Cosimano, M. P., Sepeda, N. D., Johnson, M. W., Finan, P. H., & Griffiths, R. R. (2021). Effects of Psilocybin-Assisted Therapy on Major Depressive Disorder: A Randomized Clinical Trial. JAMA Psychiatry, 78(5), 481–489. https://doi.org/10.1001/jamapsychiatry.2020.3285"
Davis 2021,psil,wl,NA,NA,msd,bdi,self-report,depression,0,Post-second dose 2,Week 8,56,8.0,1,0,13.0,8.2,7.0,11.0,35.9,8.4,NA,NA,NA,NA,NA,NA,NA,NA,NA,NA,31.9,7.0,13.0,34.5,10.0,11.0,Low,Some concerns,Some concerns,Low,Low,Some concerns,2021,psilocybin,waitlist,20 mg/70 kg; 30mg/70kg,NA,immediate treatment group,delayed treatment group,2,50.0,NA,28,4.0,39.9,66.8,mdd,mdd,crossover,open-label,10.1001/jamapsychiatry.2020.3285; 10.1177/02698811211073759,NCT03181529,"Davis, A. K., Barrett, F. S., May, D. G., Cosimano, M. P., Sepeda, N. D., Johnson, M. W., Finan, P. H., & Griffiths, R. R. (2021). Effects of Psilocybin-Assisted Therapy on Major Depressive Disorder: A Randomized Clinical Trial. JAMA Psychiatry, 78(5), 481–489. https://doi.org/10.1001/jamapsychiatry.2020.3285"
Davis 2021,psil,wl,NA,NA,msd,qids-sr,self-report,depression,0,Post-second dose 1,Week 5,35,5.0,0,0,13.0,5.2,4.6,11.0,31.9,5.6,NA,NA,NA,NA,NA,NA,NA,NA,NA,NA,16.2,3.6,13.0,17.4,3.6,11.0,Low,Some concerns,Some concerns,Low,Low,Some concerns,2021,psilocybin,waitlist,20 mg/70 kg; 30mg/70kg,NA,immediate treatment group,delayed treatment group,2,50.0,NA,7,1.0,39.9,66.8,mdd,mdd,crossover,open-label,10.1001/jamapsychiatry.2020.3285; 10.1177/02698811211073759,NCT03181529,"Davis, A. K., Barrett, F. S., May, D. G., Cosimano, M. P., Sepeda, N. D., Johnson, M. W., Finan, P. H., & Griffiths, R. R. (2021). Effects of Psilocybin-Assisted Therapy on Major Depressive Disorder: A Randomized Clinical Trial. JAMA Psychiatry, 78(5), 481–489. https://doi.org/10.1001/jamapsychiatry.2020.3285"
Davis 2021,psil,wl,NA,NA,msd,qids-sr,self-report,depression,0,Post-second dose 2,Week 8,56,8.0,1,0,13.0,5.5,3.6,11.0,17.7,3.7,NA,NA,NA,NA,NA,NA,NA,NA,NA,NA,16.2,3.6,13.0,17.4,3.6,11.0,Low,Some concerns,Some concerns,Low,Low,Some concerns,2021,psilocybin,waitlist,20 mg/70 kg; 30mg/70kg,NA,immediate treatment group,delayed treatment group,2,50.0,NA,28,4.0,39.9,66.8,mdd,mdd,crossover,open-label,10.1001/jamapsychiatry.2020.3285; 10.1177/02698811211073759,NCT03181529,"Davis, A. K., Barrett, F. S., May, D. G., Cosimano, M. P., Sepeda, N. D., Johnson, M. W., Finan, P. H., & Griffiths, R. R. (2021). Effects of Psilocybin-Assisted Therapy on Major Depressive Disorder: A Randomized Clinical Trial. JAMA Psychiatry, 78(5), 481–489. https://doi.org/10.1001/jamapsychiatry.2020.3285"
Davis 2021,psil,wl,NA,NA,msd,grid-ham-d,clinician,depression,1,Post-second dose 1,Week 5,35,5.0,0,0,13.0,8.0,7.1,11.0,23.8,5.4,NA,NA,NA,NA,NA,NA,NA,NA,NA,NA,22.9,3.6,13.0,22.5,4.4,11.0,Low,Some concerns,Some concerns,Low,Low,Some concerns,2021,psilocybin,waitlist,20 mg/70 kg; 30mg/70kg,NA,immediate treatment group,delayed treatment group,2,50.0,NA,7,1.0,39.9,66.8,mdd,mdd,crossover,open-label,10.1001/jamapsychiatry.2020.3285; 10.1177/02698811211073759,NCT03181529,"Davis, A. K., Barrett, F. S., May, D. G., Cosimano, M. P., Sepeda, N. D., Johnson, M. W., Finan, P. H., & Griffiths, R. R. (2021). Effects of Psilocybin-Assisted Therapy on Major Depressive Disorder: A Randomized Clinical Trial. JAMA Psychiatry, 78(5), 481–489. https://doi.org/10.1001/jamapsychiatry.2020.3285"
Davis 2021,psil,wl,NA,NA,msd,grid-ham-d,clinician,depression,1,Post-second dose 2,Week 8,56,8.0,1,0,13.0,8.5,5.7,11.0,23.5,6.0,NA,NA,NA,NA,NA,NA,NA,NA,NA,NA,22.9,3.6,13.0,22.5,4.4,11.0,Low,Some concerns,Some concerns,Low,Low,Some concerns,2021,psilocybin,waitlist,20 mg/70 kg; 30mg/70kg,NA,immediate treatment group,delayed treatment group,2,50.0,NA,28,4.0,39.9,66.8,mdd,mdd,crossover,open-label,10.1001/jamapsychiatry.2020.3285; 10.1177/02698811211073759,NCT03181529,"Davis, A. K., Barrett, F. S., May, D. G., Cosimano, M. P., Sepeda, N. D., Johnson, M. W., Finan, P. H., & Griffiths, R. R. (2021). Effects of Psilocybin-Assisted Therapy on Major Depressive Disorder: A Randomized Clinical Trial. JAMA Psychiatry, 78(5), 481–489. https://doi.org/10.1001/jamapsychiatry.2020.3285"
Davis 2021,psil,wl,NA,NA,msd,ham-a,clinician,anxiety,0,Post-second dose 2,Week 8,56,8.0,1,0,13.0,6.8,3.9,11.0,21.4,6.3,NA,NA,NA,NA,NA,NA,NA,NA,NA,NA,17.1,4.1,13.0,17.9,4.3,11.0,Low,Some concerns,Some concerns,Low,Low,Some concerns,2021,psilocybin,waitlist,20 mg/70 kg; 30mg/70kg,NA,immediate treatment group,delayed treatment group,2,50.0,NA,28,4.0,39.9,66.8,mdd,mdd,crossover,open-label,10.1001/jamapsychiatry.2020.3285; 10.1177/02698811211073759,NCT03181529,"Davis, A. K., Barrett, F. S., May, D. G., Cosimano, M. P., Sepeda, N. D., Johnson, M. W., Finan, P. H., & Griffiths, R. R. (2021). Effects of Psilocybin-Assisted Therapy on Major Depressive Disorder: A Randomized Clinical Trial. JAMA Psychiatry, 78(5), 481–489. https://doi.org/10.1001/jamapsychiatry.2020.3285"
Davis 2021,psil,wl,NA,NA,msd,stai,self-report,anxiety,0,Post-second dose 2,Week 8,56,8.0,1,0,13.0,78.5,14.8,11.0,118.5,16.1,NA,NA,NA,NA,NA,NA,NA,NA,NA,NA,104.5,15.1,13.0,110.7,16.3,11.0,Low,Some concerns,Some concerns,Low,Low,Some concerns,2021,psilocybin,waitlist,20 mg/70 kg; 30mg/70kg,NA,immediate treatment group,delayed treatment group,2,50.0,NA,28,4.0,39.9,66.8,mdd,mdd,crossover,open-label,10.1001/jamapsychiatry.2020.3285; 10.1177/02698811211073759,NCT03181529,"Davis, A. K., Barrett, F. S., May, D. G., Cosimano, M. P., Sepeda, N. D., Johnson, M. W., Finan, P. H., & Griffiths, R. R. (2021). Effects of Psilocybin-Assisted Therapy on Major Depressive Disorder: A Randomized Clinical Trial. JAMA Psychiatry, 78(5), 481–489. https://doi.org/10.1001/jamapsychiatry.2020.3285"
Davis 2021,psil,wl,NA,NA,msd,stai (trait),self-report,trait anxiety,0,Post-second dose 2,Week 8,56,8.0,1,0,13.0,44.9,10.1,11.0,63.0,9.3,NA,NA,NA,NA,NA,NA,NA,NA,NA,NA,59.0,7.2,13.0,58.0,10.5,11.0,Low,Some concerns,Some concerns,Low,Low,Some concerns,2021,psilocybin,waitlist,20 mg/70 kg; 30mg/70kg,NA,immediate treatment group,delayed treatment group,2,50.0,NA,28,4.0,39.9,66.8,mdd,mdd,crossover,open-label,10.1001/jamapsychiatry.2020.3285; 10.1177/02698811211073759,NCT03181529,"Davis, A. K., Barrett, F. S., May, D. G., Cosimano, M. P., Sepeda, N. D., Johnson, M. W., Finan, P. H., & Griffiths, R. R. (2021). Effects of Psilocybin-Assisted Therapy on Major Depressive Disorder: A Randomized Clinical Trial. JAMA Psychiatry, 78(5), 481–489. https://doi.org/10.1001/jamapsychiatry.2020.3285"
Davis 2021,psil,wl,NA,NA,msd,stai (state),self-report,state anxiety,0,Post-second dose 2,Week 8,56,8.0,1,0,13.0,33.5,6.6,11.0,55.5,8.8,NA,NA,NA,NA,NA,NA,NA,NA,NA,NA,45.5,10.3,13.0,52.7,6.6,11.0,Low,Some concerns,Some concerns,Low,Low,Some concerns,2021,psilocybin,waitlist,20 mg/70 kg; 30mg/70kg,NA,immediate treatment group,delayed treatment group,2,50.0,NA,28,4.0,39.9,66.8,mdd,mdd,crossover,open-label,10.1001/jamapsychiatry.2020.3285; 10.1177/02698811211073759,NCT03181529,"Davis, A. K., Barrett, F. S., May, D. G., Cosimano, M. P., Sepeda, N. D., Johnson, M. W., Finan, P. H., & Griffiths, R. R. (2021). Effects of Psilocybin-Assisted Therapy on Major Depressive Disorder: A Randomized Clinical Trial. JAMA Psychiatry, 78(5), 481–489. https://doi.org/10.1001/jamapsychiatry.2020.3285"
Davis 2021,psil,wl,NA,NA,msd,phq-9,self-report,depression,0,Post-second dose 2,Week 8,56,8.0,1,0,13.0,4.8,2.9,11.0,18.8,4.3,NA,NA,NA,NA,NA,NA,NA,NA,NA,NA,16.5,3.1,13.0,17.9,3.3,11.0,Low,Some concerns,Some concerns,Low,Low,Some concerns,2021,psilocybin,waitlist,20 mg/70 kg; 30mg/70kg,NA,immediate treatment group,delayed treatment group,2,50.0,NA,28,4.0,39.9,66.8,mdd,mdd,crossover,open-label,10.1001/jamapsychiatry.2020.3285; 10.1177/02698811211073759,NCT03181529,"Davis, A. K., Barrett, F. S., May, D. G., Cosimano, M. P., Sepeda, N. D., Johnson, M. W., Finan, P. H., & Griffiths, R. R. (2021). Effects of Psilocybin-Assisted Therapy on Major Depressive Disorder: A Randomized Clinical Trial. JAMA Psychiatry, 78(5), 481–489. https://doi.org/10.1001/jamapsychiatry.2020.3285"
Griffiths 2016,psil,psil,22 mg/70kg,1 mg/70kg,msd,bdi,self-report,depression,0,Post-first dose 1,5 weeks after session 1,63,9.0,1,0,26.0,7.0,7.08763712389397,25.0,12.92,7.9,NA,NA,NA,NA,NA,NA,NA,NA,NA,NA,17.77,8.209421416884384,26.0,18.4,5.45,25.0,Low,Low,Low,Some concerns,High,High,2016,psilocybin,psilocybin,22 mg/70kg,1 mg/70kg,High-Dose-1st Group,Low-Dose-1st Group,1,22.0,1.0,35,5.0,56.3,49.0,cancer,life-threatening cancer patients with mood or adjustment disorder,crossover,double-blind,10.1177/0269881116675513,NCT00465595,"Griffiths, R. R., Johnson, M. W., Carducci, M. A., Umbricht, A., Richards, W. A., Richards, B. D., Cosimano, M. P., & Klinedinst, M. A. (2016). Psilocybin produces substantial and sustained decreases in depression and anxiety in patients with life-threatening cancer: A randomized double-blind trial. Journal of Psychopharmacology, 30(12), 1181–1197. https://doi.org/10.1177/0269881116675513"
Griffiths 2016,psil,psil,22 mg/70kg,1 mg/70kg,msd,bdi,self-report,depression,0,Post-second dose 1,5 weeks after session 2,99,14.14,0,1,25.0,5.8,7.05,24.0,8.17,6.0747345621022815,NA,NA,NA,NA,NA,NA,NA,NA,NA,NA,17.77,8.209421416884384,26.0,18.4,5.45,25.0,Low,Low,Low,Some concerns,High,High,2016,psilocybin,psilocybin,22 mg/70kg,1 mg/70kg,High-Dose-1st Group,Low-Dose-1st Group,2,22.0,1.0,35,5.0,56.3,49.0,cancer,life-threatening cancer patients with mood or adjustment disorder,crossover,double-blind,10.1177/0269881116675513,NCT00465595,"Griffiths, R. R., Johnson, M. W., Carducci, M. A., Umbricht, A., Richards, W. A., Richards, B. D., Cosimano, M. P., & Klinedinst, M. A. (2016). Psilocybin produces substantial and sustained decreases in depression and anxiety in patients with life-threatening cancer: A randomized double-blind trial. Journal of Psychopharmacology, 30(12), 1181–1197. https://doi.org/10.1177/0269881116675513"
Griffiths 2016,psil,psil,22 mg/70kg,1 mg/70kg,msd,bdi,self-report,depression,0,Follow-up 1,6 months,182.625,26.09,0,1,24.0,6.17,6.172714151813608,22.0,8.0,7.035623639735144,NA,NA,NA,NA,NA,NA,NA,NA,NA,NA,17.77,8.209421416884384,26.0,18.4,5.45,25.0,Low,Low,Low,Some concerns,High,High,2016,psilocybin,psilocybin,22 mg/70kg,1 mg/70kg,High-Dose-1st Group,Low-Dose-1st Group,2,22.0,1.0,119,16.95,56.3,49.0,cancer,life-threatening cancer patients with mood or adjustment disorder,crossover,double-blind,10.1177/0269881116675513,NCT00465595,"Griffiths, R. R., Johnson, M. W., Carducci, M. A., Umbricht, A., Richards, W. A., Richards, B. D., Cosimano, M. P., & Klinedinst, M. A. (2016). Psilocybin produces substantial and sustained decreases in depression and anxiety in patients with life-threatening cancer: A randomized double-blind trial. Journal of Psychopharmacology, 30(12), 1181–1197. https://doi.org/10.1177/0269881116675513"
Griffiths 2016,psil,psil,22 mg/70kg,1 mg/70kg,msd,grid-ham-d,clinician,depression,1,Post-first dose 1,5 weeks after session 1,63,9.0,1,0,25.0,6.64,5.2,25.0,14.8,7.25,NA,NA,NA,NA,NA,NA,NA,NA,NA,NA,22.84,4.946048928185001,26.0,22.32,4.4,25.0,Low,Low,Low,Some concerns,High,High,2016,psilocybin,psilocybin,22 mg/70kg,1 mg/70kg,High-Dose-1st Group,Low-Dose-1st Group,1,22.0,1.0,35,5.0,56.3,49.0,cancer,life-threatening cancer patients with mood or adjustment disorder,crossover,double-blind,10.1177/0269881116675513,NCT00465595,"Griffiths, R. R., Johnson, M. W., Carducci, M. A., Umbricht, A., Richards, W. A., Richards, B. D., Cosimano, M. P., & Klinedinst, M. A. (2016). Psilocybin produces substantial and sustained decreases in depression and anxiety in patients with life-threatening cancer: A randomized double-blind trial. Journal of Psychopharmacology, 30(12), 1181–1197. https://doi.org/10.1177/0269881116675513"
Griffiths 2016,psil,psil,22 mg/70kg,1 mg/70kg,msd,grid-ham-d,clinician,depression,1,Post-second dose 1,5 weeks after session 2,99,14.14,0,1,25.0,6.52,7.199999999999999,24.0,6.5,4.213122357587066,NA,NA,NA,NA,NA,NA,NA,NA,NA,NA,22.84,4.946048928185001,26.0,22.32,4.4,25.0,Low,Low,Low,Some concerns,High,High,2016,psilocybin,psilocybin,22 mg/70kg,1 mg/70kg,High-Dose-1st Group,Low-Dose-1st Group,2,22.0,1.0,35,5.0,56.3,49.0,cancer,life-threatening cancer patients with mood or adjustment disorder,crossover,double-blind,10.1177/0269881116675513,NCT00465595,"Griffiths, R. R., Johnson, M. W., Carducci, M. A., Umbricht, A., Richards, W. A., Richards, B. D., Cosimano, M. P., & Klinedinst, M. A. (2016). Psilocybin produces substantial and sustained decreases in depression and anxiety in patients with life-threatening cancer: A randomized double-blind trial. Journal of Psychopharmacology, 30(12), 1181–1197. https://doi.org/10.1177/0269881116675513"
Griffiths 2016,psil,psil,22 mg/70kg,1 mg/70kg,msd,grid-ham-d,clinician,depression,1,Follow-up 1,6 months,182.625,26.09,0,1,24.0,6.23,6.368673331236263,22.0,6.95,5.816115542181053,NA,NA,NA,NA,NA,NA,NA,NA,NA,NA,22.84,4.946048928185001,26.0,22.32,4.4,25.0,Low,Low,Low,Some concerns,High,High,2016,psilocybin,psilocybin,22 mg/70kg,1 mg/70kg,High-Dose-1st Group,Low-Dose-1st Group,2,22.0,1.0,119,16.95,56.3,49.0,cancer,life-threatening cancer patients with mood or adjustment disorder,crossover,double-blind,10.1177/0269881116675513,NCT00465595,"Griffiths, R. R., Johnson, M. W., Carducci, M. A., Umbricht, A., Richards, W. A., Richards, B. D., Cosimano, M. P., & Klinedinst, M. A. (2016). Psilocybin produces substantial and sustained decreases in depression and anxiety in patients with life-threatening cancer: A randomized double-blind trial. Journal of Psychopharmacology, 30(12), 1181–1197. https://doi.org/10.1177/0269881116675513"
Griffiths 2016,psil,psil,22 mg/70kg,1 mg/70kg,msd,ham-a,clinician,anxiety,0,Post-first dose 1,5 weeks after session 1,63,9.0,1,0,25.0,8.48,5.8,25.0,16.64,7.65,NA,NA,NA,NA,NA,NA,NA,NA,NA,NA,25.73,5.6599116600879915,26.0,25.68,4.45,25.0,Low,Low,Low,Some concerns,High,High,2016,psilocybin,psilocybin,22 mg/70kg,1 mg/70kg,High-Dose-1st Group,Low-Dose-1st Group,1,22.0,1.0,35,5.0,56.3,49.0,cancer,life-threatening cancer patients with mood or adjustment disorder,crossover,double-blind,10.1177/0269881116675513,NCT00465595,"Griffiths, R. R., Johnson, M. W., Carducci, M. A., Umbricht, A., Richards, W. A., Richards, B. D., Cosimano, M. P., & Klinedinst, M. A. (2016). Psilocybin produces substantial and sustained decreases in depression and anxiety in patients with life-threatening cancer: A randomized double-blind trial. Journal of Psychopharmacology, 30(12), 1181–1197. https://doi.org/10.1177/0269881116675513"
Griffiths 2016,psil,psil,22 mg/70kg,1 mg/70kg,msd,ham-a,clinician,anxiety,0,Post-second dose 1,5 weeks after session 2,99,14.14,0,1,25.0,7.52,6.35,24.0,8.92,5.5848366135456455,NA,NA,NA,NA,NA,NA,NA,NA,NA,NA,25.73,5.6599116600879915,26.0,25.68,4.45,25.0,Low,Low,Low,Some concerns,High,High,2016,psilocybin,psilocybin,22 mg/70kg,1 mg/70kg,High-Dose-1st Group,Low-Dose-1st Group,2,22.0,1.0,35,5.0,56.3,49.0,cancer,life-threatening cancer patients with mood or adjustment disorder,crossover,double-blind,10.1177/0269881116675513,NCT00465595,"Griffiths, R. R., Johnson, M. W., Carducci, M. A., Umbricht, A., Richards, W. A., Richards, B. D., Cosimano, M. P., & Klinedinst, M. A. (2016). Psilocybin produces substantial and sustained decreases in depression and anxiety in patients with life-threatening cancer: A randomized double-blind trial. Journal of Psychopharmacology, 30(12), 1181–1197. https://doi.org/10.1177/0269881116675513"
Griffiths 2016,psil,psil,22 mg/70kg,1 mg/70kg,msd,ham-a,clinician,anxiety,0,Follow-up 1,6 months,182.625,26.09,0,1,24.0,7.04,5.731805998112636,22.0,7.95,5.581594754189881,NA,NA,NA,NA,NA,NA,NA,NA,NA,NA,25.73,5.6599116600879915,26.0,25.68,4.45,25.0,Low,Low,Low,Some concerns,High,High,2016,psilocybin,psilocybin,22 mg/70kg,1 mg/70kg,High-Dose-1st Group,Low-Dose-1st Group,2,22.0,1.0,119,16.95,56.3,49.0,cancer,life-threatening cancer patients with mood or adjustment disorder,crossover,double-blind,10.1177/0269881116675513,NCT00465595,"Griffiths, R. R., Johnson, M. W., Carducci, M. A., Umbricht, A., Richards, W. A., Richards, B. D., Cosimano, M. P., & Klinedinst, M. A. (2016). Psilocybin produces substantial and sustained decreases in depression and anxiety in patients with life-threatening cancer: A randomized double-blind trial. Journal of Psychopharmacology, 30(12), 1181–1197. https://doi.org/10.1177/0269881116675513"
Griffiths 2016,psil,psil,22 mg/70kg,1 mg/70kg,msd,stai (trait),self-report,trait anxiety,0,Post-first dose 1,5 weeks after session 1,63,9.0,1,0,26.0,34.64,9.382195905010724,25.0,40.48,10.549999999999999,NA,NA,NA,NA,NA,NA,NA,NA,NA,NA,47.73,9.739127270962218,26.0,47.46,8.100000000000001,25.0,Low,Low,Low,Some concerns,High,High,2016,psilocybin,psilocybin,22 mg/70kg,1 mg/70kg,High-Dose-1st Group,Low-Dose-1st Group,1,22.0,1.0,35,5.0,56.3,49.0,cancer,life-threatening cancer patients with mood or adjustment disorder,crossover,double-blind,10.1177/0269881116675513,NCT00465595,"Griffiths, R. R., Johnson, M. W., Carducci, M. A., Umbricht, A., Richards, W. A., Richards, B. D., Cosimano, M. P., & Klinedinst, M. A. (2016). Psilocybin produces substantial and sustained decreases in depression and anxiety in patients with life-threatening cancer: A randomized double-blind trial. Journal of Psychopharmacology, 30(12), 1181–1197. https://doi.org/10.1177/0269881116675513"
Griffiths 2016,psil,psil,22 mg/70kg,1 mg/70kg,msd,stai (trait),self-report,trait anxiety,0,Post-second dose 1,5 weeks after session 2,99,14.14,0,1,25.0,34.28,11.25,24.0,35.48,10.042907945411029,NA,NA,NA,NA,NA,NA,NA,NA,NA,NA,47.73,9.739127270962218,26.0,47.46,8.100000000000001,25.0,Low,Low,Low,Some concerns,High,High,2016,psilocybin,psilocybin,22 mg/70kg,1 mg/70kg,High-Dose-1st Group,Low-Dose-1st Group,2,22.0,1.0,35,5.0,56.3,49.0,cancer,life-threatening cancer patients with mood or adjustment disorder,crossover,double-blind,10.1177/0269881116675513,NCT00465595,"Griffiths, R. R., Johnson, M. W., Carducci, M. A., Umbricht, A., Richards, W. A., Richards, B. D., Cosimano, M. P., & Klinedinst, M. A. (2016). Psilocybin produces substantial and sustained decreases in depression and anxiety in patients with life-threatening cancer: A randomized double-blind trial. Journal of Psychopharmacology, 30(12), 1181–1197. https://doi.org/10.1177/0269881116675513"
Griffiths 2016,psil,psil,22 mg/70kg,1 mg/70kg,msd,stai (trait),self-report,trait anxiety,0,Follow-up 1,6 months,182.625,26.09,0,1,24.0,35.32,10.679775278534656,22.0,36.83,9.756064780432734,NA,NA,NA,NA,NA,NA,NA,NA,NA,NA,47.73,9.739127270962218,26.0,47.46,8.100000000000001,25.0,Low,Low,Low,Some concerns,High,High,2016,psilocybin,psilocybin,22 mg/70kg,1 mg/70kg,High-Dose-1st Group,Low-Dose-1st Group,2,22.0,1.0,119,16.95,56.3,49.0,cancer,life-threatening cancer patients with mood or adjustment disorder,crossover,double-blind,10.1177/0269881116675513,NCT00465595,"Griffiths, R. R., Johnson, M. W., Carducci, M. A., Umbricht, A., Richards, W. A., Richards, B. D., Cosimano, M. P., & Klinedinst, M. A. (2016). Psilocybin produces substantial and sustained decreases in depression and anxiety in patients with life-threatening cancer: A randomized double-blind trial. Journal of Psychopharmacology, 30(12), 1181–1197. https://doi.org/10.1177/0269881116675513"
Griffiths 2016,psil,psil,22 mg/70kg,1 mg/70kg,msd,stai (state),self-report,state anxiety,0,Post-first dose 1,5 weeks after session 1,63,9.0,1,0,26.0,34.36,11.064872344496342,25.0,37.48,12.450000000000001,NA,NA,NA,NA,NA,NA,NA,NA,NA,NA,45.77,10.096058636913714,26.0,42.0,8.8,25.0,Low,Low,Low,Some concerns,High,High,2016,psilocybin,psilocybin,22 mg/70kg,1 mg/70kg,High-Dose-1st Group,Low-Dose-1st Group,1,22.0,1.0,35,5.0,56.3,49.0,cancer,life-threatening cancer patients with mood or adjustment disorder,crossover,double-blind,10.1177/0269881116675513,NCT00465595,"Griffiths, R. R., Johnson, M. W., Carducci, M. A., Umbricht, A., Richards, W. A., Richards, B. D., Cosimano, M. P., & Klinedinst, M. A. (2016). Psilocybin produces substantial and sustained decreases in depression and anxiety in patients with life-threatening cancer: A randomized double-blind trial. Journal of Psychopharmacology, 30(12), 1181–1197. https://doi.org/10.1177/0269881116675513"
Griffiths 2016,psil,psil,22 mg/70kg,1 mg/70kg,msd,stai (state),self-report,state anxiety,0,Post-second dose 1,5 weeks after session 2,99,14.14,0,1,25.0,31.56,10.1,24.0,32.83,10.826744663101646,NA,NA,NA,NA,NA,NA,NA,NA,NA,NA,45.77,10.096058636913714,26.0,42.0,8.8,25.0,Low,Low,Low,Some concerns,High,High,2016,psilocybin,psilocybin,22 mg/70kg,1 mg/70kg,High-Dose-1st Group,Low-Dose-1st Group,2,22.0,1.0,35,5.0,56.3,49.0,cancer,life-threatening cancer patients with mood or adjustment disorder,crossover,double-blind,10.1177/0269881116675513,NCT00465595,"Griffiths, R. R., Johnson, M. W., Carducci, M. A., Umbricht, A., Richards, W. A., Richards, B. D., Cosimano, M. P., & Klinedinst, M. A. (2016). Psilocybin produces substantial and sustained decreases in depression and anxiety in patients with life-threatening cancer: A randomized double-blind trial. Journal of Psychopharmacology, 30(12), 1181–1197. https://doi.org/10.1177/0269881116675513"
Griffiths 2016,psil,psil,22 mg/70kg,1 mg/70kg,msd,stai (state),self-report,state anxiety,0,Follow-up 1,6 months,182.625,26.09,0,1,24.0,30.25,9.699979381421384,22.0,32.73,11.163189508379762,NA,NA,NA,NA,NA,NA,NA,NA,NA,NA,45.77,10.096058636913714,26.0,42.0,8.8,25.0,Low,Low,Low,Some concerns,High,High,2016,psilocybin,psilocybin,22 mg/70kg,1 mg/70kg,High-Dose-1st Group,Low-Dose-1st Group,2,22.0,1.0,119,16.95,56.3,49.0,cancer,life-threatening cancer patients with mood or adjustment disorder,crossover,double-blind,10.1177/0269881116675513,NCT00465595,"Griffiths, R. R., Johnson, M. W., Carducci, M. A., Umbricht, A., Richards, W. A., Richards, B. D., Cosimano, M. P., & Klinedinst, M. A. (2016). Psilocybin produces substantial and sustained decreases in depression and anxiety in patients with life-threatening cancer: A randomized double-blind trial. Journal of Psychopharmacology, 30(12), 1181–1197. https://doi.org/10.1177/0269881116675513"
Griffiths 2016,psil,psil,22 mg/70kg,1 mg/70kg,msd,hads-d,self-report,depression,0,Post-first dose 1,5 weeks after session 1,63,9.0,1,0,26.0,3.92,3.7732744400586604,25.0,6.04,3.95,NA,NA,NA,NA,NA,NA,NA,NA,NA,NA,9.81,3.518323464379021,26.0,9.48,3.55,25.0,Low,Low,Low,Some concerns,High,High,2016,psilocybin,psilocybin,22 mg/70kg,1 mg/70kg,High-Dose-1st Group,Low-Dose-1st Group,1,22.0,1.0,35,5.0,56.3,49.0,cancer,life-threatening cancer patients with mood or adjustment disorder,crossover,double-blind,10.1177/0269881116675513,NCT00465595,"Griffiths, R. R., Johnson, M. W., Carducci, M. A., Umbricht, A., Richards, W. A., Richards, B. D., Cosimano, M. P., & Klinedinst, M. A. (2016). Psilocybin produces substantial and sustained decreases in depression and anxiety in patients with life-threatening cancer: A randomized double-blind trial. Journal of Psychopharmacology, 30(12), 1181–1197. https://doi.org/10.1177/0269881116675513"
Griffiths 2016,psil,psil,22 mg/70kg,1 mg/70kg,msd,hads-d,self-report,depression,0,Post-second dose 1,5 weeks after session 2,99,14.14,0,1,25.0,4.28,4.45,24.0,4.57,3.5762550244634395,NA,NA,NA,NA,NA,NA,NA,NA,NA,NA,9.81,3.518323464379021,26.0,9.48,3.55,25.0,Low,Low,Low,Some concerns,High,High,2016,psilocybin,psilocybin,22 mg/70kg,1 mg/70kg,High-Dose-1st Group,Low-Dose-1st Group,2,22.0,1.0,35,5.0,56.3,49.0,cancer,life-threatening cancer patients with mood or adjustment disorder,crossover,double-blind,10.1177/0269881116675513,NCT00465595,"Griffiths, R. R., Johnson, M. W., Carducci, M. A., Umbricht, A., Richards, W. A., Richards, B. D., Cosimano, M. P., & Klinedinst, M. A. (2016). Psilocybin produces substantial and sustained decreases in depression and anxiety in patients with life-threatening cancer: A randomized double-blind trial. Journal of Psychopharmacology, 30(12), 1181–1197. https://doi.org/10.1177/0269881116675513"
Griffiths 2016,psil,psil,22 mg/70kg,1 mg/70kg,msd,hads-d,self-report,depression,0,Follow-up 1,6 months,182.625,26.09,0,1,24.0,3.46,3.233326460473795,22.0,4.64,3.3770993470728694,NA,NA,NA,NA,NA,NA,NA,NA,NA,NA,9.81,3.518323464379021,26.0,9.48,3.55,25.0,Low,Low,Low,Some concerns,High,High,2016,psilocybin,psilocybin,22 mg/70kg,1 mg/70kg,High-Dose-1st Group,Low-Dose-1st Group,2,22.0,1.0,119,16.95,56.3,49.0,cancer,life-threatening cancer patients with mood or adjustment disorder,crossover,double-blind,10.1177/0269881116675513,NCT00465595,"Griffiths, R. R., Johnson, M. W., Carducci, M. A., Umbricht, A., Richards, W. A., Richards, B. D., Cosimano, M. P., & Klinedinst, M. A. (2016). Psilocybin produces substantial and sustained decreases in depression and anxiety in patients with life-threatening cancer: A randomized double-blind trial. Journal of Psychopharmacology, 30(12), 1181–1197. https://doi.org/10.1177/0269881116675513"
Griffiths 2016,psil,psil,22 mg/70kg,1 mg/70kg,msd,hads-a,self-report,anxiety,0,Post-first dose 1,5 weeks after session 1,63,9.0,1,0,26.0,5.38,3.9772352206023722,25.0,6.0,2.9499999999999997,NA,NA,NA,NA,NA,NA,NA,NA,NA,NA,11.08,2.702480342204176,26.0,11.04,3.0,25.0,Low,Low,Low,Some concerns,High,High,2016,psilocybin,psilocybin,22 mg/70kg,1 mg/70kg,High-Dose-1st Group,Low-Dose-1st Group,1,22.0,1.0,35,5.0,56.3,49.0,cancer,life-threatening cancer patients with mood or adjustment disorder,crossover,double-blind,10.1177/0269881116675513,NCT00465595,"Griffiths, R. R., Johnson, M. W., Carducci, M. A., Umbricht, A., Richards, W. A., Richards, B. D., Cosimano, M. P., & Klinedinst, M. A. (2016). Psilocybin produces substantial and sustained decreases in depression and anxiety in patients with life-threatening cancer: A randomized double-blind trial. Journal of Psychopharmacology, 30(12), 1181–1197. https://doi.org/10.1177/0269881116675513"
Griffiths 2016,psil,psil,22 mg/70kg,1 mg/70kg,msd,hads-a,self-report,anxiety,0,Post-second dose 1,5 weeks after session 2,99,14.14,0,1,25.0,4.68,3.75,24.0,4.91,2.9393876913398134,NA,NA,NA,NA,NA,NA,NA,NA,NA,NA,11.08,2.702480342204176,26.0,11.04,3.0,25.0,Low,Low,Low,Some concerns,High,High,2016,psilocybin,psilocybin,22 mg/70kg,1 mg/70kg,High-Dose-1st Group,Low-Dose-1st Group,2,22.0,1.0,35,5.0,56.3,49.0,cancer,life-threatening cancer patients with mood or adjustment disorder,crossover,double-blind,10.1177/0269881116675513,NCT00465595,"Griffiths, R. R., Johnson, M. W., Carducci, M. A., Umbricht, A., Richards, W. A., Richards, B. D., Cosimano, M. P., & Klinedinst, M. A. (2016). Psilocybin produces substantial and sustained decreases in depression and anxiety in patients with life-threatening cancer: A randomized double-blind trial. Journal of Psychopharmacology, 30(12), 1181–1197. https://doi.org/10.1177/0269881116675513"
Griffiths 2016,psil,psil,22 mg/70kg,1 mg/70kg,msd,hads-a,self-report,anxiety,0,Follow-up 1,6 months,182.625,26.09,0,1,24.0,4.71,3.1843366656181313,22.0,4.68,3.142578559081698,NA,NA,NA,NA,NA,NA,NA,NA,NA,NA,11.08,2.702480342204176,26.0,11.04,3.0,25.0,Low,Low,Low,Some concerns,High,High,2016,psilocybin,psilocybin,22 mg/70kg,1 mg/70kg,High-Dose-1st Group,Low-Dose-1st Group,2,22.0,1.0,119,16.95,56.3,49.0,cancer,life-threatening cancer patients with mood or adjustment disorder,crossover,double-blind,10.1177/0269881116675513,NCT00465595,"Griffiths, R. R., Johnson, M. W., Carducci, M. A., Umbricht, A., Richards, W. A., Richards, B. D., Cosimano, M. P., & Klinedinst, M. A. (2016). Psilocybin produces substantial and sustained decreases in depression and anxiety in patients with life-threatening cancer: A randomized double-blind trial. Journal of Psychopharmacology, 30(12), 1181–1197. https://doi.org/10.1177/0269881116675513"
Griffiths 2016,psil,psil,22 mg/70kg,1 mg/70kg,msd,hads,self-report,anxiety and depression,0,Post-first dose 1,5 weeks after session 1,63,9.0,1,0,26.0,9.31,6.577735172534692,25.0,12.04,5.8999999999999995,NA,NA,NA,NA,NA,NA,NA,NA,NA,NA,20.88,4.538127367097578,26.0,20.52,4.6000000000000005,25.0,Low,Low,Low,Some concerns,High,High,2016,psilocybin,psilocybin,22 mg/70kg,1 mg/70kg,High-Dose-1st Group,Low-Dose-1st Group,1,22.0,1.0,35,5.0,56.3,49.0,cancer,life-threatening cancer patients with mood or adjustment disorder,crossover,double-blind,10.1177/0269881116675513,NCT00465595,"Griffiths, R. R., Johnson, M. W., Carducci, M. A., Umbricht, A., Richards, W. A., Richards, B. D., Cosimano, M. P., & Klinedinst, M. A. (2016). Psilocybin produces substantial and sustained decreases in depression and anxiety in patients with life-threatening cancer: A randomized double-blind trial. Journal of Psychopharmacology, 30(12), 1181–1197. https://doi.org/10.1177/0269881116675513"
Griffiths 2016,psil,psil,22 mg/70kg,1 mg/70kg,msd,hads,self-report,anxiety and depression,0,Post-second dose 1,5 weeks after session 2,99,14.14,0,1,25.0,8.96,7.65,24.0,9.17,5.633826408401308,NA,NA,NA,NA,NA,NA,NA,NA,NA,NA,20.88,4.538127367097578,26.0,20.52,4.6000000000000005,25.0,Low,Low,Low,Some concerns,High,High,2016,psilocybin,psilocybin,22 mg/70kg,1 mg/70kg,High-Dose-1st Group,Low-Dose-1st Group,2,22.0,1.0,35,5.0,56.3,49.0,cancer,life-threatening cancer patients with mood or adjustment disorder,crossover,double-blind,10.1177/0269881116675513,NCT00465595,"Griffiths, R. R., Johnson, M. W., Carducci, M. A., Umbricht, A., Richards, W. A., Richards, B. D., Cosimano, M. P., & Klinedinst, M. A. (2016). Psilocybin produces substantial and sustained decreases in depression and anxiety in patients with life-threatening cancer: A randomized double-blind trial. Journal of Psychopharmacology, 30(12), 1181–1197. https://doi.org/10.1177/0269881116675513"
Griffiths 2016,psil,psil,22 mg/70kg,1 mg/70kg,msd,hads,self-report,anxiety and depression,0,Follow-up 1,6 months,182.625,26.09,0,1,24.0,8.17,5.682816203256972,22.0,9.32,5.722307226984584,NA,NA,NA,NA,NA,NA,NA,NA,NA,NA,20.88,4.538127367097578,26.0,20.52,4.6000000000000005,25.0,Low,Low,Low,Some concerns,High,High,2016,psilocybin,psilocybin,22 mg/70kg,1 mg/70kg,High-Dose-1st Group,Low-Dose-1st Group,2,22.0,1.0,119,16.95,56.3,49.0,cancer,life-threatening cancer patients with mood or adjustment disorder,crossover,double-blind,10.1177/0269881116675513,NCT00465595,"Griffiths, R. R., Johnson, M. W., Carducci, M. A., Umbricht, A., Richards, W. A., Richards, B. D., Cosimano, M. P., & Klinedinst, M. A. (2016). Psilocybin produces substantial and sustained decreases in depression and anxiety in patients with life-threatening cancer: A randomized double-blind trial. Journal of Psychopharmacology, 30(12), 1181–1197. https://doi.org/10.1177/0269881116675513"
Griffiths 2016,psil,psil,22 mg/70kg,1 mg/70kg,response,grid-ham-d,clinician,depression,1,Post-first dose 1,5 weeks after session 1,63,9.0,1,0,NA,NA,NA,NA,NA,NA,NA,NA,NA,NA,NA,NA,23,25.0,8,25.0,22.84,4.946048928185001,26.0,22.32,4.4,25.0,Low,Low,Low,Some concerns,High,High,2016,psilocybin,psilocybin,22 mg/70kg,1 mg/70kg,High-Dose-1st Group,Low-Dose-1st Group,1,22.0,1.0,35,5.0,56.3,49.0,cancer,life-threatening cancer patients with mood or adjustment disorder,crossover,double-blind,10.1177/0269881116675513,NCT00465595,"Griffiths, R. R., Johnson, M. W., Carducci, M. A., Umbricht, A., Richards, W. A., Richards, B. D., Cosimano, M. P., & Klinedinst, M. A. (2016). Psilocybin produces substantial and sustained decreases in depression and anxiety in patients with life-threatening cancer: A randomized double-blind trial. Journal of Psychopharmacology, 30(12), 1181–1197. https://doi.org/10.1177/0269881116675513"
Griffiths 2016,psil,psil,22 mg/70kg,1 mg/70kg,response,grid-ham-d,clinician,depression,1,Post-second dose 1,5 weeks after session 2,99,14.14,0,1,NA,NA,NA,NA,NA,NA,NA,NA,NA,NA,NA,NA,21,25.0,18,24.0,22.84,4.946048928185001,26.0,22.32,4.4,25.0,Low,Low,Low,Some concerns,High,High,2016,psilocybin,psilocybin,22 mg/70kg,1 mg/70kg,High-Dose-1st Group,Low-Dose-1st Group,2,22.0,1.0,35,5.0,56.3,49.0,cancer,life-threatening cancer patients with mood or adjustment disorder,crossover,double-blind,10.1177/0269881116675513,NCT00465595,"Griffiths, R. R., Johnson, M. W., Carducci, M. A., Umbricht, A., Richards, W. A., Richards, B. D., Cosimano, M. P., & Klinedinst, M. A. (2016). Psilocybin produces substantial and sustained decreases in depression and anxiety in patients with life-threatening cancer: A randomized double-blind trial. Journal of Psychopharmacology, 30(12), 1181–1197. https://doi.org/10.1177/0269881116675513"
Griffiths 2016,psil,psil,22 mg/70kg,1 mg/70kg,response,grid-ham-d,clinician,depression,1,Follow-up 1,6 months,182.625,26.09,0,1,NA,NA,NA,NA,NA,NA,NA,NA,NA,NA,NA,NA,19,24.0,17,22.0,22.84,4.946048928185001,26.0,22.32,4.4,25.0,Low,Low,Low,Some concerns,High,High,2016,psilocybin,psilocybin,22 mg/70kg,1 mg/70kg,High-Dose-1st Group,Low-Dose-1st Group,2,22.0,1.0,119,16.95,56.3,49.0,cancer,life-threatening cancer patients with mood or adjustment disorder,crossover,double-blind,10.1177/0269881116675513,NCT00465595,"Griffiths, R. R., Johnson, M. W., Carducci, M. A., Umbricht, A., Richards, W. A., Richards, B. D., Cosimano, M. P., & Klinedinst, M. A. (2016). Psilocybin produces substantial and sustained decreases in depression and anxiety in patients with life-threatening cancer: A randomized double-blind trial. Journal of Psychopharmacology, 30(12), 1181–1197. https://doi.org/10.1177/0269881116675513"
Griffiths 2016,psil,psil,22 mg/70kg,1 mg/70kg,remission,grid-ham-d,clinician,depression,1,Post-first dose 1,5 weeks after session 1,63,9.0,1,0,NA,NA,NA,NA,NA,NA,NA,NA,NA,NA,NA,NA,15,25.0,4,25.0,22.84,4.946048928185001,26.0,22.32,4.4,25.0,Low,Low,Low,Some concerns,High,High,2016,psilocybin,psilocybin,22 mg/70kg,1 mg/70kg,High-Dose-1st Group,Low-Dose-1st Group,1,22.0,1.0,35,5.0,56.3,49.0,cancer,life-threatening cancer patients with mood or adjustment disorder,crossover,double-blind,10.1177/0269881116675513,NCT00465595,"Griffiths, R. R., Johnson, M. W., Carducci, M. A., Umbricht, A., Richards, W. A., Richards, B. D., Cosimano, M. P., & Klinedinst, M. A. (2016). Psilocybin produces substantial and sustained decreases in depression and anxiety in patients with life-threatening cancer: A randomized double-blind trial. Journal of Psychopharmacology, 30(12), 1181–1197. https://doi.org/10.1177/0269881116675513"
Griffiths 2016,psil,psil,22 mg/70kg,1 mg/70kg,remission,grid-ham-d,clinician,depression,1,Post-second dose 1,5 weeks after session 2,99,14.14,0,1,NA,NA,NA,NA,NA,NA,NA,NA,NA,NA,NA,NA,17,25.0,14,24.0,22.84,4.946048928185001,26.0,22.32,4.4,25.0,Low,Low,Low,Some concerns,High,High,2016,psilocybin,psilocybin,22 mg/70kg,1 mg/70kg,High-Dose-1st Group,Low-Dose-1st Group,2,22.0,1.0,35,5.0,56.3,49.0,cancer,life-threatening cancer patients with mood or adjustment disorder,crossover,double-blind,10.1177/0269881116675513,NCT00465595,"Griffiths, R. R., Johnson, M. W., Carducci, M. A., Umbricht, A., Richards, W. A., Richards, B. D., Cosimano, M. P., & Klinedinst, M. A. (2016). Psilocybin produces substantial and sustained decreases in depression and anxiety in patients with life-threatening cancer: A randomized double-blind trial. Journal of Psychopharmacology, 30(12), 1181–1197. https://doi.org/10.1177/0269881116675513"
Griffiths 2016,psil,psil,22 mg/70kg,1 mg/70kg,remission,grid-ham-d,clinician,depression,1,Follow-up 1,6 months,182.625,26.09,0,1,NA,NA,NA,NA,NA,NA,NA,NA,NA,NA,NA,NA,17,24.0,13,22.0,22.84,4.946048928185001,26.0,22.32,4.4,25.0,Low,Low,Low,Some concerns,High,High,2016,psilocybin,psilocybin,22 mg/70kg,1 mg/70kg,High-Dose-1st Group,Low-Dose-1st Group,2,22.0,1.0,119,16.95,56.3,49.0,cancer,life-threatening cancer patients with mood or adjustment disorder,crossover,double-blind,10.1177/0269881116675513,NCT00465595,"Griffiths, R. R., Johnson, M. W., Carducci, M. A., Umbricht, A., Richards, W. A., Richards, B. D., Cosimano, M. P., & Klinedinst, M. A. (2016). Psilocybin produces substantial and sustained decreases in depression and anxiety in patients with life-threatening cancer: A randomized double-blind trial. Journal of Psychopharmacology, 30(12), 1181–1197. https://doi.org/10.1177/0269881116675513"
Griffiths 2016,psil,psil,22 mg/70kg,1 mg/70kg,response,ham-a,clinician,anxiety,0,Post-first dose 1,5 weeks after session 1,63,9.0,1,0,NA,NA,NA,NA,NA,NA,NA,NA,NA,NA,NA,NA,19,25.0,6,25.0,25.73,5.6599116600879915,26.0,25.68,4.45,25.0,Low,Low,Low,Some concerns,High,High,2016,psilocybin,psilocybin,22 mg/70kg,1 mg/70kg,High-Dose-1st Group,Low-Dose-1st Group,1,22.0,1.0,35,5.0,56.3,49.0,cancer,life-threatening cancer patients with mood or adjustment disorder,crossover,double-blind,10.1177/0269881116675513,NCT00465595,"Griffiths, R. R., Johnson, M. W., Carducci, M. A., Umbricht, A., Richards, W. A., Richards, B. D., Cosimano, M. P., & Klinedinst, M. A. (2016). Psilocybin produces substantial and sustained decreases in depression and anxiety in patients with life-threatening cancer: A randomized double-blind trial. Journal of Psychopharmacology, 30(12), 1181–1197. https://doi.org/10.1177/0269881116675513"
Griffiths 2016,psil,psil,22 mg/70kg,1 mg/70kg,response,ham-a,clinician,anxiety,0,Post-second dose 1,5 weeks after session 2,99,14.14,0,1,NA,NA,NA,NA,NA,NA,NA,NA,NA,NA,NA,NA,20,25.0,20,24.0,25.73,5.6599116600879915,26.0,25.68,4.45,25.0,Low,Low,Low,Some concerns,High,High,2016,psilocybin,psilocybin,22 mg/70kg,1 mg/70kg,High-Dose-1st Group,Low-Dose-1st Group,2,22.0,1.0,35,5.0,56.3,49.0,cancer,life-threatening cancer patients with mood or adjustment disorder,crossover,double-blind,10.1177/0269881116675513,NCT00465595,"Griffiths, R. R., Johnson, M. W., Carducci, M. A., Umbricht, A., Richards, W. A., Richards, B. D., Cosimano, M. P., & Klinedinst, M. A. (2016). Psilocybin produces substantial and sustained decreases in depression and anxiety in patients with life-threatening cancer: A randomized double-blind trial. Journal of Psychopharmacology, 30(12), 1181–1197. https://doi.org/10.1177/0269881116675513"
Griffiths 2016,psil,psil,22 mg/70kg,1 mg/70kg,response,ham-a,clinician,anxiety,0,Follow-up 1,6 months,182.625,26.09,0,1,NA,NA,NA,NA,NA,NA,NA,NA,NA,NA,NA,NA,20,24.0,18,22.0,25.73,5.6599116600879915,26.0,25.68,4.45,25.0,Low,Low,Low,Some concerns,High,High,2016,psilocybin,psilocybin,22 mg/70kg,1 mg/70kg,High-Dose-1st Group,Low-Dose-1st Group,2,22.0,1.0,119,16.95,56.3,49.0,cancer,life-threatening cancer patients with mood or adjustment disorder,crossover,double-blind,10.1177/0269881116675513,NCT00465595,"Griffiths, R. R., Johnson, M. W., Carducci, M. A., Umbricht, A., Richards, W. A., Richards, B. D., Cosimano, M. P., & Klinedinst, M. A. (2016). Psilocybin produces substantial and sustained decreases in depression and anxiety in patients with life-threatening cancer: A randomized double-blind trial. Journal of Psychopharmacology, 30(12), 1181–1197. https://doi.org/10.1177/0269881116675513"
Griffiths 2016,psil,psil,22 mg/70kg,1 mg/70kg,remission,ham-a,clinician,anxiety,0,Post-first dose 1,5 weeks after session 1,63,9.0,1,0,NA,NA,NA,NA,NA,NA,NA,NA,NA,NA,NA,NA,13,25.0,3,25.0,25.73,5.6599116600879915,26.0,25.68,4.45,25.0,Low,Low,Low,Some concerns,High,High,2016,psilocybin,psilocybin,22 mg/70kg,1 mg/70kg,High-Dose-1st Group,Low-Dose-1st Group,1,22.0,1.0,35,5.0,56.3,49.0,cancer,life-threatening cancer patients with mood or adjustment disorder,crossover,double-blind,10.1177/0269881116675513,NCT00465595,"Griffiths, R. R., Johnson, M. W., Carducci, M. A., Umbricht, A., Richards, W. A., Richards, B. D., Cosimano, M. P., & Klinedinst, M. A. (2016). Psilocybin produces substantial and sustained decreases in depression and anxiety in patients with life-threatening cancer: A randomized double-blind trial. Journal of Psychopharmacology, 30(12), 1181–1197. https://doi.org/10.1177/0269881116675513"
Griffiths 2016,psil,psil,22 mg/70kg,1 mg/70kg,remission,ham-a,clinician,anxiety,0,Post-second dose 1,5 weeks after session 2,99,14.14,0,1,NA,NA,NA,NA,NA,NA,NA,NA,NA,NA,NA,NA,15,25.0,10,24.0,25.73,5.6599116600879915,26.0,25.68,4.45,25.0,Low,Low,Low,Some concerns,High,High,2016,psilocybin,psilocybin,22 mg/70kg,1 mg/70kg,High-Dose-1st Group,Low-Dose-1st Group,2,22.0,1.0,35,5.0,56.3,49.0,cancer,life-threatening cancer patients with mood or adjustment disorder,crossover,double-blind,10.1177/0269881116675513,NCT00465595,"Griffiths, R. R., Johnson, M. W., Carducci, M. A., Umbricht, A., Richards, W. A., Richards, B. D., Cosimano, M. P., & Klinedinst, M. A. (2016). Psilocybin produces substantial and sustained decreases in depression and anxiety in patients with life-threatening cancer: A randomized double-blind trial. Journal of Psychopharmacology, 30(12), 1181–1197. https://doi.org/10.1177/0269881116675513"
Griffiths 2016,psil,psil,22 mg/70kg,1 mg/70kg,remission,ham-a,clinician,anxiety,0,Follow-up 1,6 months,182.625,26.09,0,1,NA,NA,NA,NA,NA,NA,NA,NA,NA,NA,NA,NA,15,24.0,11,22.0,25.73,5.6599116600879915,26.0,25.68,4.45,25.0,Low,Low,Low,Some concerns,High,High,2016,psilocybin,psilocybin,22 mg/70kg,1 mg/70kg,High-Dose-1st Group,Low-Dose-1st Group,2,22.0,1.0,119,16.95,56.3,49.0,cancer,life-threatening cancer patients with mood or adjustment disorder,crossover,double-blind,10.1177/0269881116675513,NCT00465595,"Griffiths, R. R., Johnson, M. W., Carducci, M. A., Umbricht, A., Richards, W. A., Richards, B. D., Cosimano, M. P., & Klinedinst, M. A. (2016). Psilocybin produces substantial and sustained decreases in depression and anxiety in patients with life-threatening cancer: A randomized double-blind trial. Journal of Psychopharmacology, 30(12), 1181–1197. https://doi.org/10.1177/0269881116675513"
Ross 2016,psil,ncn,NA,NA,msd,bdi,self-report,depression,1,Pre-first dose 1,1 day pre-dose 1,20,2.86,0,0,14.0,10.4,6.907099535984696,15.0,16.247,7.5445715584120485,NA,NA,NA,NA,NA,NA,NA,NA,NA,NA,15.176,7.097924062710167,14.0,16.92,6.952005106442313,15.0,Low,Low,Low,Some concerns,Some concerns,Some concerns,2016,psilocybin,niacin,0.3 mg/kg,250 mg,Psilocybin 1st group,Niacin 1st group,0,0.0,0.0,NA,NA,56.0,61.1,cancer,life-threatening cancer patients with mood or adjustment disorder,crossover,double-blind,10.1177/0269881116675512,NCT00957359,"Ross, S., Bossis, A., Guss, J., Agin-Liebes, G., Malone, T., Cohen, B., Mennenga, S. E., Belser, A., Kalliontzi, K., Babb, J., Su, Z., Corby, P., & Schmidt, B. L. (2016). Rapid and sustained symptom reduction following psilocybin treatment for anxiety and depression in patients with life-threatening cancer: A randomized controlled trial. Journal of Psychopharmacology, 30(12), 1165–1180. https://doi.org/10.1177/0269881116675512"
Ross 2016,psil,ncn,NA,NA,msd,bdi,self-report,depression,1,Post-first dose 1,1 day post-dose 1,22,3.14,0,0,14.0,4.188,6.907099535984696,15.0,12.034,6.952005106442313,NA,NA,NA,NA,NA,NA,NA,NA,NA,NA,15.176,7.097924062710167,14.0,16.92,6.952005106442313,15.0,Low,Low,Low,Some concerns,Some concerns,Some concerns,2016,psilocybin,niacin,0.3 mg/kg,250 mg,Psilocybin 1st group,Niacin 1st group,1,21.0,250.0,1,0.14,56.0,61.1,cancer,life-threatening cancer patients with mood or adjustment disorder,crossover,double-blind,10.1177/0269881116675512,NCT00957359,"Ross, S., Bossis, A., Guss, J., Agin-Liebes, G., Malone, T., Cohen, B., Mennenga, S. E., Belser, A., Kalliontzi, K., Babb, J., Su, Z., Corby, P., & Schmidt, B. L. (2016). Rapid and sustained symptom reduction following psilocybin treatment for anxiety and depression in patients with life-threatening cancer: A randomized controlled trial. Journal of Psychopharmacology, 30(12), 1165–1180. https://doi.org/10.1177/0269881116675512"
Ross 2016,psil,ncn,NA,NA,msd,bdi,self-report,depression,1,Post-first dose 2,2 weeks post-dose 1,35,5.0,0,0,14.0,6.636,7.154048923511776,14.0,13.449,7.520731347415621,NA,NA,NA,NA,NA,NA,NA,NA,NA,NA,15.176,7.097924062710167,14.0,16.92,6.952005106442313,15.0,Low,Low,Low,Some concerns,Some concerns,Some concerns,2016,psilocybin,niacin,0.3 mg/kg,250 mg,Psilocybin 1st group,Niacin 1st group,1,21.0,250.0,14,2.0,56.0,61.1,cancer,life-threatening cancer patients with mood or adjustment disorder,crossover,double-blind,10.1177/0269881116675512,NCT00957359,"Ross, S., Bossis, A., Guss, J., Agin-Liebes, G., Malone, T., Cohen, B., Mennenga, S. E., Belser, A., Kalliontzi, K., Babb, J., Su, Z., Corby, P., & Schmidt, B. L. (2016). Rapid and sustained symptom reduction following psilocybin treatment for anxiety and depression in patients with life-threatening cancer: A randomized controlled trial. Journal of Psychopharmacology, 30(12), 1165–1180. https://doi.org/10.1177/0269881116675512"
Ross 2016,psil,ncn,NA,NA,msd,bdi,self-report,depression,1,Post-first dose 3,6 weeks post-dose 1,63,9.0,0,0,14.0,6.438,6.716275009259224,14.0,14.181,6.907099535984696,NA,NA,NA,NA,NA,NA,NA,NA,NA,NA,15.176,7.097924062710167,14.0,16.92,6.952005106442313,15.0,Low,Low,Low,Some concerns,Some concerns,Some concerns,2016,psilocybin,niacin,0.3 mg/kg,250 mg,Psilocybin 1st group,Niacin 1st group,1,21.0,250.0,42,6.0,56.0,61.1,cancer,life-threatening cancer patients with mood or adjustment disorder,crossover,double-blind,10.1177/0269881116675512,NCT00957359,"Ross, S., Bossis, A., Guss, J., Agin-Liebes, G., Malone, T., Cohen, B., Mennenga, S. E., Belser, A., Kalliontzi, K., Babb, J., Su, Z., Corby, P., & Schmidt, B. L. (2016). Rapid and sustained symptom reduction following psilocybin treatment for anxiety and depression in patients with life-threatening cancer: A randomized controlled trial. Journal of Psychopharmacology, 30(12), 1165–1180. https://doi.org/10.1177/0269881116675512"
Ross 2016,psil,ncn,NA,NA,msd,bdi,self-report,depression,1,Post-first dose 4,7 weeks post-dose 1 and 1 day pre-dose 2,70,10.0,1,0,12.0,7.097,6.394731581544295,14.0,12.841,7.483314773547883,NA,NA,NA,NA,NA,NA,NA,NA,NA,NA,15.176,7.097924062710167,14.0,16.92,6.952005106442313,15.0,Low,Low,Low,Some concerns,Some concerns,Some concerns,2016,psilocybin,niacin,0.3 mg/kg,250 mg,Psilocybin 1st group,Niacin 1st group,1,21.0,250.0,49,7.0,56.0,61.1,cancer,life-threatening cancer patients with mood or adjustment disorder,crossover,double-blind,10.1177/0269881116675512,NCT00957359,"Ross, S., Bossis, A., Guss, J., Agin-Liebes, G., Malone, T., Cohen, B., Mennenga, S. E., Belser, A., Kalliontzi, K., Babb, J., Su, Z., Corby, P., & Schmidt, B. L. (2016). Rapid and sustained symptom reduction following psilocybin treatment for anxiety and depression in patients with life-threatening cancer: A randomized controlled trial. Journal of Psychopharmacology, 30(12), 1165–1180. https://doi.org/10.1177/0269881116675512"
Ross 2016,psil,ncn,NA,NA,msd,bdi,self-report,depression,1,Post-second dose 2,6 weeks post-dose 2,112,16.0,0,1,12.0,6.212,6.574864865531458,11.0,9.545,6.80571406980928,NA,NA,NA,NA,NA,NA,NA,NA,NA,NA,15.176,7.097924062710167,14.0,16.92,6.952005106442313,15.0,Low,Low,Low,Some concerns,Some concerns,Some concerns,2016,psilocybin,niacin,0.3 mg/kg,250 mg,Psilocybin 1st group,Niacin 1st group,2,21.0,250.0,41,5.86,56.0,61.1,cancer,life-threatening cancer patients with mood or adjustment disorder,crossover,double-blind,10.1177/0269881116675512,NCT00957359,"Ross, S., Bossis, A., Guss, J., Agin-Liebes, G., Malone, T., Cohen, B., Mennenga, S. E., Belser, A., Kalliontzi, K., Babb, J., Su, Z., Corby, P., & Schmidt, B. L. (2016). Rapid and sustained symptom reduction following psilocybin treatment for anxiety and depression in patients with life-threatening cancer: A randomized controlled trial. Journal of Psychopharmacology, 30(12), 1165–1180. https://doi.org/10.1177/0269881116675512"
Ross 2016,psil,ncn,NA,NA,msd,bdi,self-report,depression,1,Post-second dose 3,26 weeks post-dose 2,252,36.0,0,1,11.0,6.41,6.460785091612319,12.0,8.974,6.928203230275509,NA,NA,NA,NA,NA,NA,NA,NA,NA,NA,15.176,7.097924062710167,14.0,16.92,6.952005106442313,15.0,Low,Low,Low,Some concerns,Some concerns,Some concerns,2016,psilocybin,niacin,0.3 mg/kg,250 mg,Psilocybin 1st group,Niacin 1st group,2,21.0,250.0,181,25.86,56.0,61.1,cancer,life-threatening cancer patients with mood or adjustment disorder,crossover,double-blind,10.1177/0269881116675512,NCT00957359,"Ross, S., Bossis, A., Guss, J., Agin-Liebes, G., Malone, T., Cohen, B., Mennenga, S. E., Belser, A., Kalliontzi, K., Babb, J., Su, Z., Corby, P., & Schmidt, B. L. (2016). Rapid and sustained symptom reduction following psilocybin treatment for anxiety and depression in patients with life-threatening cancer: A randomized controlled trial. Journal of Psychopharmacology, 30(12), 1165–1180. https://doi.org/10.1177/0269881116675512"
Ross 2016,psil,ncn,NA,NA,msd,stai (trait),self-report,trait anxiety,0,Pre-first dose 1,1 day pre-dose 1,20,2.86,0,0,14.0,42.617,8.291512769091055,15.0,45.783,9.198335447242615,NA,NA,NA,NA,NA,NA,NA,NA,NA,NA,48.296,9.477618160698393,14.0,48.454,8.582531095195638,15.0,Low,Low,Low,Some concerns,Some concerns,Some concerns,2016,psilocybin,niacin,0.3 mg/kg,250 mg,Psilocybin 1st group,Niacin 1st group,0,0.0,0.0,NA,NA,56.0,61.1,cancer,life-threatening cancer patients with mood or adjustment disorder,crossover,double-blind,10.1177/0269881116675512,NCT00957359,"Ross, S., Bossis, A., Guss, J., Agin-Liebes, G., Malone, T., Cohen, B., Mennenga, S. E., Belser, A., Kalliontzi, K., Babb, J., Su, Z., Corby, P., & Schmidt, B. L. (2016). Rapid and sustained symptom reduction following psilocybin treatment for anxiety and depression in patients with life-threatening cancer: A randomized controlled trial. Journal of Psychopharmacology, 30(12), 1165–1180. https://doi.org/10.1177/0269881116675512"
Ross 2016,psil,ncn,NA,NA,msd,stai (trait),self-report,trait anxiety,0,Post-first dose 1,1 day post-dose 1,22,3.14,0,0,14.0,35.989,8.882694636201338,15.0,43.905,9.198335447242615,NA,NA,NA,NA,NA,NA,NA,NA,NA,NA,48.296,9.477618160698393,14.0,48.454,8.582531095195638,15.0,Low,Low,Low,Some concerns,Some concerns,Some concerns,2016,psilocybin,niacin,0.3 mg/kg,250 mg,Psilocybin 1st group,Niacin 1st group,1,21.0,250.0,1,0.14,56.0,61.1,cancer,life-threatening cancer patients with mood or adjustment disorder,crossover,double-blind,10.1177/0269881116675512,NCT00957359,"Ross, S., Bossis, A., Guss, J., Agin-Liebes, G., Malone, T., Cohen, B., Mennenga, S. E., Belser, A., Kalliontzi, K., Babb, J., Su, Z., Corby, P., & Schmidt, B. L. (2016). Rapid and sustained symptom reduction following psilocybin treatment for anxiety and depression in patients with life-threatening cancer: A randomized controlled trial. Journal of Psychopharmacology, 30(12), 1165–1180. https://doi.org/10.1177/0269881116675512"
Ross 2016,psil,ncn,NA,NA,msd,stai (trait),self-report,trait anxiety,0,Post-first dose 2,2 weeks post-dose 1,35,5.0,0,0,14.0,30.41,7.561889578670135,14.0,44.865,7.565631236056909,NA,NA,NA,NA,NA,NA,NA,NA,NA,NA,48.296,9.477618160698393,14.0,48.454,8.582531095195638,15.0,Low,Low,Low,Some concerns,Some concerns,Some concerns,2016,psilocybin,niacin,0.3 mg/kg,250 mg,Psilocybin 1st group,Niacin 1st group,1,21.0,250.0,14,2.0,56.0,61.1,cancer,life-threatening cancer patients with mood or adjustment disorder,crossover,double-blind,10.1177/0269881116675512,NCT00957359,"Ross, S., Bossis, A., Guss, J., Agin-Liebes, G., Malone, T., Cohen, B., Mennenga, S. E., Belser, A., Kalliontzi, K., Babb, J., Su, Z., Corby, P., & Schmidt, B. L. (2016). Rapid and sustained symptom reduction following psilocybin treatment for anxiety and depression in patients with life-threatening cancer: A randomized controlled trial. Journal of Psychopharmacology, 30(12), 1165–1180. https://doi.org/10.1177/0269881116675512"
Ross 2016,psil,ncn,NA,NA,msd,stai (trait),self-report,trait anxiety,0,Post-first dose 3,6 weeks post-dose 1,63,9.0,0,0,14.0,35.061,8.295254426477829,14.0,46.142,8.88643629358811,NA,NA,NA,NA,NA,NA,NA,NA,NA,NA,48.296,9.477618160698393,14.0,48.454,8.582531095195638,15.0,Low,Low,Low,Some concerns,Some concerns,Some concerns,2016,psilocybin,niacin,0.3 mg/kg,250 mg,Psilocybin 1st group,Niacin 1st group,1,21.0,250.0,42,6.0,56.0,61.1,cancer,life-threatening cancer patients with mood or adjustment disorder,crossover,double-blind,10.1177/0269881116675512,NCT00957359,"Ross, S., Bossis, A., Guss, J., Agin-Liebes, G., Malone, T., Cohen, B., Mennenga, S. E., Belser, A., Kalliontzi, K., Babb, J., Su, Z., Corby, P., & Schmidt, B. L. (2016). Rapid and sustained symptom reduction following psilocybin treatment for anxiety and depression in patients with life-threatening cancer: A randomized controlled trial. Journal of Psychopharmacology, 30(12), 1165–1180. https://doi.org/10.1177/0269881116675512"
Ross 2016,psil,ncn,NA,NA,msd,stai (trait),self-report,trait anxiety,0,Post-first dose 4,7 weeks post-dose 1 and 1 day pre-dose 2,70,10.0,1,0,12.0,32.549,8.227241335952167,14.0,43.472,9.477618160698393,NA,NA,NA,NA,NA,NA,NA,NA,NA,NA,48.296,9.477618160698393,14.0,48.454,8.582531095195638,15.0,Low,Low,Low,Some concerns,Some concerns,Some concerns,2016,psilocybin,niacin,0.3 mg/kg,250 mg,Psilocybin 1st group,Niacin 1st group,1,21.0,250.0,49,7.0,56.0,61.1,cancer,life-threatening cancer patients with mood or adjustment disorder,crossover,double-blind,10.1177/0269881116675512,NCT00957359,"Ross, S., Bossis, A., Guss, J., Agin-Liebes, G., Malone, T., Cohen, B., Mennenga, S. E., Belser, A., Kalliontzi, K., Babb, J., Su, Z., Corby, P., & Schmidt, B. L. (2016). Rapid and sustained symptom reduction following psilocybin treatment for anxiety and depression in patients with life-threatening cancer: A randomized controlled trial. Journal of Psychopharmacology, 30(12), 1165–1180. https://doi.org/10.1177/0269881116675512"
Ross 2016,psil,ncn,NA,NA,msd,stai (trait),self-report,trait anxiety,0,Post-second dose 2,6 weeks post-dose 2,112,16.0,0,1,12.0,29.741,8.22377723433703,11.0,35.44,8.404327218760583,NA,NA,NA,NA,NA,NA,NA,NA,NA,NA,48.296,9.477618160698393,14.0,48.454,8.582531095195638,15.0,Low,Low,Low,Some concerns,Some concerns,Some concerns,2016,psilocybin,niacin,0.3 mg/kg,250 mg,Psilocybin 1st group,Niacin 1st group,2,21.0,250.0,41,5.86,56.0,61.1,cancer,life-threatening cancer patients with mood or adjustment disorder,crossover,double-blind,10.1177/0269881116675512,NCT00957359,"Ross, S., Bossis, A., Guss, J., Agin-Liebes, G., Malone, T., Cohen, B., Mennenga, S. E., Belser, A., Kalliontzi, K., Babb, J., Su, Z., Corby, P., & Schmidt, B. L. (2016). Rapid and sustained symptom reduction following psilocybin treatment for anxiety and depression in patients with life-threatening cancer: A randomized controlled trial. Journal of Psychopharmacology, 30(12), 1165–1180. https://doi.org/10.1177/0269881116675512"
Ross 2016,psil,ncn,NA,NA,msd,stai (trait),self-report,trait anxiety,0,Post-second dose 3,26 weeks post-dose 2,252,36.0,0,1,11.0,29.763,8.401010593970227,12.0,35.145,8.22377723433703,NA,NA,NA,NA,NA,NA,NA,NA,NA,NA,48.296,9.477618160698393,14.0,48.454,8.582531095195638,15.0,Low,Low,Low,Some concerns,Some concerns,Some concerns,2016,psilocybin,niacin,0.3 mg/kg,250 mg,Psilocybin 1st group,Niacin 1st group,2,21.0,250.0,181,25.86,56.0,61.1,cancer,life-threatening cancer patients with mood or adjustment disorder,crossover,double-blind,10.1177/0269881116675512,NCT00957359,"Ross, S., Bossis, A., Guss, J., Agin-Liebes, G., Malone, T., Cohen, B., Mennenga, S. E., Belser, A., Kalliontzi, K., Babb, J., Su, Z., Corby, P., & Schmidt, B. L. (2016). Rapid and sustained symptom reduction following psilocybin treatment for anxiety and depression in patients with life-threatening cancer: A randomized controlled trial. Journal of Psychopharmacology, 30(12), 1165–1180. https://doi.org/10.1177/0269881116675512"
Ross 2016,psil,ncn,NA,NA,msd,stai (state),self-report,state anxiety,0,Pre-first dose 1,1 day pre-dose 1,20,2.86,0,0,14.0,38.962,10.282074498854792,15.0,45.68,10.050391783408248,NA,NA,NA,NA,NA,NA,NA,NA,NA,NA,43.063,8.564653758325552,14.0,47.186,8.869131862814985,15.0,Low,Low,Low,Some concerns,Some concerns,Some concerns,2016,psilocybin,niacin,0.3 mg/kg,250 mg,Psilocybin 1st group,Niacin 1st group,0,0.0,0.0,NA,NA,56.0,61.1,cancer,life-threatening cancer patients with mood or adjustment disorder,crossover,double-blind,10.1177/0269881116675512,NCT00957359,"Ross, S., Bossis, A., Guss, J., Agin-Liebes, G., Malone, T., Cohen, B., Mennenga, S. E., Belser, A., Kalliontzi, K., Babb, J., Su, Z., Corby, P., & Schmidt, B. L. (2016). Rapid and sustained symptom reduction following psilocybin treatment for anxiety and depression in patients with life-threatening cancer: A randomized controlled trial. Journal of Psychopharmacology, 30(12), 1165–1180. https://doi.org/10.1177/0269881116675512"
Ross 2016,psil,ncn,NA,NA,msd,stai (state),self-report,state anxiety,0,Post-first dose 1,1 day post-dose 1,22,3.14,0,0,14.0,27.074,10.282074498854792,15.0,40.356,10.642958235377982,NA,NA,NA,NA,NA,NA,NA,NA,NA,NA,43.063,8.564653758325552,14.0,47.186,8.869131862814985,15.0,Low,Low,Low,Some concerns,Some concerns,Some concerns,2016,psilocybin,niacin,0.3 mg/kg,250 mg,Psilocybin 1st group,Niacin 1st group,1,21.0,250.0,1,0.14,56.0,61.1,cancer,life-threatening cancer patients with mood or adjustment disorder,crossover,double-blind,10.1177/0269881116675512,NCT00957359,"Ross, S., Bossis, A., Guss, J., Agin-Liebes, G., Malone, T., Cohen, B., Mennenga, S. E., Belser, A., Kalliontzi, K., Babb, J., Su, Z., Corby, P., & Schmidt, B. L. (2016). Rapid and sustained symptom reduction following psilocybin treatment for anxiety and depression in patients with life-threatening cancer: A randomized controlled trial. Journal of Psychopharmacology, 30(12), 1165–1180. https://doi.org/10.1177/0269881116675512"
Ross 2016,psil,ncn,NA,NA,msd,stai (state),self-report,state anxiety,0,Post-first dose 2,2 weeks post-dose 1,35,5.0,0,0,14.0,29.457,11.599137898999219,14.0,44.651,11.022922661436032,NA,NA,NA,NA,NA,NA,NA,NA,NA,NA,43.063,8.564653758325552,14.0,47.186,8.869131862814985,15.0,Low,Low,Low,Some concerns,Some concerns,Some concerns,2016,psilocybin,niacin,0.3 mg/kg,250 mg,Psilocybin 1st group,Niacin 1st group,1,21.0,250.0,14,2.0,56.0,61.1,cancer,life-threatening cancer patients with mood or adjustment disorder,crossover,double-blind,10.1177/0269881116675512,NCT00957359,"Ross, S., Bossis, A., Guss, J., Agin-Liebes, G., Malone, T., Cohen, B., Mennenga, S. E., Belser, A., Kalliontzi, K., Babb, J., Su, Z., Corby, P., & Schmidt, B. L. (2016). Rapid and sustained symptom reduction following psilocybin treatment for anxiety and depression in patients with life-threatening cancer: A randomized controlled trial. Journal of Psychopharmacology, 30(12), 1165–1180. https://doi.org/10.1177/0269881116675512"
Ross 2016,psil,ncn,NA,NA,msd,stai (state),self-report,state anxiety,0,Post-first dose 3,6 weeks post-dose 1,63,9.0,0,0,14.0,33.507,10.858289736417978,14.0,47.247,9.709600918678378,NA,NA,NA,NA,NA,NA,NA,NA,NA,NA,43.063,8.564653758325552,14.0,47.186,8.869131862814985,15.0,Low,Low,Low,Some concerns,Some concerns,Some concerns,2016,psilocybin,niacin,0.3 mg/kg,250 mg,Psilocybin 1st group,Niacin 1st group,1,21.0,250.0,42,6.0,56.0,61.1,cancer,life-threatening cancer patients with mood or adjustment disorder,crossover,double-blind,10.1177/0269881116675512,NCT00957359,"Ross, S., Bossis, A., Guss, J., Agin-Liebes, G., Malone, T., Cohen, B., Mennenga, S. E., Belser, A., Kalliontzi, K., Babb, J., Su, Z., Corby, P., & Schmidt, B. L. (2016). Rapid and sustained symptom reduction following psilocybin treatment for anxiety and depression in patients with life-threatening cancer: A randomized controlled trial. Journal of Psychopharmacology, 30(12), 1165–1180. https://doi.org/10.1177/0269881116675512"
Ross 2016,psil,ncn,NA,NA,msd,stai (state),self-report,state anxiety,0,Post-first dose 4,7 weeks post-dose 1 and 1 day pre-dose 2,70,10.0,1,0,12.0,32.763,10.575902231015563,14.0,45.893,9.14086899588874,NA,NA,NA,NA,NA,NA,NA,NA,NA,NA,43.063,8.564653758325552,14.0,47.186,8.869131862814985,15.0,Low,Low,Low,Some concerns,Some concerns,Some concerns,2016,psilocybin,niacin,0.3 mg/kg,250 mg,Psilocybin 1st group,Niacin 1st group,1,21.0,250.0,49,7.0,56.0,61.1,cancer,life-threatening cancer patients with mood or adjustment disorder,crossover,double-blind,10.1177/0269881116675512,NCT00957359,"Ross, S., Bossis, A., Guss, J., Agin-Liebes, G., Malone, T., Cohen, B., Mennenga, S. E., Belser, A., Kalliontzi, K., Babb, J., Su, Z., Corby, P., & Schmidt, B. L. (2016). Rapid and sustained symptom reduction following psilocybin treatment for anxiety and depression in patients with life-threatening cancer: A randomized controlled trial. Journal of Psychopharmacology, 30(12), 1165–1180. https://doi.org/10.1177/0269881116675512"
Ross 2016,psil,ncn,NA,NA,msd,stai (state),self-report,state anxiety,0,Post-second dose 2,6 weeks post-dose 2,112,16.0,0,1,12.0,30.667,10.575902231015563,11.0,37.843,10.629782453089057,NA,NA,NA,NA,NA,NA,NA,NA,NA,NA,43.063,8.564653758325552,14.0,47.186,8.869131862814985,15.0,Low,Low,Low,Some concerns,Some concerns,Some concerns,2016,psilocybin,niacin,0.3 mg/kg,250 mg,Psilocybin 1st group,Niacin 1st group,2,21.0,250.0,41,5.86,56.0,61.1,cancer,life-threatening cancer patients with mood or adjustment disorder,crossover,double-blind,10.1177/0269881116675512,NCT00957359,"Ross, S., Bossis, A., Guss, J., Agin-Liebes, G., Malone, T., Cohen, B., Mennenga, S. E., Belser, A., Kalliontzi, K., Babb, J., Su, Z., Corby, P., & Schmidt, B. L. (2016). Rapid and sustained symptom reduction following psilocybin treatment for anxiety and depression in patients with life-threatening cancer: A randomized controlled trial. Journal of Psychopharmacology, 30(12), 1165–1180. https://doi.org/10.1177/0269881116675512"
Ross 2016,psil,ncn,NA,NA,msd,stai (state),self-report,state anxiety,0,Post-second dose 3,26 weeks post-dose 2,252,36.0,0,1,11.0,28.092,11.140542670803788,12.0,38.321,10.575902231015563,NA,NA,NA,NA,NA,NA,NA,NA,NA,NA,43.063,8.564653758325552,14.0,47.186,8.869131862814985,15.0,Low,Low,Low,Some concerns,Some concerns,Some concerns,2016,psilocybin,niacin,0.3 mg/kg,250 mg,Psilocybin 1st group,Niacin 1st group,2,21.0,250.0,181,25.86,56.0,61.1,cancer,life-threatening cancer patients with mood or adjustment disorder,crossover,double-blind,10.1177/0269881116675512,NCT00957359,"Ross, S., Bossis, A., Guss, J., Agin-Liebes, G., Malone, T., Cohen, B., Mennenga, S. E., Belser, A., Kalliontzi, K., Babb, J., Su, Z., Corby, P., & Schmidt, B. L. (2016). Rapid and sustained symptom reduction following psilocybin treatment for anxiety and depression in patients with life-threatening cancer: A randomized controlled trial. Journal of Psychopharmacology, 30(12), 1165–1180. https://doi.org/10.1177/0269881116675512"
Ross 2016,psil,ncn,NA,NA,msd,hads,self-report,anxiety and depression,0,Pre-first dose 1,1 day pre-dose 1,20,2.86,0,0,14.0,12.804,5.0774290738522385,15.0,15.015,4.670817915526145,NA,NA,NA,NA,NA,NA,NA,NA,NA,NA,16.781,4.886604547126767,14.0,16.83,5.061989233493094,15.0,Low,Low,Low,Some concerns,Some concerns,Some concerns,2016,psilocybin,niacin,0.3 mg/kg,250 mg,Psilocybin 1st group,Niacin 1st group,0,0.0,0.0,NA,NA,56.0,61.1,cancer,life-threatening cancer patients with mood or adjustment disorder,crossover,double-blind,10.1177/0269881116675512,NCT00957359,"Ross, S., Bossis, A., Guss, J., Agin-Liebes, G., Malone, T., Cohen, B., Mennenga, S. E., Belser, A., Kalliontzi, K., Babb, J., Su, Z., Corby, P., & Schmidt, B. L. (2016). Rapid and sustained symptom reduction following psilocybin treatment for anxiety and depression in patients with life-threatening cancer: A randomized controlled trial. Journal of Psychopharmacology, 30(12), 1165–1180. https://doi.org/10.1177/0269881116675512"
Ross 2016,psil,ncn,NA,NA,msd,hads,self-report,anxiety and depression,0,Post-first dose 1,1 day post-dose 1,22,3.14,0,0,14.0,5.36,5.0774290738522385,15.0,12.044,5.251765417457258,NA,NA,NA,NA,NA,NA,NA,NA,NA,NA,16.781,4.886604547126767,14.0,16.83,5.061989233493094,15.0,Low,Low,Low,Some concerns,Some concerns,Some concerns,2016,psilocybin,niacin,0.3 mg/kg,250 mg,Psilocybin 1st group,Niacin 1st group,1,21.0,250.0,1,0.14,56.0,61.1,cancer,life-threatening cancer patients with mood or adjustment disorder,crossover,double-blind,10.1177/0269881116675512,NCT00957359,"Ross, S., Bossis, A., Guss, J., Agin-Liebes, G., Malone, T., Cohen, B., Mennenga, S. E., Belser, A., Kalliontzi, K., Babb, J., Su, Z., Corby, P., & Schmidt, B. L. (2016). Rapid and sustained symptom reduction following psilocybin treatment for anxiety and depression in patients with life-threatening cancer: A randomized controlled trial. Journal of Psychopharmacology, 30(12), 1165–1180. https://doi.org/10.1177/0269881116675512"
Ross 2016,psil,ncn,NA,NA,msd,hads,self-report,anxiety and depression,0,Post-first dose 2,2 weeks post-dose 1,35,5.0,0,0,14.0,6.386,4.9764043244093425,14.0,13.48,4.789321455070645,NA,NA,NA,NA,NA,NA,NA,NA,NA,NA,16.781,4.886604547126767,14.0,16.83,5.061989233493094,15.0,Low,Low,Low,Some concerns,Some concerns,Some concerns,2016,psilocybin,niacin,0.3 mg/kg,250 mg,Psilocybin 1st group,Niacin 1st group,1,21.0,250.0,14,2.0,56.0,61.1,cancer,life-threatening cancer patients with mood or adjustment disorder,crossover,double-blind,10.1177/0269881116675512,NCT00957359,"Ross, S., Bossis, A., Guss, J., Agin-Liebes, G., Malone, T., Cohen, B., Mennenga, S. E., Belser, A., Kalliontzi, K., Babb, J., Su, Z., Corby, P., & Schmidt, B. L. (2016). Rapid and sustained symptom reduction following psilocybin treatment for anxiety and depression in patients with life-threatening cancer: A randomized controlled trial. Journal of Psychopharmacology, 30(12), 1165–1180. https://doi.org/10.1177/0269881116675512"
Ross 2016,psil,ncn,NA,NA,msd,hads,self-report,anxiety and depression,0,Post-first dose 3,6 weeks post-dose 1,63,9.0,0,0,14.0,6.861,5.0774290738522385,14.0,15.102,4.890346204513541,NA,NA,NA,NA,NA,NA,NA,NA,NA,NA,16.781,4.886604547126767,14.0,16.83,5.061989233493094,15.0,Low,Low,Low,Some concerns,Some concerns,Some concerns,2016,psilocybin,niacin,0.3 mg/kg,250 mg,Psilocybin 1st group,Niacin 1st group,1,21.0,250.0,42,6.0,56.0,61.1,cancer,life-threatening cancer patients with mood or adjustment disorder,crossover,double-blind,10.1177/0269881116675512,NCT00957359,"Ross, S., Bossis, A., Guss, J., Agin-Liebes, G., Malone, T., Cohen, B., Mennenga, S. E., Belser, A., Kalliontzi, K., Babb, J., Su, Z., Corby, P., & Schmidt, B. L. (2016). Rapid and sustained symptom reduction following psilocybin treatment for anxiety and depression in patients with life-threatening cancer: A randomized controlled trial. Journal of Psychopharmacology, 30(12), 1165–1180. https://doi.org/10.1177/0269881116675512"
Ross 2016,psil,ncn,NA,NA,msd,hads,self-report,anxiety and depression,0,Post-first dose 4,7 weeks post-dose 1 and 1 day pre-dose 2,70,10.0,1,0,12.0,7.307,5.047196053255709,14.0,14.141,4.886604547126767,NA,NA,NA,NA,NA,NA,NA,NA,NA,NA,16.781,4.886604547126767,14.0,16.83,5.061989233493094,15.0,Low,Low,Low,Some concerns,Some concerns,Some concerns,2016,psilocybin,niacin,0.3 mg/kg,250 mg,Psilocybin 1st group,Niacin 1st group,1,21.0,250.0,49,7.0,56.0,61.1,cancer,life-threatening cancer patients with mood or adjustment disorder,crossover,double-blind,10.1177/0269881116675512,NCT00957359,"Ross, S., Bossis, A., Guss, J., Agin-Liebes, G., Malone, T., Cohen, B., Mennenga, S. E., Belser, A., Kalliontzi, K., Babb, J., Su, Z., Corby, P., & Schmidt, B. L. (2016). Rapid and sustained symptom reduction following psilocybin treatment for anxiety and depression in patients with life-threatening cancer: A randomized controlled trial. Journal of Psychopharmacology, 30(12), 1165–1180. https://doi.org/10.1177/0269881116675512"
Ross 2016,psil,ncn,NA,NA,msd,hads,self-report,anxiety and depression,0,Post-second dose 2,6 weeks post-dose 2,112,16.0,0,1,12.0,5.534,5.223865235627733,11.0,10.308,5.001470183855943,NA,NA,NA,NA,NA,NA,NA,NA,NA,NA,16.781,4.886604547126767,14.0,16.83,5.061989233493094,15.0,Low,Low,Low,Some concerns,Some concerns,Some concerns,2016,psilocybin,niacin,0.3 mg/kg,250 mg,Psilocybin 1st group,Niacin 1st group,2,21.0,250.0,41,5.86,56.0,61.1,cancer,life-threatening cancer patients with mood or adjustment disorder,crossover,double-blind,10.1177/0269881116675512,NCT00957359,"Ross, S., Bossis, A., Guss, J., Agin-Liebes, G., Malone, T., Cohen, B., Mennenga, S. E., Belser, A., Kalliontzi, K., Babb, J., Su, Z., Corby, P., & Schmidt, B. L. (2016). Rapid and sustained symptom reduction following psilocybin treatment for anxiety and depression in patients with life-threatening cancer: A randomized controlled trial. Journal of Psychopharmacology, 30(12), 1165–1180. https://doi.org/10.1177/0269881116675512"
Ross 2016,psil,ncn,NA,NA,msd,hads,self-report,anxiety and depression,0,Post-second dose 3,26 weeks post-dose 2,252,36.0,0,1,11.0,4.523,5.163984798583357,12.0,8.794,5.047196053255709,NA,NA,NA,NA,NA,NA,NA,NA,NA,NA,16.781,4.886604547126767,14.0,16.83,5.061989233493094,15.0,Low,Low,Low,Some concerns,Some concerns,Some concerns,2016,psilocybin,niacin,0.3 mg/kg,250 mg,Psilocybin 1st group,Niacin 1st group,2,21.0,250.0,181,25.86,56.0,61.1,cancer,life-threatening cancer patients with mood or adjustment disorder,crossover,double-blind,10.1177/0269881116675512,NCT00957359,"Ross, S., Bossis, A., Guss, J., Agin-Liebes, G., Malone, T., Cohen, B., Mennenga, S. E., Belser, A., Kalliontzi, K., Babb, J., Su, Z., Corby, P., & Schmidt, B. L. (2016). Rapid and sustained symptom reduction following psilocybin treatment for anxiety and depression in patients with life-threatening cancer: A randomized controlled trial. Journal of Psychopharmacology, 30(12), 1165–1180. https://doi.org/10.1177/0269881116675512"
Ross 2016,psil,ncn,NA,NA,msd,hads-a,self-report,anxiety,0,Pre-first dose 1,1 day pre-dose 1,20,2.86,0,0,14.0,9.061,2.9746176224852836,15.0,8.985,3.079021760234897,NA,NA,NA,NA,NA,NA,NA,NA,NA,NA,11.404,3.2589835838801027,14.0,9.813,3.5205418617025424,15.0,Low,Low,Low,Some concerns,Some concerns,Some concerns,2016,psilocybin,niacin,0.3 mg/kg,250 mg,Psilocybin 1st group,Niacin 1st group,0,0.0,0.0,NA,NA,56.0,61.1,cancer,life-threatening cancer patients with mood or adjustment disorder,crossover,double-blind,10.1177/0269881116675512,NCT00957359,"Ross, S., Bossis, A., Guss, J., Agin-Liebes, G., Malone, T., Cohen, B., Mennenga, S. E., Belser, A., Kalliontzi, K., Babb, J., Su, Z., Corby, P., & Schmidt, B. L. (2016). Rapid and sustained symptom reduction following psilocybin treatment for anxiety and depression in patients with life-threatening cancer: A randomized controlled trial. Journal of Psychopharmacology, 30(12), 1165–1180. https://doi.org/10.1177/0269881116675512"
Ross 2016,psil,ncn,NA,NA,msd,hads-a,self-report,anxiety,0,Post-first dose 1,1 day post-dose 1,22,3.14,0,0,14.0,3.422,3.116800603182693,15.0,5.997,3.2300681107369855,NA,NA,NA,NA,NA,NA,NA,NA,NA,NA,11.404,3.2589835838801027,14.0,9.813,3.5205418617025424,15.0,Low,Low,Low,Some concerns,Some concerns,Some concerns,2016,psilocybin,niacin,0.3 mg/kg,250 mg,Psilocybin 1st group,Niacin 1st group,1,21.0,250.0,1,0.14,56.0,61.1,cancer,life-threatening cancer patients with mood or adjustment disorder,crossover,double-blind,10.1177/0269881116675512,NCT00957359,"Ross, S., Bossis, A., Guss, J., Agin-Liebes, G., Malone, T., Cohen, B., Mennenga, S. E., Belser, A., Kalliontzi, K., Babb, J., Su, Z., Corby, P., & Schmidt, B. L. (2016). Rapid and sustained symptom reduction following psilocybin treatment for anxiety and depression in patients with life-threatening cancer: A randomized controlled trial. Journal of Psychopharmacology, 30(12), 1165–1180. https://doi.org/10.1177/0269881116675512"
Ross 2016,psil,ncn,NA,NA,msd,hads-a,self-report,anxiety,0,Post-first dose 2,2 weeks post-dose 1,35,5.0,0,0,14.0,4.241,3.3562666759362254,14.0,7.57,3.0793840293149537,NA,NA,NA,NA,NA,NA,NA,NA,NA,NA,11.404,3.2589835838801027,14.0,9.813,3.5205418617025424,15.0,Low,Low,Low,Some concerns,Some concerns,Some concerns,2016,psilocybin,niacin,0.3 mg/kg,250 mg,Psilocybin 1st group,Niacin 1st group,1,21.0,250.0,14,2.0,56.0,61.1,cancer,life-threatening cancer patients with mood or adjustment disorder,crossover,double-blind,10.1177/0269881116675512,NCT00957359,"Ross, S., Bossis, A., Guss, J., Agin-Liebes, G., Malone, T., Cohen, B., Mennenga, S. E., Belser, A., Kalliontzi, K., Babb, J., Su, Z., Corby, P., & Schmidt, B. L. (2016). Rapid and sustained symptom reduction following psilocybin treatment for anxiety and depression in patients with life-threatening cancer: A randomized controlled trial. Journal of Psychopharmacology, 30(12), 1165–1180. https://doi.org/10.1177/0269881116675512"
Ross 2016,psil,ncn,NA,NA,msd,hads-a,self-report,anxiety,0,Post-first dose 3,6 weeks post-dose 1,63,9.0,0,0,14.0,4.639,2.9746176224852836,14.0,8.464,3.120542260569467,NA,NA,NA,NA,NA,NA,NA,NA,NA,NA,11.404,3.2589835838801027,14.0,9.813,3.5205418617025424,15.0,Low,Low,Low,Some concerns,Some concerns,Some concerns,2016,psilocybin,niacin,0.3 mg/kg,250 mg,Psilocybin 1st group,Niacin 1st group,1,21.0,250.0,42,6.0,56.0,61.1,cancer,life-threatening cancer patients with mood or adjustment disorder,crossover,double-blind,10.1177/0269881116675512,NCT00957359,"Ross, S., Bossis, A., Guss, J., Agin-Liebes, G., Malone, T., Cohen, B., Mennenga, S. E., Belser, A., Kalliontzi, K., Babb, J., Su, Z., Corby, P., & Schmidt, B. L. (2016). Rapid and sustained symptom reduction following psilocybin treatment for anxiety and depression in patients with life-threatening cancer: A randomized controlled trial. Journal of Psychopharmacology, 30(12), 1165–1180. https://doi.org/10.1177/0269881116675512"
Ross 2016,psil,ncn,NA,NA,msd,hads-a,self-report,anxiety,0,Post-first dose 4,7 weeks post-dose 1 and 1 day pre-dose 2,70,10.0,1,0,12.0,4.53,3.148868368160219,14.0,7.977,3.2589835838801027,NA,NA,NA,NA,NA,NA,NA,NA,NA,NA,11.404,3.2589835838801027,14.0,9.813,3.5205418617025424,15.0,Low,Low,Low,Some concerns,Some concerns,Some concerns,2016,psilocybin,niacin,0.3 mg/kg,250 mg,Psilocybin 1st group,Niacin 1st group,1,21.0,250.0,49,7.0,56.0,61.1,cancer,life-threatening cancer patients with mood or adjustment disorder,crossover,double-blind,10.1177/0269881116675512,NCT00957359,"Ross, S., Bossis, A., Guss, J., Agin-Liebes, G., Malone, T., Cohen, B., Mennenga, S. E., Belser, A., Kalliontzi, K., Babb, J., Su, Z., Corby, P., & Schmidt, B. L. (2016). Rapid and sustained symptom reduction following psilocybin treatment for anxiety and depression in patients with life-threatening cancer: A randomized controlled trial. Journal of Psychopharmacology, 30(12), 1165–1180. https://doi.org/10.1177/0269881116675512"
Ross 2016,psil,ncn,NA,NA,msd,hads-a,self-report,anxiety,0,Post-second dose 2,6 weeks post-dose 2,112,16.0,0,1,12.0,3.593,3.1523324697753567,11.0,5.563,3.1408436764665635,NA,NA,NA,NA,NA,NA,NA,NA,NA,NA,11.404,3.2589835838801027,14.0,9.813,3.5205418617025424,15.0,Low,Low,Low,Some concerns,Some concerns,Some concerns,2016,psilocybin,niacin,0.3 mg/kg,250 mg,Psilocybin 1st group,Niacin 1st group,2,21.0,250.0,41,5.86,56.0,61.1,cancer,life-threatening cancer patients with mood or adjustment disorder,crossover,double-blind,10.1177/0269881116675512,NCT00957359,"Ross, S., Bossis, A., Guss, J., Agin-Liebes, G., Malone, T., Cohen, B., Mennenga, S. E., Belser, A., Kalliontzi, K., Babb, J., Su, Z., Corby, P., & Schmidt, B. L. (2016). Rapid and sustained symptom reduction following psilocybin treatment for anxiety and depression in patients with life-threatening cancer: A randomized controlled trial. Journal of Psychopharmacology, 30(12), 1165–1180. https://doi.org/10.1177/0269881116675512"
Ross 2016,psil,ncn,NA,NA,msd,hads-a,self-report,anxiety,0,Post-second dose 3,26 weeks post-dose 2,252,36.0,0,1,11.0,2.689,3.1408436764665635,12.0,4.697,3.2805042295354534,NA,NA,NA,NA,NA,NA,NA,NA,NA,NA,11.404,3.2589835838801027,14.0,9.813,3.5205418617025424,15.0,Low,Low,Low,Some concerns,Some concerns,Some concerns,2016,psilocybin,niacin,0.3 mg/kg,250 mg,Psilocybin 1st group,Niacin 1st group,2,21.0,250.0,181,25.86,56.0,61.1,cancer,life-threatening cancer patients with mood or adjustment disorder,crossover,double-blind,10.1177/0269881116675512,NCT00957359,"Ross, S., Bossis, A., Guss, J., Agin-Liebes, G., Malone, T., Cohen, B., Mennenga, S. E., Belser, A., Kalliontzi, K., Babb, J., Su, Z., Corby, P., & Schmidt, B. L. (2016). Rapid and sustained symptom reduction following psilocybin treatment for anxiety and depression in patients with life-threatening cancer: A randomized controlled trial. Journal of Psychopharmacology, 30(12), 1165–1180. https://doi.org/10.1177/0269881116675512"
Ross 2016,psil,ncn,NA,NA,msd,hads-d,self-report,depression,0,Pre-first dose 1,1 day pre-dose 1,20,2.86,0,0,14.0,3.859,3.4797413696997657,15.0,5.945,3.40435236131632,NA,NA,NA,NA,NA,NA,NA,NA,NA,NA,5.298,3.4797413696997657,14.0,7.007,3.501176944971505,15.0,Low,Low,Low,Some concerns,Some concerns,Some concerns,2016,psilocybin,niacin,0.3 mg/kg,250 mg,Psilocybin 1st group,Niacin 1st group,0,0.0,0.0,NA,NA,56.0,61.1,cancer,life-threatening cancer patients with mood or adjustment disorder,crossover,double-blind,10.1177/0269881116675512,NCT00957359,"Ross, S., Bossis, A., Guss, J., Agin-Liebes, G., Malone, T., Cohen, B., Mennenga, S. E., Belser, A., Kalliontzi, K., Babb, J., Su, Z., Corby, P., & Schmidt, B. L. (2016). Rapid and sustained symptom reduction following psilocybin treatment for anxiety and depression in patients with life-threatening cancer: A randomized controlled trial. Journal of Psychopharmacology, 30(12), 1165–1180. https://doi.org/10.1177/0269881116675512"
Ross 2016,psil,ncn,NA,NA,msd,hads-d,self-report,depression,0,Post-first dose 1,1 day post-dose 1,22,3.14,0,0,14.0,2.019,3.382458277643643,15.0,6.164,3.2107031940059487,NA,NA,NA,NA,NA,NA,NA,NA,NA,NA,5.298,3.4797413696997657,14.0,7.007,3.501176944971505,15.0,Low,Low,Low,Some concerns,Some concerns,Some concerns,2016,psilocybin,niacin,0.3 mg/kg,250 mg,Psilocybin 1st group,Niacin 1st group,1,21.0,250.0,1,0.14,56.0,61.1,cancer,life-threatening cancer patients with mood or adjustment disorder,crossover,double-blind,10.1177/0269881116675512,NCT00957359,"Ross, S., Bossis, A., Guss, J., Agin-Liebes, G., Malone, T., Cohen, B., Mennenga, S. E., Belser, A., Kalliontzi, K., Babb, J., Su, Z., Corby, P., & Schmidt, B. L. (2016). Rapid and sustained symptom reduction following psilocybin treatment for anxiety and depression in patients with life-threatening cancer: A randomized controlled trial. Journal of Psychopharmacology, 30(12), 1165–1180. https://doi.org/10.1177/0269881116675512"
Ross 2016,psil,ncn,NA,NA,msd,hads-d,self-report,depression,0,Post-first dose 2,2 weeks post-dose 1,35,5.0,0,0,14.0,2.109,3.4348414810584784,14.0,5.831,3.4348414810584784,NA,NA,NA,NA,NA,NA,NA,NA,NA,NA,5.298,3.4797413696997657,14.0,7.007,3.501176944971505,15.0,Low,Low,Low,Some concerns,Some concerns,Some concerns,2016,psilocybin,niacin,0.3 mg/kg,250 mg,Psilocybin 1st group,Niacin 1st group,1,21.0,250.0,14,2.0,56.0,61.1,cancer,life-threatening cancer patients with mood or adjustment disorder,crossover,double-blind,10.1177/0269881116675512,NCT00957359,"Ross, S., Bossis, A., Guss, J., Agin-Liebes, G., Malone, T., Cohen, B., Mennenga, S. E., Belser, A., Kalliontzi, K., Babb, J., Su, Z., Corby, P., & Schmidt, B. L. (2016). Rapid and sustained symptom reduction following psilocybin treatment for anxiety and depression in patients with life-threatening cancer: A randomized controlled trial. Journal of Psychopharmacology, 30(12), 1165–1180. https://doi.org/10.1177/0269881116675512"
Ross 2016,psil,ncn,NA,NA,msd,hads-d,self-report,depression,0,Post-first dose 3,6 weeks post-dose 1,63,9.0,0,0,14.0,2.263,3.4797413696997657,14.0,6.761,3.101833973635597,NA,NA,NA,NA,NA,NA,NA,NA,NA,NA,5.298,3.4797413696997657,14.0,7.007,3.501176944971505,15.0,Low,Low,Low,Some concerns,Some concerns,Some concerns,2016,psilocybin,niacin,0.3 mg/kg,250 mg,Psilocybin 1st group,Niacin 1st group,1,21.0,250.0,42,6.0,56.0,61.1,cancer,life-threatening cancer patients with mood or adjustment disorder,crossover,double-blind,10.1177/0269881116675512,NCT00957359,"Ross, S., Bossis, A., Guss, J., Agin-Liebes, G., Malone, T., Cohen, B., Mennenga, S. E., Belser, A., Kalliontzi, K., Babb, J., Su, Z., Corby, P., & Schmidt, B. L. (2016). Rapid and sustained symptom reduction following psilocybin treatment for anxiety and depression in patients with life-threatening cancer: A randomized controlled trial. Journal of Psychopharmacology, 30(12), 1165–1180. https://doi.org/10.1177/0269881116675512"
Ross 2016,psil,ncn,NA,NA,msd,hads-d,self-report,depression,0,Post-first dose 4,7 weeks post-dose 1 and 1 day pre-dose 2,70,10.0,1,0,12.0,2.734,3.308217042456555,14.0,6.101,3.2889168429742943,NA,NA,NA,NA,NA,NA,NA,NA,NA,NA,5.298,3.4797413696997657,14.0,7.007,3.501176944971505,15.0,Low,Low,Low,Some concerns,Some concerns,Some concerns,2016,psilocybin,niacin,0.3 mg/kg,250 mg,Psilocybin 1st group,Niacin 1st group,1,21.0,250.0,49,7.0,56.0,61.1,cancer,life-threatening cancer patients with mood or adjustment disorder,crossover,double-blind,10.1177/0269881116675512,NCT00957359,"Ross, S., Bossis, A., Guss, J., Agin-Liebes, G., Malone, T., Cohen, B., Mennenga, S. E., Belser, A., Kalliontzi, K., Babb, J., Su, Z., Corby, P., & Schmidt, B. L. (2016). Rapid and sustained symptom reduction following psilocybin treatment for anxiety and depression in patients with life-threatening cancer: A randomized controlled trial. Journal of Psychopharmacology, 30(12), 1165–1180. https://doi.org/10.1177/0269881116675512"
Ross 2016,psil,ncn,NA,NA,msd,hads-d,self-report,depression,0,Post-second dose 2,6 weeks post-dose 2,112,16.0,0,1,12.0,1.791,3.308217042456555,11.0,4.906,3.1673766747894065,NA,NA,NA,NA,NA,NA,NA,NA,NA,NA,5.298,3.4797413696997657,14.0,7.007,3.501176944971505,15.0,Low,Low,Low,Some concerns,Some concerns,Some concerns,2016,psilocybin,niacin,0.3 mg/kg,250 mg,Psilocybin 1st group,Niacin 1st group,2,21.0,250.0,41,5.86,56.0,61.1,cancer,life-threatening cancer patients with mood or adjustment disorder,crossover,double-blind,10.1177/0269881116675512,NCT00957359,"Ross, S., Bossis, A., Guss, J., Agin-Liebes, G., Malone, T., Cohen, B., Mennenga, S. E., Belser, A., Kalliontzi, K., Babb, J., Su, Z., Corby, P., & Schmidt, B. L. (2016). Rapid and sustained symptom reduction following psilocybin treatment for anxiety and depression in patients with life-threatening cancer: A randomized controlled trial. Journal of Psychopharmacology, 30(12), 1165–1180. https://doi.org/10.1177/0269881116675512"
Ross 2016,psil,ncn,NA,NA,msd,hads-d,self-report,depression,0,Post-second dose 3,26 weeks post-dose 2,252,36.0,0,1,11.0,1.96,3.3332079143071764,12.0,4.271,3.308217042456555,NA,NA,NA,NA,NA,NA,NA,NA,NA,NA,5.298,3.4797413696997657,14.0,7.007,3.501176944971505,15.0,Low,Low,Low,Some concerns,Some concerns,Some concerns,2016,psilocybin,niacin,0.3 mg/kg,250 mg,Psilocybin 1st group,Niacin 1st group,2,21.0,250.0,181,25.86,56.0,61.1,cancer,life-threatening cancer patients with mood or adjustment disorder,crossover,double-blind,10.1177/0269881116675512,NCT00957359,"Ross, S., Bossis, A., Guss, J., Agin-Liebes, G., Malone, T., Cohen, B., Mennenga, S. E., Belser, A., Kalliontzi, K., Babb, J., Su, Z., Corby, P., & Schmidt, B. L. (2016). Rapid and sustained symptom reduction following psilocybin treatment for anxiety and depression in patients with life-threatening cancer: A randomized controlled trial. Journal of Psychopharmacology, 30(12), 1165–1180. https://doi.org/10.1177/0269881116675512"
Ross 2016,psil,ncn,NA,NA,response,bdi,self-report,depression,1,Post-first dose 1,1 day post-dose 1,22,3.14,0,0,NA,NA,NA,NA,NA,NA,NA,NA,NA,NA,NA,NA,12,14.0,4,15.0,15.176,7.097924062710167,14.0,16.92,6.952005106442313,15.0,Low,Low,Low,Some concerns,Some concerns,Some concerns,2016,psilocybin,niacin,0.3 mg/kg,250 mg,Psilocybin 1st group,Niacin 1st group,1,21.0,250.0,1,0.14,56.0,61.1,cancer,life-threatening cancer patients with mood or adjustment disorder,crossover,double-blind,10.1177/0269881116675512,NCT00957359,"Ross, S., Bossis, A., Guss, J., Agin-Liebes, G., Malone, T., Cohen, B., Mennenga, S. E., Belser, A., Kalliontzi, K., Babb, J., Su, Z., Corby, P., & Schmidt, B. L. (2016). Rapid and sustained symptom reduction following psilocybin treatment for anxiety and depression in patients with life-threatening cancer: A randomized controlled trial. Journal of Psychopharmacology, 30(12), 1165–1180. https://doi.org/10.1177/0269881116675512"
Ross 2016,psil,ncn,NA,NA,response,bdi,self-report,depression,1,Post-first dose 4,7 weeks post-dose 1 and 1 day pre-dose 2,70,10.0,1,0,NA,NA,NA,NA,NA,NA,NA,NA,NA,NA,NA,NA,10,12.0,2,14.0,15.176,7.097924062710167,14.0,16.92,6.952005106442313,15.0,Low,Low,Low,Some concerns,Some concerns,Some concerns,2016,psilocybin,niacin,0.3 mg/kg,250 mg,Psilocybin 1st group,Niacin 1st group,1,21.0,250.0,49,7.0,56.0,61.1,cancer,life-threatening cancer patients with mood or adjustment disorder,crossover,double-blind,10.1177/0269881116675512,NCT00957359,"Ross, S., Bossis, A., Guss, J., Agin-Liebes, G., Malone, T., Cohen, B., Mennenga, S. E., Belser, A., Kalliontzi, K., Babb, J., Su, Z., Corby, P., & Schmidt, B. L. (2016). Rapid and sustained symptom reduction following psilocybin treatment for anxiety and depression in patients with life-threatening cancer: A randomized controlled trial. Journal of Psychopharmacology, 30(12), 1165–1180. https://doi.org/10.1177/0269881116675512"
Ross 2016,psil,ncn,NA,NA,response,bdi,self-report,depression,1,Post-second dose 3,26 weeks post-dose 2,252,36.0,0,1,NA,NA,NA,NA,NA,NA,NA,NA,NA,NA,NA,NA,9,11.0,7,12.0,15.176,7.097924062710167,14.0,16.92,6.952005106442313,15.0,Low,Low,Low,Some concerns,Some concerns,Some concerns,2016,psilocybin,niacin,0.3 mg/kg,250 mg,Psilocybin 1st group,Niacin 1st group,2,21.0,250.0,181,25.86,56.0,61.1,cancer,life-threatening cancer patients with mood or adjustment disorder,crossover,double-blind,10.1177/0269881116675512,NCT00957359,"Ross, S., Bossis, A., Guss, J., Agin-Liebes, G., Malone, T., Cohen, B., Mennenga, S. E., Belser, A., Kalliontzi, K., Babb, J., Su, Z., Corby, P., & Schmidt, B. L. (2016). Rapid and sustained symptom reduction following psilocybin treatment for anxiety and depression in patients with life-threatening cancer: A randomized controlled trial. Journal of Psychopharmacology, 30(12), 1165–1180. https://doi.org/10.1177/0269881116675512"
Ross 2016,psil,ncn,NA,NA,remission,hads-d,self-report,depression,0,Post-first dose 1,1 day post-dose 1,22,3.14,0,0,NA,NA,NA,NA,NA,NA,NA,NA,NA,NA,NA,NA,11,14.0,3,15.0,5.298,3.4797413696997657,14.0,7.007,3.501176944971505,15.0,Low,Low,Low,Some concerns,Some concerns,Some concerns,2016,psilocybin,niacin,0.3 mg/kg,250 mg,Psilocybin 1st group,Niacin 1st group,1,21.0,250.0,1,0.14,56.0,61.1,cancer,life-threatening cancer patients with mood or adjustment disorder,crossover,double-blind,10.1177/0269881116675512,NCT00957359,"Ross, S., Bossis, A., Guss, J., Agin-Liebes, G., Malone, T., Cohen, B., Mennenga, S. E., Belser, A., Kalliontzi, K., Babb, J., Su, Z., Corby, P., & Schmidt, B. L. (2016). Rapid and sustained symptom reduction following psilocybin treatment for anxiety and depression in patients with life-threatening cancer: A randomized controlled trial. Journal of Psychopharmacology, 30(12), 1165–1180. https://doi.org/10.1177/0269881116675512"
Ross 2016,psil,ncn,NA,NA,remission,hads-d,self-report,depression,0,Post-first dose 4,7 weeks post-dose 1 and 1 day pre-dose 2,70,10.0,1,0,NA,NA,NA,NA,NA,NA,NA,NA,NA,NA,NA,NA,8,12.0,6,14.0,5.298,3.4797413696997657,14.0,7.007,3.501176944971505,15.0,Low,Low,Low,Some concerns,Some concerns,Some concerns,2016,psilocybin,niacin,0.3 mg/kg,250 mg,Psilocybin 1st group,Niacin 1st group,1,21.0,250.0,49,7.0,56.0,61.1,cancer,life-threatening cancer patients with mood or adjustment disorder,crossover,double-blind,10.1177/0269881116675512,NCT00957359,"Ross, S., Bossis, A., Guss, J., Agin-Liebes, G., Malone, T., Cohen, B., Mennenga, S. E., Belser, A., Kalliontzi, K., Babb, J., Su, Z., Corby, P., & Schmidt, B. L. (2016). Rapid and sustained symptom reduction following psilocybin treatment for anxiety and depression in patients with life-threatening cancer: A randomized controlled trial. Journal of Psychopharmacology, 30(12), 1165–1180. https://doi.org/10.1177/0269881116675512"
Ross 2016,psil,ncn,NA,NA,remission,hads-d,self-report,depression,0,Post-second dose 3,26 weeks post-dose 2,252,36.0,0,1,NA,NA,NA,NA,NA,NA,NA,NA,NA,NA,NA,NA,9,11.0,7,12.0,5.298,3.4797413696997657,14.0,7.007,3.501176944971505,15.0,Low,Low,Low,Some concerns,Some concerns,Some concerns,2016,psilocybin,niacin,0.3 mg/kg,250 mg,Psilocybin 1st group,Niacin 1st group,2,21.0,250.0,181,25.86,56.0,61.1,cancer,life-threatening cancer patients with mood or adjustment disorder,crossover,double-blind,10.1177/0269881116675512,NCT00957359,"Ross, S., Bossis, A., Guss, J., Agin-Liebes, G., Malone, T., Cohen, B., Mennenga, S. E., Belser, A., Kalliontzi, K., Babb, J., Su, Z., Corby, P., & Schmidt, B. L. (2016). Rapid and sustained symptom reduction following psilocybin treatment for anxiety and depression in patients with life-threatening cancer: A randomized controlled trial. Journal of Psychopharmacology, 30(12), 1165–1180. https://doi.org/10.1177/0269881116675512"
Ross 2016,psil,ncn,NA,NA,response,hads-d,self-report,depression,0,Post-first dose 1,1 day post-dose 1,22,3.14,0,0,NA,NA,NA,NA,NA,NA,NA,NA,NA,NA,NA,NA,11,14.0,3,15.0,5.298,3.4797413696997657,14.0,7.007,3.501176944971505,15.0,Low,Low,Low,Some concerns,Some concerns,Some concerns,2016,psilocybin,niacin,0.3 mg/kg,250 mg,Psilocybin 1st group,Niacin 1st group,1,21.0,250.0,1,0.14,56.0,61.1,cancer,life-threatening cancer patients with mood or adjustment disorder,crossover,double-blind,10.1177/0269881116675512,NCT00957359,"Ross, S., Bossis, A., Guss, J., Agin-Liebes, G., Malone, T., Cohen, B., Mennenga, S. E., Belser, A., Kalliontzi, K., Babb, J., Su, Z., Corby, P., & Schmidt, B. L. (2016). Rapid and sustained symptom reduction following psilocybin treatment for anxiety and depression in patients with life-threatening cancer: A randomized controlled trial. Journal of Psychopharmacology, 30(12), 1165–1180. https://doi.org/10.1177/0269881116675512"
Ross 2016,psil,ncn,NA,NA,response,hads-d,self-report,depression,0,Post-first dose 4,7 weeks post-dose 1 and 1 day pre-dose 2,70,10.0,1,0,NA,NA,NA,NA,NA,NA,NA,NA,NA,NA,NA,NA,8,12.0,6,14.0,5.298,3.4797413696997657,14.0,7.007,3.501176944971505,15.0,Low,Low,Low,Some concerns,Some concerns,Some concerns,2016,psilocybin,niacin,0.3 mg/kg,250 mg,Psilocybin 1st group,Niacin 1st group,1,21.0,250.0,49,7.0,56.0,61.1,cancer,life-threatening cancer patients with mood or adjustment disorder,crossover,double-blind,10.1177/0269881116675512,NCT00957359,"Ross, S., Bossis, A., Guss, J., Agin-Liebes, G., Malone, T., Cohen, B., Mennenga, S. E., Belser, A., Kalliontzi, K., Babb, J., Su, Z., Corby, P., & Schmidt, B. L. (2016). Rapid and sustained symptom reduction following psilocybin treatment for anxiety and depression in patients with life-threatening cancer: A randomized controlled trial. Journal of Psychopharmacology, 30(12), 1165–1180. https://doi.org/10.1177/0269881116675512"
Ross 2016,psil,ncn,NA,NA,response,hads-d,self-report,depression,0,Post-second dose 3,26 weeks post-dose 2,252,36.0,0,1,NA,NA,NA,NA,NA,NA,NA,NA,NA,NA,NA,NA,9,11.0,7,12.0,5.298,3.4797413696997657,14.0,7.007,3.501176944971505,15.0,Low,Low,Low,Some concerns,Some concerns,Some concerns,2016,psilocybin,niacin,0.3 mg/kg,250 mg,Psilocybin 1st group,Niacin 1st group,2,21.0,250.0,181,25.86,56.0,61.1,cancer,life-threatening cancer patients with mood or adjustment disorder,crossover,double-blind,10.1177/0269881116675512,NCT00957359,"Ross, S., Bossis, A., Guss, J., Agin-Liebes, G., Malone, T., Cohen, B., Mennenga, S. E., Belser, A., Kalliontzi, K., Babb, J., Su, Z., Corby, P., & Schmidt, B. L. (2016). Rapid and sustained symptom reduction following psilocybin treatment for anxiety and depression in patients with life-threatening cancer: A randomized controlled trial. Journal of Psychopharmacology, 30(12), 1165–1180. https://doi.org/10.1177/0269881116675512"
Ross 2016,psil,ncn,NA,NA,remission,bdi,self-report,depression,1,Post-first dose 1,1 day post-dose 1,22,3.14,0,0,NA,NA,NA,NA,NA,NA,NA,NA,NA,NA,NA,NA,12,14.0,4,15.0,15.176,7.097924062710167,14.0,16.92,6.952005106442313,15.0,Low,Low,Low,Some concerns,Some concerns,Some concerns,2016,psilocybin,niacin,0.3 mg/kg,250 mg,Psilocybin 1st group,Niacin 1st group,1,21.0,250.0,1,0.14,56.0,61.1,cancer,life-threatening cancer patients with mood or adjustment disorder,crossover,double-blind,10.1177/0269881116675512,NCT00957359,"Ross, S., Bossis, A., Guss, J., Agin-Liebes, G., Malone, T., Cohen, B., Mennenga, S. E., Belser, A., Kalliontzi, K., Babb, J., Su, Z., Corby, P., & Schmidt, B. L. (2016). Rapid and sustained symptom reduction following psilocybin treatment for anxiety and depression in patients with life-threatening cancer: A randomized controlled trial. Journal of Psychopharmacology, 30(12), 1165–1180. https://doi.org/10.1177/0269881116675512"
Ross 2016,psil,ncn,NA,NA,remission,bdi,self-report,depression,1,Post-first dose 4,7 weeks post-dose 1 and 1 day pre-dose 2,70,10.0,1,0,NA,NA,NA,NA,NA,NA,NA,NA,NA,NA,NA,NA,10,12.0,2,14.0,15.176,7.097924062710167,14.0,16.92,6.952005106442313,15.0,Low,Low,Low,Some concerns,Some concerns,Some concerns,2016,psilocybin,niacin,0.3 mg/kg,250 mg,Psilocybin 1st group,Niacin 1st group,1,21.0,250.0,49,7.0,56.0,61.1,cancer,life-threatening cancer patients with mood or adjustment disorder,crossover,double-blind,10.1177/0269881116675512,NCT00957359,"Ross, S., Bossis, A., Guss, J., Agin-Liebes, G., Malone, T., Cohen, B., Mennenga, S. E., Belser, A., Kalliontzi, K., Babb, J., Su, Z., Corby, P., & Schmidt, B. L. (2016). Rapid and sustained symptom reduction following psilocybin treatment for anxiety and depression in patients with life-threatening cancer: A randomized controlled trial. Journal of Psychopharmacology, 30(12), 1165–1180. https://doi.org/10.1177/0269881116675512"
Ross 2016,psil,ncn,NA,NA,remission,bdi,self-report,depression,1,Post-second dose 3,26 weeks post-dose 2,252,36.0,0,1,NA,NA,NA,NA,NA,NA,NA,NA,NA,NA,NA,NA,9,11.0,7,12.0,15.176,7.097924062710167,14.0,16.92,6.952005106442313,15.0,Low,Low,Low,Some concerns,Some concerns,Some concerns,2016,psilocybin,niacin,0.3 mg/kg,250 mg,Psilocybin 1st group,Niacin 1st group,2,21.0,250.0,181,25.86,56.0,61.1,cancer,life-threatening cancer patients with mood or adjustment disorder,crossover,double-blind,10.1177/0269881116675512,NCT00957359,"Ross, S., Bossis, A., Guss, J., Agin-Liebes, G., Malone, T., Cohen, B., Mennenga, S. E., Belser, A., Kalliontzi, K., Babb, J., Su, Z., Corby, P., & Schmidt, B. L. (2016). Rapid and sustained symptom reduction following psilocybin treatment for anxiety and depression in patients with life-threatening cancer: A randomized controlled trial. Journal of Psychopharmacology, 30(12), 1165–1180. https://doi.org/10.1177/0269881116675512"
Ross 2016,psil,ncn,NA,NA,unknown,hads,self-report,anxiety and depression,0,Post-first dose 1,1 day post-dose 1,22,3.14,0,0,NA,NA,NA,NA,NA,NA,NA,NA,NA,NA,NA,NA,11,14.0,3,15.0,16.781,4.886604547126767,14.0,16.83,5.061989233493094,15.0,Low,Low,Low,Some concerns,Some concerns,Some concerns,2016,psilocybin,niacin,0.3 mg/kg,250 mg,Psilocybin 1st group,Niacin 1st group,1,21.0,250.0,1,0.14,56.0,61.1,cancer,life-threatening cancer patients with mood or adjustment disorder,crossover,double-blind,10.1177/0269881116675512,NCT00957359,"Ross, S., Bossis, A., Guss, J., Agin-Liebes, G., Malone, T., Cohen, B., Mennenga, S. E., Belser, A., Kalliontzi, K., Babb, J., Su, Z., Corby, P., & Schmidt, B. L. (2016). Rapid and sustained symptom reduction following psilocybin treatment for anxiety and depression in patients with life-threatening cancer: A randomized controlled trial. Journal of Psychopharmacology, 30(12), 1165–1180. https://doi.org/10.1177/0269881116675512"
Ross 2016,psil,ncn,NA,NA,unknown,hads,self-report,anxiety and depression,0,Post-first dose 4,7 weeks post-dose 1 and 1 day pre-dose 2,70,10.0,1,0,NA,NA,NA,NA,NA,NA,NA,NA,NA,NA,NA,NA,9,12.0,3,14.0,16.781,4.886604547126767,14.0,16.83,5.061989233493094,15.0,Low,Low,Low,Some concerns,Some concerns,Some concerns,2016,psilocybin,niacin,0.3 mg/kg,250 mg,Psilocybin 1st group,Niacin 1st group,1,21.0,250.0,49,7.0,56.0,61.1,cancer,life-threatening cancer patients with mood or adjustment disorder,crossover,double-blind,10.1177/0269881116675512,NCT00957359,"Ross, S., Bossis, A., Guss, J., Agin-Liebes, G., Malone, T., Cohen, B., Mennenga, S. E., Belser, A., Kalliontzi, K., Babb, J., Su, Z., Corby, P., & Schmidt, B. L. (2016). Rapid and sustained symptom reduction following psilocybin treatment for anxiety and depression in patients with life-threatening cancer: A randomized controlled trial. Journal of Psychopharmacology, 30(12), 1165–1180. https://doi.org/10.1177/0269881116675512"
Ross 2016,psil,ncn,NA,NA,unknown,hads,self-report,anxiety and depression,0,Post-second dose 3,26 weeks post-dose 2,252,36.0,0,1,NA,NA,NA,NA,NA,NA,NA,NA,NA,NA,NA,NA,9,11.0,7,12.0,16.781,4.886604547126767,14.0,16.83,5.061989233493094,15.0,Low,Low,Low,Some concerns,Some concerns,Some concerns,2016,psilocybin,niacin,0.3 mg/kg,250 mg,Psilocybin 1st group,Niacin 1st group,2,21.0,250.0,181,25.86,56.0,61.1,cancer,life-threatening cancer patients with mood or adjustment disorder,crossover,double-blind,10.1177/0269881116675512,NCT00957359,"Ross, S., Bossis, A., Guss, J., Agin-Liebes, G., Malone, T., Cohen, B., Mennenga, S. E., Belser, A., Kalliontzi, K., Babb, J., Su, Z., Corby, P., & Schmidt, B. L. (2016). Rapid and sustained symptom reduction following psilocybin treatment for anxiety and depression in patients with life-threatening cancer: A randomized controlled trial. Journal of Psychopharmacology, 30(12), 1165–1180. https://doi.org/10.1177/0269881116675512"
Ross 2016,psil,ncn,NA,NA,response,hads-a,self-report,anxiety,0,Post-first dose 1,1 day post-dose 1,22,3.14,0,0,NA,NA,NA,NA,NA,NA,NA,NA,NA,NA,NA,NA,10,14.0,6,15.0,11.404,3.2589835838801027,14.0,9.813,3.5205418617025424,15.0,Low,Low,Low,Some concerns,Some concerns,Some concerns,2016,psilocybin,niacin,0.3 mg/kg,250 mg,Psilocybin 1st group,Niacin 1st group,1,21.0,250.0,1,0.14,56.0,61.1,cancer,life-threatening cancer patients with mood or adjustment disorder,crossover,double-blind,10.1177/0269881116675512,NCT00957359,"Ross, S., Bossis, A., Guss, J., Agin-Liebes, G., Malone, T., Cohen, B., Mennenga, S. E., Belser, A., Kalliontzi, K., Babb, J., Su, Z., Corby, P., & Schmidt, B. L. (2016). Rapid and sustained symptom reduction following psilocybin treatment for anxiety and depression in patients with life-threatening cancer: A randomized controlled trial. Journal of Psychopharmacology, 30(12), 1165–1180. https://doi.org/10.1177/0269881116675512"
Ross 2016,psil,ncn,NA,NA,response,hads-a,self-report,anxiety,0,Post-first dose 4,7 weeks post-dose 1 and 1 day pre-dose 2,70,10.0,1,0,NA,NA,NA,NA,NA,NA,NA,NA,NA,NA,NA,NA,7,12.0,2,14.0,11.404,3.2589835838801027,14.0,9.813,3.5205418617025424,15.0,Low,Low,Low,Some concerns,Some concerns,Some concerns,2016,psilocybin,niacin,0.3 mg/kg,250 mg,Psilocybin 1st group,Niacin 1st group,1,21.0,250.0,49,7.0,56.0,61.1,cancer,life-threatening cancer patients with mood or adjustment disorder,crossover,double-blind,10.1177/0269881116675512,NCT00957359,"Ross, S., Bossis, A., Guss, J., Agin-Liebes, G., Malone, T., Cohen, B., Mennenga, S. E., Belser, A., Kalliontzi, K., Babb, J., Su, Z., Corby, P., & Schmidt, B. L. (2016). Rapid and sustained symptom reduction following psilocybin treatment for anxiety and depression in patients with life-threatening cancer: A randomized controlled trial. Journal of Psychopharmacology, 30(12), 1165–1180. https://doi.org/10.1177/0269881116675512"
Ross 2016,psil,ncn,NA,NA,response,hads-a,self-report,anxiety,0,Post-second dose 3,26 weeks post-dose 2,252,36.0,0,1,NA,NA,NA,NA,NA,NA,NA,NA,NA,NA,NA,NA,8,11.0,7,12.0,11.404,3.2589835838801027,14.0,9.813,3.5205418617025424,15.0,Low,Low,Low,Some concerns,Some concerns,Some concerns,2016,psilocybin,niacin,0.3 mg/kg,250 mg,Psilocybin 1st group,Niacin 1st group,2,21.0,250.0,181,25.86,56.0,61.1,cancer,life-threatening cancer patients with mood or adjustment disorder,crossover,double-blind,10.1177/0269881116675512,NCT00957359,"Ross, S., Bossis, A., Guss, J., Agin-Liebes, G., Malone, T., Cohen, B., Mennenga, S. E., Belser, A., Kalliontzi, K., Babb, J., Su, Z., Corby, P., & Schmidt, B. L. (2016). Rapid and sustained symptom reduction following psilocybin treatment for anxiety and depression in patients with life-threatening cancer: A randomized controlled trial. Journal of Psychopharmacology, 30(12), 1165–1180. https://doi.org/10.1177/0269881116675512"
Grob 2011,psil,ncn,NA,NA,msd,bdi,self-report,depression,1,Pre-first dose 1,1 day before experimental session,-1,-0.14,0,1,12.0,16.09,12.709788825940421,12.0,14.369,13.648560363642751,NA,NA,NA,NA,NA,NA,NA,NA,NA,NA,NA,NA,NA,NA,NA,NA,Low,Some concerns,Low,Some concerns,High,High,2011,psilocybin,niacin,0.2 mg/kg,250 mg,psilocybin,niacin placebo,0,0.0,0.0,NA,NA,NA,NA,cancer,advanced cancer patients with mood or adjustment disorder,crossover,double-blind,10.1001/archgenpsychiatry.2010.116,NCT00302744,"Grob, C., Danforth, A., Chopra, G., Hagerty, M., McKay, C., Halberstadt, A., & Greer, G. (2011). Pilot Study of Psilocybin Treatment for Anxiety in Patients With Advanced-Stage Cancer. ARCHIVES OF GENERAL PSYCHIATRY, 68(1), 71–78. https://doi.org/10.1001/archgenpsychiatry.2010.116"
Grob 2011,psil,ncn,NA,NA,msd,bdi,self-report,depression,1,Post-first dose 1,1 day after experimental session,1,0.14,0,1,12.0,11.442,10.04243058228435,12.0,13.208,11.767553186622951,NA,NA,NA,NA,NA,NA,NA,NA,NA,NA,NA,NA,NA,NA,NA,NA,Low,Some concerns,Low,Some concerns,High,High,2011,psilocybin,niacin,0.2 mg/kg,250 mg,psilocybin,niacin placebo,1,14.0,250.0,1,0.14,NA,NA,cancer,advanced cancer patients with mood or adjustment disorder,crossover,double-blind,10.1001/archgenpsychiatry.2010.116,NCT00302744,"Grob, C., Danforth, A., Chopra, G., Hagerty, M., McKay, C., Halberstadt, A., & Greer, G. (2011). Pilot Study of Psilocybin Treatment for Anxiety in Patients With Advanced-Stage Cancer. ARCHIVES OF GENERAL PSYCHIATRY, 68(1), 71–78. https://doi.org/10.1001/archgenpsychiatry.2010.116"
Grob 2011,psil,ncn,NA,NA,msd,bdi,self-report,depression,1,Post-first dose 2,2 weeks after experimental session,14,2.0,1,1,12.0,10.054,9.25607951564808,12.0,13.27,10.981202119986682,NA,NA,NA,NA,NA,NA,NA,NA,NA,NA,NA,NA,NA,NA,NA,NA,Low,Some concerns,Low,Some concerns,High,High,2011,psilocybin,niacin,0.2 mg/kg,250 mg,psilocybin,niacin placebo,1,14.0,250.0,14,2.0,NA,NA,cancer,advanced cancer patients with mood or adjustment disorder,crossover,double-blind,10.1001/archgenpsychiatry.2010.116,NCT00302744,"Grob, C., Danforth, A., Chopra, G., Hagerty, M., McKay, C., Halberstadt, A., & Greer, G. (2011). Pilot Study of Psilocybin Treatment for Anxiety in Patients With Advanced-Stage Cancer. ARCHIVES OF GENERAL PSYCHIATRY, 68(1), 71–78. https://doi.org/10.1001/archgenpsychiatry.2010.116"
Grob 2011,psil,ncn,NA,NA,msd,stai (trait),self-report,trait anxiety,0,Pre-first dose 1,1 day before experimental session,-1,-0.14,0,1,12.0,43.037,8.843851423446687,12.0,41.133,15.477606016435486,NA,NA,NA,NA,NA,NA,NA,NA,NA,NA,NA,NA,NA,NA,NA,NA,Low,Some concerns,Low,Some concerns,High,High,2011,psilocybin,niacin,0.2 mg/kg,250 mg,psilocybin,niacin placebo,0,0.0,0.0,NA,NA,NA,NA,cancer,advanced cancer patients with mood or adjustment disorder,crossover,double-blind,10.1001/archgenpsychiatry.2010.116,NCT00302744,"Grob, C., Danforth, A., Chopra, G., Hagerty, M., McKay, C., Halberstadt, A., & Greer, G. (2011). Pilot Study of Psilocybin Treatment for Anxiety in Patients With Advanced-Stage Cancer. ARCHIVES OF GENERAL PSYCHIATRY, 68(1), 71–78. https://doi.org/10.1001/archgenpsychiatry.2010.116"
Grob 2011,psil,ncn,NA,NA,msd,stai (trait),self-report,trait anxiety,0,DOSE 1,conclusion of experimental session (6 hours after),0,0.0,0,1,12.0,36.364,9.650987099773785,12.0,40.077,12.26291971758765,NA,NA,NA,NA,NA,NA,NA,NA,NA,NA,NA,NA,NA,NA,NA,NA,Low,Some concerns,Low,Some concerns,High,High,2011,psilocybin,niacin,0.2 mg/kg,250 mg,psilocybin,niacin placebo,1,14.0,250.0,0,0.0,NA,NA,cancer,advanced cancer patients with mood or adjustment disorder,crossover,double-blind,10.1001/archgenpsychiatry.2010.116,NCT00302744,"Grob, C., Danforth, A., Chopra, G., Hagerty, M., McKay, C., Halberstadt, A., & Greer, G. (2011). Pilot Study of Psilocybin Treatment for Anxiety in Patients With Advanced-Stage Cancer. ARCHIVES OF GENERAL PSYCHIATRY, 68(1), 71–78. https://doi.org/10.1001/archgenpsychiatry.2010.116"
Grob 2011,psil,ncn,NA,NA,msd,stai (trait),self-report,trait anxiety,0,Post-first dose 1,1 day after experimental session,1,0.14,0,1,12.0,37.988,8.296523368254922,12.0,39.787,11.660166036553681,NA,NA,NA,NA,NA,NA,NA,NA,NA,NA,NA,NA,NA,NA,NA,NA,Low,Some concerns,Low,Some concerns,High,High,2011,psilocybin,niacin,0.2 mg/kg,250 mg,psilocybin,niacin placebo,1,14.0,250.0,1,0.14,NA,NA,cancer,advanced cancer patients with mood or adjustment disorder,crossover,double-blind,10.1001/archgenpsychiatry.2010.116,NCT00302744,"Grob, C., Danforth, A., Chopra, G., Hagerty, M., McKay, C., Halberstadt, A., & Greer, G. (2011). Pilot Study of Psilocybin Treatment for Anxiety in Patients With Advanced-Stage Cancer. ARCHIVES OF GENERAL PSYCHIATRY, 68(1), 71–78. https://doi.org/10.1001/archgenpsychiatry.2010.116"
Grob 2011,psil,ncn,NA,NA,msd,stai (trait),self-report,trait anxiety,0,Post-first dose 2,2 weeks after experimental session,14,2.0,1,1,12.0,35.725,9.245687210802666,12.0,39.323,13.468427079655589,NA,NA,NA,NA,NA,NA,NA,NA,NA,NA,NA,NA,NA,NA,NA,NA,Low,Some concerns,Low,Some concerns,High,High,2011,psilocybin,niacin,0.2 mg/kg,250 mg,psilocybin,niacin placebo,1,14.0,250.0,14,2.0,NA,NA,cancer,advanced cancer patients with mood or adjustment disorder,crossover,double-blind,10.1001/archgenpsychiatry.2010.116,NCT00302744,"Grob, C., Danforth, A., Chopra, G., Hagerty, M., McKay, C., Halberstadt, A., & Greer, G. (2011). Pilot Study of Psilocybin Treatment for Anxiety in Patients With Advanced-Stage Cancer. ARCHIVES OF GENERAL PSYCHIATRY, 68(1), 71–78. https://doi.org/10.1001/archgenpsychiatry.2010.116"
Grob 2011,psil,ncn,NA,NA,msd,stai (state),self-report,state anxiety,0,Pre-first dose 1,1 day before experimental session,-1,-0.14,0,1,12.0,39.572,12.654363200098217,12.0,34.842,12.654363200098217,NA,NA,NA,NA,NA,NA,NA,NA,NA,NA,NA,NA,NA,NA,NA,NA,Low,Some concerns,Low,Some concerns,High,High,2011,psilocybin,niacin,0.2 mg/kg,250 mg,psilocybin,niacin placebo,0,0.0,0.0,NA,NA,NA,NA,cancer,advanced cancer patients with mood or adjustment disorder,crossover,double-blind,10.1001/archgenpsychiatry.2010.116,NCT00302744,"Grob, C., Danforth, A., Chopra, G., Hagerty, M., McKay, C., Halberstadt, A., & Greer, G. (2011). Pilot Study of Psilocybin Treatment for Anxiety in Patients With Advanced-Stage Cancer. ARCHIVES OF GENERAL PSYCHIATRY, 68(1), 71–78. https://doi.org/10.1001/archgenpsychiatry.2010.116"
Grob 2011,psil,ncn,NA,NA,msd,stai (state),self-report,state anxiety,0,DOSE 1,conclusion of experimental session (6 hours after),0,0.0,0,1,12.0,26.082,7.8808311744383905,12.0,29.435,8.299987469870059,NA,NA,NA,NA,NA,NA,NA,NA,NA,NA,NA,NA,NA,NA,NA,NA,Low,Some concerns,Low,Some concerns,High,High,2011,psilocybin,niacin,0.2 mg/kg,250 mg,psilocybin,niacin placebo,1,14.0,250.0,0,0.0,NA,NA,cancer,advanced cancer patients with mood or adjustment disorder,crossover,double-blind,10.1001/archgenpsychiatry.2010.116,NCT00302744,"Grob, C., Danforth, A., Chopra, G., Hagerty, M., McKay, C., Halberstadt, A., & Greer, G. (2011). Pilot Study of Psilocybin Treatment for Anxiety in Patients With Advanced-Stage Cancer. ARCHIVES OF GENERAL PSYCHIATRY, 68(1), 71–78. https://doi.org/10.1001/archgenpsychiatry.2010.116"
Grob 2011,psil,ncn,NA,NA,msd,stai (state),self-report,state anxiety,0,Post-first dose 1,1 day after experimental session,1,0.14,0,1,12.0,29.838,8.920061658979717,12.0,34.867,10.995058526447233,NA,NA,NA,NA,NA,NA,NA,NA,NA,NA,NA,NA,NA,NA,NA,NA,Low,Some concerns,Low,Some concerns,High,High,2011,psilocybin,niacin,0.2 mg/kg,250 mg,psilocybin,niacin placebo,1,14.0,250.0,1,0.14,NA,NA,cancer,advanced cancer patients with mood or adjustment disorder,crossover,double-blind,10.1001/archgenpsychiatry.2010.116,NCT00302744,"Grob, C., Danforth, A., Chopra, G., Hagerty, M., McKay, C., Halberstadt, A., & Greer, G. (2011). Pilot Study of Psilocybin Treatment for Anxiety in Patients With Advanced-Stage Cancer. ARCHIVES OF GENERAL PSYCHIATRY, 68(1), 71–78. https://doi.org/10.1001/archgenpsychiatry.2010.116"
Grob 2011,psil,ncn,NA,NA,msd,stai (state),self-report,state anxiety,0,Post-first dose 2,2 weeks after experimental session,14,2.0,1,1,12.0,35.269,11.19944052174036,12.0,40.12,12.44651710318995,NA,NA,NA,NA,NA,NA,NA,NA,NA,NA,NA,NA,NA,NA,NA,NA,Low,Some concerns,Low,Some concerns,High,High,2011,psilocybin,niacin,0.2 mg/kg,250 mg,psilocybin,niacin placebo,1,14.0,250.0,14,2.0,NA,NA,cancer,advanced cancer patients with mood or adjustment disorder,crossover,double-blind,10.1001/archgenpsychiatry.2010.116,NCT00302744,"Grob, C., Danforth, A., Chopra, G., Hagerty, M., McKay, C., Halberstadt, A., & Greer, G. (2011). Pilot Study of Psilocybin Treatment for Anxiety in Patients With Advanced-Stage Cancer. ARCHIVES OF GENERAL PSYCHIATRY, 68(1), 71–78. https://doi.org/10.1001/archgenpsychiatry.2010.116"
Grob 2011,psil,ncn,NA,NA,msd,poms,self-report,mood,0,Pre-first dose 1,1 day before experimental session,-1,-0.14,0,1,12.0,11.32,10.485835589021983,12.0,4.53,6.838136588281927,NA,NA,NA,NA,NA,NA,NA,NA,NA,NA,NA,NA,NA,NA,NA,NA,Low,Some concerns,Low,Some concerns,High,High,2011,psilocybin,niacin,0.2 mg/kg,250 mg,psilocybin,niacin placebo,0,0.0,0.0,NA,NA,NA,NA,cancer,advanced cancer patients with mood or adjustment disorder,crossover,double-blind,10.1001/archgenpsychiatry.2010.116,NCT00302744,"Grob, C., Danforth, A., Chopra, G., Hagerty, M., McKay, C., Halberstadt, A., & Greer, G. (2011). Pilot Study of Psilocybin Treatment for Anxiety in Patients With Advanced-Stage Cancer. ARCHIVES OF GENERAL PSYCHIATRY, 68(1), 71–78. https://doi.org/10.1001/archgenpsychiatry.2010.116"
Grob 2011,psil,ncn,NA,NA,msd,poms,self-report,mood,0,DOSE 1,conclusion of experimental session (6 hours after),0,0.0,0,1,12.0,4.985,8.843851423446687,12.0,6.853,12.21788639659086,NA,NA,NA,NA,NA,NA,NA,NA,NA,NA,NA,NA,NA,NA,NA,NA,Low,Some concerns,Low,Some concerns,High,High,2011,psilocybin,niacin,0.2 mg/kg,250 mg,psilocybin,niacin placebo,1,14.0,250.0,0,0.0,NA,NA,cancer,advanced cancer patients with mood or adjustment disorder,crossover,double-blind,10.1001/archgenpsychiatry.2010.116,NCT00302744,"Grob, C., Danforth, A., Chopra, G., Hagerty, M., McKay, C., Halberstadt, A., & Greer, G. (2011). Pilot Study of Psilocybin Treatment for Anxiety in Patients With Advanced-Stage Cancer. ARCHIVES OF GENERAL PSYCHIATRY, 68(1), 71–78. https://doi.org/10.1001/archgenpsychiatry.2010.116"
Grob 2011,psil,ncn,NA,NA,msd,poms,self-report,mood,0,Post-first dose 1,1 day after experimental session,1,0.14,0,1,12.0,5.071,8.202992624646201,12.0,5.492,7.11180061587781,NA,NA,NA,NA,NA,NA,NA,NA,NA,NA,NA,NA,NA,NA,NA,NA,Low,Some concerns,Low,Some concerns,High,High,2011,psilocybin,niacin,0.2 mg/kg,250 mg,psilocybin,niacin placebo,1,14.0,250.0,1,0.14,NA,NA,cancer,advanced cancer patients with mood or adjustment disorder,crossover,double-blind,10.1001/archgenpsychiatry.2010.116,NCT00302744,"Grob, C., Danforth, A., Chopra, G., Hagerty, M., McKay, C., Halberstadt, A., & Greer, G. (2011). Pilot Study of Psilocybin Treatment for Anxiety in Patients With Advanced-Stage Cancer. ARCHIVES OF GENERAL PSYCHIATRY, 68(1), 71–78. https://doi.org/10.1001/archgenpsychiatry.2010.116"
Grob 2011,psil,ncn,NA,NA,msd,poms,self-report,mood,0,Post-first dose 2,2 weeks after experimental session,14,2.0,1,1,12.0,6.0,9.571312762625615,12.0,8.842,10.2121715614261,NA,NA,NA,NA,NA,NA,NA,NA,NA,NA,NA,NA,NA,NA,NA,NA,Low,Some concerns,Low,Some concerns,High,High,2011,psilocybin,niacin,0.2 mg/kg,250 mg,psilocybin,niacin placebo,1,14.0,250.0,14,2.0,NA,NA,cancer,advanced cancer patients with mood or adjustment disorder,crossover,double-blind,10.1001/archgenpsychiatry.2010.116,NCT00302744,"Grob, C., Danforth, A., Chopra, G., Hagerty, M., McKay, C., Halberstadt, A., & Greer, G. (2011). Pilot Study of Psilocybin Treatment for Anxiety in Patients With Advanced-Stage Cancer. ARCHIVES OF GENERAL PSYCHIATRY, 68(1), 71–78. https://doi.org/10.1001/archgenpsychiatry.2010.116"
Krempien 2023,psil-d,psil-d,16 mg,12 mg,msd,madrs,clinician,depression,1,Post-first dose 4,Day 21,21,3.0,1,NA,9.0,16.556,6.146,15.0,15.867,8.684,NA,NA,NA,NA,NA,NA,NA,NA,NA,NA,31.444,4.035,9.0,32.611,3.664,18.0,NA,NA,NA,NA,NA,NA,2023,CYB003 deuterated psilocin,CYB003 deuterated psilocin,16 mg,12 mg,16 mg group,12 mg group,1,16.0,12.0,21,3.0,NA,NA,mdd,mdd,parallel,double-blind,10.1038/s41386-023-01755-5,NCT05385783,"Krempien, S., Inamdar, A., Shenouda, M., Johnson, K., Maass-Robinsin, S., Johnson, M., Kelman, A., Nathan, P., Belser, A., Pathare, P., House-Gecewicz, A., Sorie, A., Bartlone, A., Varty, G., Morgan, M., Avery, K., Muhammad, A., Nivorozhkin, A., & Palfreyman, M. (2023). Randomized, Double-Blind, Placebo-Controlled Study to Evaluate the Safety and Efficacy of CYB003, a Deuterated Psilocybin Analog in Patients With Major Depressive Disorder. NEUROPSYCHOPHARMACOLOGY, 48, 195–196"
Krempien 2023,psil-d,pcb,16 mg,NA,msd,madrs,clinician,depression,1,Post-first dose 4,Day 21,21,3.0,1,NA,9.0,16.556,6.146,9.0,29.0,5.315,NA,NA,NA,NA,NA,NA,NA,NA,NA,NA,31.444,4.035,9.0,31.556,4.927,9.0,NA,NA,NA,NA,NA,NA,2023,CYB003 deuterated psilocin,placebo,16 mg,NA,16 mg group,placebo,1,16.0,NA,21,3.0,NA,NA,mdd,mdd,parallel,double-blind,10.1038/s41386-023-01755-5,NCT05385783,"Krempien, S., Inamdar, A., Shenouda, M., Johnson, K., Maass-Robinsin, S., Johnson, M., Kelman, A., Nathan, P., Belser, A., Pathare, P., House-Gecewicz, A., Sorie, A., Bartlone, A., Varty, G., Morgan, M., Avery, K., Muhammad, A., Nivorozhkin, A., & Palfreyman, M. (2023). Randomized, Double-Blind, Placebo-Controlled Study to Evaluate the Safety and Efficacy of CYB003, a Deuterated Psilocybin Analog in Patients With Major Depressive Disorder. NEUROPSYCHOPHARMACOLOGY, 48, 195–196"
Krempien 2023,psil-d,pcb,12 mg,NA,msd,madrs,clinician,depression,1,Post-first dose 4,Day 21,21,3.0,1,NA,15.0,15.867,8.684,9.0,29.0,5.315,NA,NA,NA,NA,NA,NA,NA,NA,NA,NA,32.611,3.664,18.0,31.556,4.927,9.0,NA,NA,NA,NA,NA,NA,2023,CYB003 deuterated psilocin,placebo,12 mg,NA,12 mg group,placebo,1,12.0,NA,21,3.0,NA,NA,mdd,mdd,parallel,double-blind,10.1038/s41386-023-01755-5,NCT05385783,"Krempien, S., Inamdar, A., Shenouda, M., Johnson, K., Maass-Robinsin, S., Johnson, M., Kelman, A., Nathan, P., Belser, A., Pathare, P., House-Gecewicz, A., Sorie, A., Bartlone, A., Varty, G., Morgan, M., Avery, K., Muhammad, A., Nivorozhkin, A., & Palfreyman, M. (2023). Randomized, Double-Blind, Placebo-Controlled Study to Evaluate the Safety and Efficacy of CYB003, a Deuterated Psilocybin Analog in Patients With Major Depressive Disorder. NEUROPSYCHOPHARMACOLOGY, 48, 195–196"
Back 2024,psil,ncn,NA,NA,msd,madrs,clinician,depression,1,Pre-first dose 1,Day -8,-8,-1.14,0,NA,15.0,27.67,5.27,15.0,28.4,7.39,NA,NA,NA,NA,NA,NA,NA,NA,NA,NA,NA,NA,NA,NA,NA,NA,Low,Low,Low,Low,Low,Low,2024,psilocybin,niacin,25 mg,100 mg,psilocybin arm,niacin arm,0,0.0,0.0,NA,NA,38.0,50.0,dep,covid practitioners with persistent depression symptoms,parallel,double-blind,10.1001/jamanetworkopen.2024.49026,NCT05163496,"Back, A. L., Freeman-Young, T. K., Morgan, L., Sethi, T., Baker, K. K., Myers, S., McGregor, B. A., Harvey, K., Tai, M., Kollefrath, A., Thomas, B. J., Sorta, D., Kaelen, M., Kelmendi, B., & Gooley, T. A. (2024). Psilocybin Therapy for Clinicians With Symptoms of Depression From Frontline Care During the COVID-19 Pandemic: A Randomized Clinical Trial. JAMA Network Open, 7(12), e2449026. https://doi.org/10.1001/jamanetworkopen.2024.49026"
Back 2024,psil,ncn,NA,NA,msd,madrs,clinician,depression,1,Post-first dose 4,Day 28,28,4.0,1,NA,15.0,6.33,6.72,15.0,19.07,10.34,NA,NA,NA,NA,NA,NA,NA,NA,NA,NA,NA,NA,NA,NA,NA,NA,Low,Low,Low,Low,Low,Low,2024,psilocybin,niacin,25 mg,100 mg,psilocybin arm,niacin arm,1,25.0,100.0,28,4.0,38.0,50.0,dep,covid practitioners with persistent depression symptoms,parallel,double-blind,10.1001/jamanetworkopen.2024.49026,NCT05163496,"Back, A. L., Freeman-Young, T. K., Morgan, L., Sethi, T., Baker, K. K., Myers, S., McGregor, B. A., Harvey, K., Tai, M., Kollefrath, A., Thomas, B. J., Sorta, D., Kaelen, M., Kelmendi, B., & Gooley, T. A. (2024). Psilocybin Therapy for Clinicians With Symptoms of Depression From Frontline Care During the COVID-19 Pandemic: A Randomized Clinical Trial. JAMA Network Open, 7(12), e2449026. https://doi.org/10.1001/jamanetworkopen.2024.49026"
Back 2024,psil,ncn,NA,NA,msd,spfi-b,self-report,burnout,0,Pre-first dose 1,Day -8,-8,-1.14,0,NA,15.0,12.0,3.87,15.0,12.33,3.67,NA,NA,NA,NA,NA,NA,NA,NA,NA,NA,NA,NA,NA,NA,NA,NA,Low,Low,Low,Low,Low,Low,2024,psilocybin,niacin,25 mg,100 mg,psilocybin arm,niacin arm,0,0.0,0.0,NA,NA,38.0,50.0,dep,covid practitioners with persistent depression symptoms,parallel,double-blind,10.1001/jamanetworkopen.2024.49026,NCT05163496,"Back, A. L., Freeman-Young, T. K., Morgan, L., Sethi, T., Baker, K. K., Myers, S., McGregor, B. A., Harvey, K., Tai, M., Kollefrath, A., Thomas, B. J., Sorta, D., Kaelen, M., Kelmendi, B., & Gooley, T. A. (2024). Psilocybin Therapy for Clinicians With Symptoms of Depression From Frontline Care During the COVID-19 Pandemic: A Randomized Clinical Trial. JAMA Network Open, 7(12), e2449026. https://doi.org/10.1001/jamanetworkopen.2024.49026"
Back 2024,psil,ncn,NA,NA,msd,spfi-b,self-report,burnout,0,Post-first dose 4,Day 28,28,4.0,1,NA,15.0,5.6,3.37,15.0,10.0,4.86,NA,NA,NA,NA,NA,NA,NA,NA,NA,NA,NA,NA,NA,NA,NA,NA,Low,Low,Low,Low,Low,Low,2024,psilocybin,niacin,25 mg,100 mg,psilocybin arm,niacin arm,1,25.0,100.0,28,4.0,38.0,50.0,dep,covid practitioners with persistent depression symptoms,parallel,double-blind,10.1001/jamanetworkopen.2024.49026,NCT05163496,"Back, A. L., Freeman-Young, T. K., Morgan, L., Sethi, T., Baker, K. K., Myers, S., McGregor, B. A., Harvey, K., Tai, M., Kollefrath, A., Thomas, B. J., Sorta, D., Kaelen, M., Kelmendi, B., & Gooley, T. A. (2024). Psilocybin Therapy for Clinicians With Symptoms of Depression From Frontline Care During the COVID-19 Pandemic: A Randomized Clinical Trial. JAMA Network Open, 7(12), e2449026. https://doi.org/10.1001/jamanetworkopen.2024.49026"
Back 2024,psil,ncn,NA,NA,msd,pcl-5,self-report,ptsd,0,Pre-first dose 1,Day -8,-8,-1.14,0,NA,15.0,32.47,13.91,15.0,36.2,13.65,NA,NA,NA,NA,NA,NA,NA,NA,NA,NA,NA,NA,NA,NA,NA,NA,Low,Low,Low,Low,Low,Low,2024,psilocybin,niacin,25 mg,100 mg,psilocybin arm,niacin arm,0,0.0,0.0,NA,NA,38.0,50.0,dep,covid practitioners with persistent depression symptoms,parallel,double-blind,10.1001/jamanetworkopen.2024.49026,NCT05163496,"Back, A. L., Freeman-Young, T. K., Morgan, L., Sethi, T., Baker, K. K., Myers, S., McGregor, B. A., Harvey, K., Tai, M., Kollefrath, A., Thomas, B. J., Sorta, D., Kaelen, M., Kelmendi, B., & Gooley, T. A. (2024). Psilocybin Therapy for Clinicians With Symptoms of Depression From Frontline Care During the COVID-19 Pandemic: A Randomized Clinical Trial. JAMA Network Open, 7(12), e2449026. https://doi.org/10.1001/jamanetworkopen.2024.49026"
Back 2024,psil,ncn,NA,NA,msd,pcl-5,self-report,ptsd,0,Post-first dose 4,Day 28,28,4.0,1,NA,15.0,15.8,15.12,15.0,29.47,13.08,NA,NA,NA,NA,NA,NA,NA,NA,NA,NA,NA,NA,NA,NA,NA,NA,Low,Low,Low,Low,Low,Low,2024,psilocybin,niacin,25 mg,100 mg,psilocybin arm,niacin arm,1,25.0,100.0,28,4.0,38.0,50.0,dep,covid practitioners with persistent depression symptoms,parallel,double-blind,10.1001/jamanetworkopen.2024.49026,NCT05163496,"Back, A. L., Freeman-Young, T. K., Morgan, L., Sethi, T., Baker, K. K., Myers, S., McGregor, B. A., Harvey, K., Tai, M., Kollefrath, A., Thomas, B. J., Sorta, D., Kaelen, M., Kelmendi, B., & Gooley, T. A. (2024). Psilocybin Therapy for Clinicians With Symptoms of Depression From Frontline Care During the COVID-19 Pandemic: A Randomized Clinical Trial. JAMA Network Open, 7(12), e2449026. https://doi.org/10.1001/jamanetworkopen.2024.49026"
Rieser 2025,psil,pcb,NA,NA,msd,bdi,self-report,depression,1,Flexible Timepoint 1,Day -14,-14,-2.0,0,NA,18.0,12.72,8.37,19.0,12.21,7.75,NA,NA,NA,NA,NA,NA,NA,NA,NA,NA,13.06,8.99,18.0,11.05,8.02,19.0,Low,Low,Some concerns,Some concerns,Low,Some concerns,2025,psilocybin,mannitol,25 mg,NA,psilocybin,placebo,0,0.0,0.0,NA,NA,37.3,37.8,aud,aud,parallel,double-blind,10.1016/j.eclinm.2025.103149,NCT04141501,"Rieser, N. M., Bitar, R., Halm, S., Rossgoderer, C., Gubser, L. P., Thévenaz, M., Kreis, Y., Rotz, R. von, Nordt, C., Visentini, M., Moujaes, F., Engeli, E. J. E., Ort, A., Seifritz, E., Vollenweider, F. X., Herdener, M., & Preller, K. H. (2025). Psilocybin-assisted therapy for relapse prevention in alcohol use disorder: A phase 2 randomized clinical trial. eClinicalMedicine, 82. https://doi.org/10.1016/j.eclinm.2025.103149"
Rieser 2025,psil,pcb,NA,NA,msd,bdi,self-report,depression,1,Post-first dose 1,Day 1,1,0.14,0,NA,18.0,6.11,5.61,19.0,8.61,10.8,NA,NA,NA,NA,NA,NA,NA,NA,NA,NA,13.06,8.99,18.0,11.05,8.02,19.0,Low,Low,Some concerns,Some concerns,Low,Some concerns,2025,psilocybin,mannitol,25 mg,NA,psilocybin,placebo,1,25.0,NA,1,0.14,37.3,37.8,aud,aud,parallel,double-blind,10.1016/j.eclinm.2025.103149,NCT04141501,"Rieser, N. M., Bitar, R., Halm, S., Rossgoderer, C., Gubser, L. P., Thévenaz, M., Kreis, Y., Rotz, R. von, Nordt, C., Visentini, M., Moujaes, F., Engeli, E. J. E., Ort, A., Seifritz, E., Vollenweider, F. X., Herdener, M., & Preller, K. H. (2025). Psilocybin-assisted therapy for relapse prevention in alcohol use disorder: A phase 2 randomized clinical trial. eClinicalMedicine, 82. https://doi.org/10.1016/j.eclinm.2025.103149"
Rieser 2025,psil,pcb,NA,NA,msd,bdi,self-report,depression,1,Post-first dose 2,Day 14,14,2.0,0,NA,18.0,7.17,7.13,18.0,10.79,10.97,NA,NA,NA,NA,NA,NA,NA,NA,NA,NA,13.06,8.99,18.0,11.05,8.02,19.0,Low,Low,Some concerns,Some concerns,Low,Some concerns,2025,psilocybin,mannitol,25 mg,NA,psilocybin,placebo,1,25.0,NA,14,2.0,37.3,37.8,aud,aud,parallel,double-blind,10.1016/j.eclinm.2025.103149,NCT04141501,"Rieser, N. M., Bitar, R., Halm, S., Rossgoderer, C., Gubser, L. P., Thévenaz, M., Kreis, Y., Rotz, R. von, Nordt, C., Visentini, M., Moujaes, F., Engeli, E. J. E., Ort, A., Seifritz, E., Vollenweider, F. X., Herdener, M., & Preller, K. H. (2025). Psilocybin-assisted therapy for relapse prevention in alcohol use disorder: A phase 2 randomized clinical trial. eClinicalMedicine, 82. https://doi.org/10.1016/j.eclinm.2025.103149"
Rieser 2025,psil,pcb,NA,NA,msd,bdi,self-report,depression,1,Post-first dose 3,Day 30,30,4.29,1,NA,18.0,7.17,7.13,19.0,10.79,10.97,NA,NA,NA,NA,NA,NA,NA,NA,NA,NA,13.06,8.99,18.0,11.05,8.02,19.0,Low,Low,Some concerns,Some concerns,Low,Some concerns,2025,psilocybin,mannitol,25 mg,NA,psilocybin,placebo,1,25.0,NA,30,4.29,37.3,37.8,aud,aud,parallel,double-blind,10.1016/j.eclinm.2025.103149,NCT04141501,"Rieser, N. M., Bitar, R., Halm, S., Rossgoderer, C., Gubser, L. P., Thévenaz, M., Kreis, Y., Rotz, R. von, Nordt, C., Visentini, M., Moujaes, F., Engeli, E. J. E., Ort, A., Seifritz, E., Vollenweider, F. X., Herdener, M., & Preller, K. H. (2025). Psilocybin-assisted therapy for relapse prevention in alcohol use disorder: A phase 2 randomized clinical trial. eClinicalMedicine, 82. https://doi.org/10.1016/j.eclinm.2025.103149"
Rieser 2025,psil,pcb,NA,NA,msd,bdi,self-report,depression,1,Post-first dose 4,Day 96,96,13.71,0,NA,17.0,7.76,7.97,18.0,14.0,12.77,NA,NA,NA,NA,NA,NA,NA,NA,NA,NA,13.06,8.99,18.0,11.05,8.02,19.0,Low,Low,Some concerns,Some concerns,Low,Some concerns,2025,psilocybin,mannitol,25 mg,NA,psilocybin,placebo,1,25.0,NA,96,13.71,37.3,37.8,aud,aud,parallel,double-blind,10.1016/j.eclinm.2025.103149,NCT04141501,"Rieser, N. M., Bitar, R., Halm, S., Rossgoderer, C., Gubser, L. P., Thévenaz, M., Kreis, Y., Rotz, R. von, Nordt, C., Visentini, M., Moujaes, F., Engeli, E. J. E., Ort, A., Seifritz, E., Vollenweider, F. X., Herdener, M., & Preller, K. H. (2025). Psilocybin-assisted therapy for relapse prevention in alcohol use disorder: A phase 2 randomized clinical trial. eClinicalMedicine, 82. https://doi.org/10.1016/j.eclinm.2025.103149"
Rieser 2025,psil,pcb,NA,NA,msd,bdi,self-report,depression,1,Post-first dose 5,Day 190,190,27.14,0,NA,17.0,9.47,10.26,17.0,11.41,9.68,NA,NA,NA,NA,NA,NA,NA,NA,NA,NA,13.06,8.99,18.0,11.05,8.02,19.0,Low,Low,Some concerns,Some concerns,Low,Some concerns,2025,psilocybin,mannitol,25 mg,NA,psilocybin,placebo,1,25.0,NA,190,27.14,37.3,37.8,aud,aud,parallel,double-blind,10.1016/j.eclinm.2025.103149,NCT04141501,"Rieser, N. M., Bitar, R., Halm, S., Rossgoderer, C., Gubser, L. P., Thévenaz, M., Kreis, Y., Rotz, R. von, Nordt, C., Visentini, M., Moujaes, F., Engeli, E. J. E., Ort, A., Seifritz, E., Vollenweider, F. X., Herdener, M., & Preller, K. H. (2025). Psilocybin-assisted therapy for relapse prevention in alcohol use disorder: A phase 2 randomized clinical trial. eClinicalMedicine, 82. https://doi.org/10.1016/j.eclinm.2025.103149"
Ross 2025,psil,ncn,NA,NA,msd,hads-d,self-report,depression,1,Post-first dose 1,Day 1,1,0.14,0,0,17.0,6.59,4.46,18.0,8.5,3.57,NA,NA,NA,NA,NA,NA,NA,NA,NA,NA,9.88,3.48,17.0,11.67,3.27,18.0,Low,Low,Low,Some concerns,Low,Some concerns,2025,psilocybin,niacin,25 mg,100 mg,psilocybin,placebo,1,25.0,100.0,1,0.14,56.0,54.5,cancer,life-threatening cancer patients with precipitated psychological distress,crossover,double-blind,10.1016/j.genhosppsych.2025.08.001,ACTRN12619001225101,"Ross, M.L.; Iyer, R.; Williams, M.L.; Boughey, M.; O'Callaghan, C.; Hiscock, R.; Dwyer, J. (2025). Psilocybin-assisted psychotherapy for depression and anxiety associated with life threatening illness: A phase 2b randomized controlled trial. General Hospital Psychiatry, 96. https://doi.org/10.1016/j.genhosppsych.2025.08.001"
Ross 2025,psil,ncn,NA,NA,msd,hads-d,self-report,depression,1,Post-first dose 2,Week 3,21,3.0,0,0,17.0,6.57,4.7,18.0,9.28,3.92,NA,NA,NA,NA,NA,NA,NA,NA,NA,NA,9.88,3.48,17.0,11.67,3.27,18.0,Low,Low,Low,Some concerns,Low,Some concerns,2025,psilocybin,niacin,25 mg,100 mg,psilocybin,placebo,1,25.0,100.0,21,3.0,56.0,54.5,cancer,life-threatening cancer patients with precipitated psychological distress,crossover,double-blind,10.1016/j.genhosppsych.2025.08.001,ACTRN12619001225101,"Ross, M.L.; Iyer, R.; Williams, M.L.; Boughey, M.; O'Callaghan, C.; Hiscock, R.; Dwyer, J. (2025). Psilocybin-assisted psychotherapy for depression and anxiety associated with life threatening illness: A phase 2b randomized controlled trial. General Hospital Psychiatry, 96. https://doi.org/10.1016/j.genhosppsych.2025.08.001"
Ross 2025,psil,ncn,NA,NA,msd,hads-d,self-report,depression,1,Post-first dose 3,Week 6-7,42,6.0,1,0,14.0,4.84,4.26,18.0,8.38,4.1,NA,NA,NA,NA,NA,NA,NA,NA,NA,NA,9.88,3.48,17.0,11.67,3.27,18.0,Low,Low,Low,Some concerns,Low,Some concerns,2025,psilocybin,niacin,25 mg,100 mg,psilocybin,placebo,1,25.0,100.0,42,6.0,56.0,54.5,cancer,life-threatening cancer patients with precipitated psychological distress,crossover,double-blind,10.1016/j.genhosppsych.2025.08.001,ACTRN12619001225101,"Ross, M.L.; Iyer, R.; Williams, M.L.; Boughey, M.; O'Callaghan, C.; Hiscock, R.; Dwyer, J. (2025). Psilocybin-assisted psychotherapy for depression and anxiety associated with life threatening illness: A phase 2b randomized controlled trial. General Hospital Psychiatry, 96. https://doi.org/10.1016/j.genhosppsych.2025.08.001"
Ross 2025,psil,ncn,NA,NA,msd,hads-a,self-report,anxiety,0,Post-first dose 1,Day 1,1,0.14,0,0,17.0,7.59,4.64,18.0,9.39,3.58,NA,NA,NA,NA,NA,NA,NA,NA,NA,NA,8.56,2.88,17.0,11.67,3.72,18.0,Low,Low,Low,Some concerns,Low,Some concerns,2025,psilocybin,niacin,25 mg,100 mg,psilocybin,placebo,1,25.0,100.0,1,0.14,56.0,54.5,cancer,life-threatening cancer patients with precipitated psychological distress,crossover,double-blind,10.1016/j.genhosppsych.2025.08.001,ACTRN12619001225101,"Ross, M.L.; Iyer, R.; Williams, M.L.; Boughey, M.; O'Callaghan, C.; Hiscock, R.; Dwyer, J. (2025). Psilocybin-assisted psychotherapy for depression and anxiety associated with life threatening illness: A phase 2b randomized controlled trial. General Hospital Psychiatry, 96. https://doi.org/10.1016/j.genhosppsych.2025.08.001"
Ross 2025,psil,ncn,NA,NA,msd,hads-a,self-report,anxiety,0,Post-first dose 2,Week 3,21,3.0,0,0,17.0,7.07,3.71,18.0,9.5,3.97,NA,NA,NA,NA,NA,NA,NA,NA,NA,NA,8.56,2.88,17.0,11.67,3.72,18.0,Low,Low,Low,Some concerns,Low,Some concerns,2025,psilocybin,niacin,25 mg,100 mg,psilocybin,placebo,1,25.0,100.0,21,3.0,56.0,54.5,cancer,life-threatening cancer patients with precipitated psychological distress,crossover,double-blind,10.1016/j.genhosppsych.2025.08.001,ACTRN12619001225101,"Ross, M.L.; Iyer, R.; Williams, M.L.; Boughey, M.; O'Callaghan, C.; Hiscock, R.; Dwyer, J. (2025). Psilocybin-assisted psychotherapy for depression and anxiety associated with life threatening illness: A phase 2b randomized controlled trial. General Hospital Psychiatry, 96. https://doi.org/10.1016/j.genhosppsych.2025.08.001"
Ross 2025,psil,ncn,NA,NA,msd,hads-a,self-report,anxiety,0,Post-first dose 3,Week 6-7,42,6.0,1,0,14.0,6.31,3.97,18.0,9.31,3.93,NA,NA,NA,NA,NA,NA,NA,NA,NA,NA,8.56,2.88,17.0,11.67,3.72,18.0,Low,Low,Low,Some concerns,Low,Some concerns,2025,psilocybin,niacin,25 mg,100 mg,psilocybin,placebo,1,25.0,100.0,42,6.0,56.0,54.5,cancer,life-threatening cancer patients with precipitated psychological distress,crossover,double-blind,10.1016/j.genhosppsych.2025.08.001,ACTRN12619001225101,"Ross, M.L.; Iyer, R.; Williams, M.L.; Boughey, M.; O'Callaghan, C.; Hiscock, R.; Dwyer, J. (2025). Psilocybin-assisted psychotherapy for depression and anxiety associated with life threatening illness: A phase 2b randomized controlled trial. General Hospital Psychiatry, 96. https://doi.org/10.1016/j.genhosppsych.2025.08.001"
Ross 2025,psil,ncn,NA,NA,msd,bdi-ii,self-report,depression,0,Post-first dose 1,Day 1,1,0.14,0,0,17.0,11.9,9.31,18.0,17.2,8.26,NA,NA,NA,NA,NA,NA,NA,NA,NA,NA,21.0,7.18,17.0,22.7,7.61,18.0,Low,Low,Low,Some concerns,Low,Some concerns,2025,psilocybin,niacin,25 mg,100 mg,psilocybin,placebo,1,25.0,100.0,1,0.14,56.0,54.5,cancer,life-threatening cancer patients with precipitated psychological distress,crossover,double-blind,10.1016/j.genhosppsych.2025.08.001,ACTRN12619001225101,"Ross, M.L.; Iyer, R.; Williams, M.L.; Boughey, M.; O'Callaghan, C.; Hiscock, R.; Dwyer, J. (2025). Psilocybin-assisted psychotherapy for depression and anxiety associated with life threatening illness: A phase 2b randomized controlled trial. General Hospital Psychiatry, 96. https://doi.org/10.1016/j.genhosppsych.2025.08.001"
Ross 2025,psil,ncn,NA,NA,msd,bdi-ii,self-report,depression,0,Post-first dose 2,Week 3,21,3.0,0,0,17.0,12.4,8.09,18.0,18.8,9.61,NA,NA,NA,NA,NA,NA,NA,NA,NA,NA,21.0,7.18,17.0,22.7,7.61,18.0,Low,Low,Low,Some concerns,Low,Some concerns,2025,psilocybin,niacin,25 mg,100 mg,psilocybin,placebo,1,25.0,100.0,21,3.0,56.0,54.5,cancer,life-threatening cancer patients with precipitated psychological distress,crossover,double-blind,10.1016/j.genhosppsych.2025.08.001,ACTRN12619001225101,"Ross, M.L.; Iyer, R.; Williams, M.L.; Boughey, M.; O'Callaghan, C.; Hiscock, R.; Dwyer, J. (2025). Psilocybin-assisted psychotherapy for depression and anxiety associated with life threatening illness: A phase 2b randomized controlled trial. General Hospital Psychiatry, 96. https://doi.org/10.1016/j.genhosppsych.2025.08.001"
Ross 2025,psil,ncn,NA,NA,msd,bdi-ii,self-report,depression,0,Post-first dose 3,Week 6-7,42,6.0,1,0,14.0,9.23,5.72,18.0,19.1,7.1,NA,NA,NA,NA,NA,NA,NA,NA,NA,NA,21.0,7.18,17.0,22.7,7.61,18.0,Low,Low,Low,Some concerns,Low,Some concerns,2025,psilocybin,niacin,25 mg,100 mg,psilocybin,placebo,1,25.0,100.0,42,6.0,56.0,54.5,cancer,life-threatening cancer patients with precipitated psychological distress,crossover,double-blind,10.1016/j.genhosppsych.2025.08.001,ACTRN12619001225101,"Ross, M.L.; Iyer, R.; Williams, M.L.; Boughey, M.; O'Callaghan, C.; Hiscock, R.; Dwyer, J. (2025). Psilocybin-assisted psychotherapy for depression and anxiety associated with life threatening illness: A phase 2b randomized controlled trial. General Hospital Psychiatry, 96. https://doi.org/10.1016/j.genhosppsych.2025.08.001"
Ross 2025,psil,ncn,NA,NA,msd,stai (state),self-report,state anxiety,0,Post-first dose 1,Day 1,1,0.14,0,0,17.0,39.41,15.53,18.0,46.39,10.94,NA,NA,NA,NA,NA,NA,NA,NA,NA,NA,44.11,7.75,17.0,54.67,8.02,18.0,Low,Low,Low,Some concerns,Low,Some concerns,2025,psilocybin,niacin,25 mg,100 mg,psilocybin,placebo,1,25.0,100.0,1,0.14,56.0,54.5,cancer,life-threatening cancer patients with precipitated psychological distress,crossover,double-blind,10.1016/j.genhosppsych.2025.08.001,ACTRN12619001225101,"Ross, M.L.; Iyer, R.; Williams, M.L.; Boughey, M.; O'Callaghan, C.; Hiscock, R.; Dwyer, J. (2025). Psilocybin-assisted psychotherapy for depression and anxiety associated with life threatening illness: A phase 2b randomized controlled trial. General Hospital Psychiatry, 96. https://doi.org/10.1016/j.genhosppsych.2025.08.001"
Ross 2025,psil,ncn,NA,NA,msd,stai (state),self-report,state anxiety,0,Post-first dose 2,Week 3,21,3.0,0,0,17.0,39.57,14.2,18.0,47.78,11.48,NA,NA,NA,NA,NA,NA,NA,NA,NA,NA,44.11,7.75,17.0,54.67,8.02,18.0,Low,Low,Low,Some concerns,Low,Some concerns,2025,psilocybin,niacin,25 mg,100 mg,psilocybin,placebo,1,25.0,100.0,21,3.0,56.0,54.5,cancer,life-threatening cancer patients with precipitated psychological distress,crossover,double-blind,10.1016/j.genhosppsych.2025.08.001,ACTRN12619001225101,"Ross, M.L.; Iyer, R.; Williams, M.L.; Boughey, M.; O'Callaghan, C.; Hiscock, R.; Dwyer, J. (2025). Psilocybin-assisted psychotherapy for depression and anxiety associated with life threatening illness: A phase 2b randomized controlled trial. General Hospital Psychiatry, 96. https://doi.org/10.1016/j.genhosppsych.2025.08.001"
Ross 2025,psil,ncn,NA,NA,msd,stai (state),self-report,state anxiety,0,Post-first dose 3,Week 6-7,42,6.0,1,0,14.0,34.15,13.17,18.0,48.88,12.55,NA,NA,NA,NA,NA,NA,NA,NA,NA,NA,44.11,7.75,17.0,54.67,8.02,18.0,Low,Low,Low,Some concerns,Low,Some concerns,2025,psilocybin,niacin,25 mg,100 mg,psilocybin,placebo,1,25.0,100.0,42,6.0,56.0,54.5,cancer,life-threatening cancer patients with precipitated psychological distress,crossover,double-blind,10.1016/j.genhosppsych.2025.08.001,ACTRN12619001225101,"Ross, M.L.; Iyer, R.; Williams, M.L.; Boughey, M.; O'Callaghan, C.; Hiscock, R.; Dwyer, J. (2025). Psilocybin-assisted psychotherapy for depression and anxiety associated with life threatening illness: A phase 2b randomized controlled trial. General Hospital Psychiatry, 96. https://doi.org/10.1016/j.genhosppsych.2025.08.001"
Ross 2025,psil,ncn,NA,NA,msd,stai (trait),self-report,trait anxiety,0,Post-first dose 1,Day 1,1,0.14,0,0,17.0,42.59,10.78,18.0,50.56,9.57,NA,NA,NA,NA,NA,NA,NA,NA,NA,NA,46.0,7.94,17.0,55.33,9.27,18.0,Low,Low,Low,Some concerns,Low,Some concerns,2025,psilocybin,niacin,25 mg,100 mg,psilocybin,placebo,1,25.0,100.0,1,0.14,56.0,54.5,cancer,life-threatening cancer patients with precipitated psychological distress,crossover,double-blind,10.1016/j.genhosppsych.2025.08.001,ACTRN12619001225101,"Ross, M.L.; Iyer, R.; Williams, M.L.; Boughey, M.; O'Callaghan, C.; Hiscock, R.; Dwyer, J. (2025). Psilocybin-assisted psychotherapy for depression and anxiety associated with life threatening illness: A phase 2b randomized controlled trial. General Hospital Psychiatry, 96. https://doi.org/10.1016/j.genhosppsych.2025.08.001"
Ross 2025,psil,ncn,NA,NA,msd,stai (trait),self-report,trait anxiety,0,Post-first dose 2,Week 3,21,3.0,0,0,17.0,41.14,11.97,18.0,51.11,10.95,NA,NA,NA,NA,NA,NA,NA,NA,NA,NA,46.0,7.94,17.0,55.33,9.27,18.0,Low,Low,Low,Some concerns,Low,Some concerns,2025,psilocybin,niacin,25 mg,100 mg,psilocybin,placebo,1,25.0,100.0,21,3.0,56.0,54.5,cancer,life-threatening cancer patients with precipitated psychological distress,crossover,double-blind,10.1016/j.genhosppsych.2025.08.001,ACTRN12619001225101,"Ross, M.L.; Iyer, R.; Williams, M.L.; Boughey, M.; O'Callaghan, C.; Hiscock, R.; Dwyer, J. (2025). Psilocybin-assisted psychotherapy for depression and anxiety associated with life threatening illness: A phase 2b randomized controlled trial. General Hospital Psychiatry, 96. https://doi.org/10.1016/j.genhosppsych.2025.08.001"
Ross 2025,psil,ncn,NA,NA,msd,stai (trait),self-report,trait anxiety,0,Post-first dose 3,Week 6-7,42,6.0,1,0,14.0,37.46,11.35,18.0,49.56,11.06,NA,NA,NA,NA,NA,NA,NA,NA,NA,NA,46.0,7.94,17.0,55.33,9.27,18.0,Low,Low,Low,Some concerns,Low,Some concerns,2025,psilocybin,niacin,25 mg,100 mg,psilocybin,placebo,1,25.0,100.0,42,6.0,56.0,54.5,cancer,life-threatening cancer patients with precipitated psychological distress,crossover,double-blind,10.1016/j.genhosppsych.2025.08.001,ACTRN12619001225101,"Ross, M.L.; Iyer, R.; Williams, M.L.; Boughey, M.; O'Callaghan, C.; Hiscock, R.; Dwyer, J. (2025). Psilocybin-assisted psychotherapy for depression and anxiety associated with life threatening illness: A phase 2b randomized controlled trial. General Hospital Psychiatry, 96. https://doi.org/10.1016/j.genhosppsych.2025.08.001"
Ross 2025,psil,ncn,NA,NA,msd,hads,self-report,anxiety and depression,0,Post-first dose 1,Day 1,1,0.14,0,0,17.0,14.18,8.46,18.0,17.89,6.38,NA,NA,NA,NA,NA,NA,NA,NA,NA,NA,17.71,5.77,17.0,20.56,6.98,18.0,Low,Low,Low,Some concerns,Low,Some concerns,2025,psilocybin,niacin,25 mg,100 mg,psilocybin,placebo,1,25.0,100.0,1,0.14,56.0,54.5,cancer,life-threatening cancer patients with precipitated psychological distress,crossover,double-blind,10.1016/j.genhosppsych.2025.08.001,ACTRN12619001225101,"Ross, M.L.; Iyer, R.; Williams, M.L.; Boughey, M.; O'Callaghan, C.; Hiscock, R.; Dwyer, J. (2025). Psilocybin-assisted psychotherapy for depression and anxiety associated with life threatening illness: A phase 2b randomized controlled trial. General Hospital Psychiatry, 96. https://doi.org/10.1016/j.genhosppsych.2025.08.001"
Ross 2025,psil,ncn,NA,NA,msd,hads,self-report,anxiety and depression,0,Post-first dose 2,Week 3,21,3.0,0,0,17.0,13.64,7.43,18.0,18.78,7.28,NA,NA,NA,NA,NA,NA,NA,NA,NA,NA,17.71,5.77,17.0,20.56,6.98,18.0,Low,Low,Low,Some concerns,Low,Some concerns,2025,psilocybin,niacin,25 mg,100 mg,psilocybin,placebo,1,25.0,100.0,21,3.0,56.0,54.5,cancer,life-threatening cancer patients with precipitated psychological distress,crossover,double-blind,10.1016/j.genhosppsych.2025.08.001,ACTRN12619001225101,"Ross, M.L.; Iyer, R.; Williams, M.L.; Boughey, M.; O'Callaghan, C.; Hiscock, R.; Dwyer, J. (2025). Psilocybin-assisted psychotherapy for depression and anxiety associated with life threatening illness: A phase 2b randomized controlled trial. General Hospital Psychiatry, 96. https://doi.org/10.1016/j.genhosppsych.2025.08.001"
Ross 2025,psil,ncn,NA,NA,msd,hads,self-report,anxiety and depression,0,Post-first dose 3,Week 6-7,42,6.0,1,0,14.0,11.15,6.8,18.0,17.69,7.18,NA,NA,NA,NA,NA,NA,NA,NA,NA,NA,17.71,5.77,17.0,20.56,6.98,18.0,Low,Low,Low,Some concerns,Low,Some concerns,2025,psilocybin,niacin,25 mg,100 mg,psilocybin,placebo,1,25.0,100.0,42,6.0,56.0,54.5,cancer,life-threatening cancer patients with precipitated psychological distress,crossover,double-blind,10.1016/j.genhosppsych.2025.08.001,ACTRN12619001225101,"Ross, M.L.; Iyer, R.; Williams, M.L.; Boughey, M.; O'Callaghan, C.; Hiscock, R.; Dwyer, J. (2025). Psilocybin-assisted psychotherapy for depression and anxiety associated with life threatening illness: A phase 2b randomized controlled trial. General Hospital Psychiatry, 96. https://doi.org/10.1016/j.genhosppsych.2025.08.001"
Lewis 2025,psil-mbsr,mbsr,NA,NA,msd,qids-sr,self-report,depression,1,Post-first dose 1,2 weeks,14,2.0,1,NA,12.0,4.8,2.5,10.0,9.9,3.2,NA,NA,NA,NA,NA,NA,NA,NA,NA,NA,NA,NA,NA,NA,NA,NA,Low,Low,Low,Some concerns,Low,Some concerns,2025,mbsr-psilocybin,mbsr,25 mg,NA,MBSR-PAP,MBSR,1,25.0,NA,14,2.0,43.6,71.8,dep,covid practitioners with burnout and depression symptoms ,parallel,open-label,10.1371/journal.pmed.1004519,NCT05557643,"Lewis, B.R.; Hendrick, J.; Byrne, K.; Odette, M.; Wu, C.; Garland, E.L. (2025). Psilocybin-assisted group psychotherapy and mindfulness-based stress reduction for frontline healthcare provider COVID-19-related depression and burnout: A randomized controlled trial. PLOS Medicine, 22. https://doi.org/10.1371/journal.pmed.1004519"
Lewis 2025,psil-mbsr,mbsr,NA,NA,msd,qids-sr,self-report,depression,1,Post-first dose 2,6 months,183,26.0,0,NA,12.0,6.1,3.3,10.0,8.0,2.9,NA,NA,NA,NA,NA,NA,NA,NA,NA,NA,NA,NA,NA,NA,NA,NA,Low,Low,Low,Some concerns,Low,Some concerns,2025,mbsr-psilocybin,mbsr,25 mg,NA,MBSR-PAP,MBSR,1,25.0,NA,182,26.0,43.6,71.8,dep,covid practitioners with burnout and depression symptoms ,parallel,open-label,10.1371/journal.pmed.1004519,NCT05557643,"Lewis, B.R.; Hendrick, J.; Byrne, K.; Odette, M.; Wu, C.; Garland, E.L. (2025). Psilocybin-assisted group psychotherapy and mindfulness-based stress reduction for frontline healthcare provider COVID-19-related depression and burnout: A randomized controlled trial. PLOS Medicine, 22. https://doi.org/10.1371/journal.pmed.1004519"
Lewis 2025,psil-mbsr,mbsr,NA,NA,msd,mbi-pa,self-report,personal achievement,0,Post-first dose 1,2 weeks,14,2.0,1,NA,12.0,36.8,7.2,10.0,35.0,7.2,NA,NA,NA,NA,NA,NA,NA,NA,NA,NA,NA,NA,NA,NA,NA,NA,Low,Low,Low,Some concerns,Low,Some concerns,2025,mbsr-psilocybin,mbsr,25 mg,NA,MBSR-PAP,MBSR,1,25.0,NA,14,2.0,43.6,71.8,dep,covid practitioners with burnout and depression symptoms ,parallel,open-label,10.1371/journal.pmed.1004519,NCT05557643,"Lewis, B.R.; Hendrick, J.; Byrne, K.; Odette, M.; Wu, C.; Garland, E.L. (2025). Psilocybin-assisted group psychotherapy and mindfulness-based stress reduction for frontline healthcare provider COVID-19-related depression and burnout: A randomized controlled trial. PLOS Medicine, 22. https://doi.org/10.1371/journal.pmed.1004519"
Lewis 2025,psil-mbsr,mbsr,NA,NA,msd,mbi-pa,self-report,personal achievement,0,Post-first dose 2,6 months,183,26.0,0,NA,12.0,36.5,6.9,10.0,35.7,6.9,NA,NA,NA,NA,NA,NA,NA,NA,NA,NA,NA,NA,NA,NA,NA,NA,Low,Low,Low,Some concerns,Low,Some concerns,2025,mbsr-psilocybin,mbsr,25 mg,NA,MBSR-PAP,MBSR,1,25.0,NA,182,26.0,43.6,71.8,dep,covid practitioners with burnout and depression symptoms ,parallel,open-label,10.1371/journal.pmed.1004519,NCT05557643,"Lewis, B.R.; Hendrick, J.; Byrne, K.; Odette, M.; Wu, C.; Garland, E.L. (2025). Psilocybin-assisted group psychotherapy and mindfulness-based stress reduction for frontline healthcare provider COVID-19-related depression and burnout: A randomized controlled trial. PLOS Medicine, 22. https://doi.org/10.1371/journal.pmed.1004519"
Lewis 2025,psil-mbsr,mbsr,NA,NA,msd,mbi-dp,self-report,depersonalization,0,Post-first dose 1,2 weeks,14,2.0,1,NA,12.0,10.1,5.9,10.0,14.2,6.0,NA,NA,NA,NA,NA,NA,NA,NA,NA,NA,NA,NA,NA,NA,NA,NA,Low,Low,Low,Some concerns,Low,Some concerns,2025,mbsr-psilocybin,mbsr,25 mg,NA,MBSR-PAP,MBSR,1,25.0,NA,14,2.0,43.6,71.8,dep,covid practitioners with burnout and depression symptoms ,parallel,open-label,10.1371/journal.pmed.1004519,NCT05557643,"Lewis, B.R.; Hendrick, J.; Byrne, K.; Odette, M.; Wu, C.; Garland, E.L. (2025). Psilocybin-assisted group psychotherapy and mindfulness-based stress reduction for frontline healthcare provider COVID-19-related depression and burnout: A randomized controlled trial. PLOS Medicine, 22. https://doi.org/10.1371/journal.pmed.1004519"
Lewis 2025,psil-mbsr,mbsr,NA,NA,msd,mbi-dp,self-report,depersonalization,0,Post-first dose 2,6 months,183,26.0,0,NA,12.0,8.4,6.8,10.0,12.0,7.1,NA,NA,NA,NA,NA,NA,NA,NA,NA,NA,NA,NA,NA,NA,NA,NA,Low,Low,Low,Some concerns,Low,Some concerns,2025,mbsr-psilocybin,mbsr,25 mg,NA,MBSR-PAP,MBSR,1,25.0,NA,182,26.0,43.6,71.8,dep,covid practitioners with burnout and depression symptoms ,parallel,open-label,10.1371/journal.pmed.1004519,NCT05557643,"Lewis, B.R.; Hendrick, J.; Byrne, K.; Odette, M.; Wu, C.; Garland, E.L. (2025). Psilocybin-assisted group psychotherapy and mindfulness-based stress reduction for frontline healthcare provider COVID-19-related depression and burnout: A randomized controlled trial. PLOS Medicine, 22. https://doi.org/10.1371/journal.pmed.1004519"
Lewis 2025,psil-mbsr,mbsr,NA,NA,msd,mbi-ee,self-report,emotional exhaustion,0,Post-first dose 1,2 weeks,14,2.0,1,NA,12.0,25.8,9.4,10.0,34.9,8.9,NA,NA,NA,NA,NA,NA,NA,NA,NA,NA,NA,NA,NA,NA,NA,NA,Low,Low,Low,Some concerns,Low,Some concerns,2025,mbsr-psilocybin,mbsr,25 mg,NA,MBSR-PAP,MBSR,1,25.0,NA,14,2.0,43.6,71.8,dep,covid practitioners with burnout and depression symptoms ,parallel,open-label,10.1371/journal.pmed.1004519,NCT05557643,"Lewis, B.R.; Hendrick, J.; Byrne, K.; Odette, M.; Wu, C.; Garland, E.L. (2025). Psilocybin-assisted group psychotherapy and mindfulness-based stress reduction for frontline healthcare provider COVID-19-related depression and burnout: A randomized controlled trial. PLOS Medicine, 22. https://doi.org/10.1371/journal.pmed.1004519"
Lewis 2025,psil-mbsr,mbsr,NA,NA,msd,mbi-ee,self-report,emotional exhaustion,0,Post-first dose 2,6 months,183,26.0,0,NA,12.0,22.0,10.6,10.0,33.9,10.9,NA,NA,NA,NA,NA,NA,NA,NA,NA,NA,NA,NA,NA,NA,NA,NA,Low,Low,Low,Some concerns,Low,Some concerns,2025,mbsr-psilocybin,mbsr,25 mg,NA,MBSR-PAP,MBSR,1,25.0,NA,182,26.0,43.6,71.8,dep,covid practitioners with burnout and depression symptoms ,parallel,open-label,10.1371/journal.pmed.1004519,NCT05557643,"Lewis, B.R.; Hendrick, J.; Byrne, K.; Odette, M.; Wu, C.; Garland, E.L. (2025). Psilocybin-assisted group psychotherapy and mindfulness-based stress reduction for frontline healthcare provider COVID-19-related depression and burnout: A randomized controlled trial. PLOS Medicine, 22. https://doi.org/10.1371/journal.pmed.1004519"
Lewis 2025,psil-mbsr,mbsr,NA,NA,msd,ds-ii,self-report,demoralization,0,Post-first dose 1,2 weeks,14,2.0,1,NA,12.0,3.5,2.5,10.0,12.0,5.9,NA,NA,NA,NA,NA,NA,NA,NA,NA,NA,NA,NA,NA,NA,NA,NA,Low,Low,Low,Some concerns,Low,Some concerns,2025,mbsr-psilocybin,mbsr,25 mg,NA,MBSR-PAP,MBSR,1,25.0,NA,14,2.0,43.6,71.8,dep,covid practitioners with burnout and depression symptoms ,parallel,open-label,10.1371/journal.pmed.1004519,NCT05557643,"Lewis, B.R.; Hendrick, J.; Byrne, K.; Odette, M.; Wu, C.; Garland, E.L. (2025). Psilocybin-assisted group psychotherapy and mindfulness-based stress reduction for frontline healthcare provider COVID-19-related depression and burnout: A randomized controlled trial. PLOS Medicine, 22. https://doi.org/10.1371/journal.pmed.1004519"
Lewis 2025,psil-mbsr,mbsr,NA,NA,msd,pcl-5,self-report,ptsd,0,Post-first dose 1,2 weeks,14,2.0,1,NA,12.0,7.8,5.2,10.0,24.0,12.0,NA,NA,NA,NA,NA,NA,NA,NA,NA,NA,NA,NA,NA,NA,NA,NA,Low,Low,Low,Some concerns,Low,Some concerns,2025,mbsr-psilocybin,mbsr,25 mg,NA,MBSR-PAP,MBSR,1,25.0,NA,14,2.0,43.6,71.8,dep,covid practitioners with burnout and depression symptoms ,parallel,open-label,10.1371/journal.pmed.1004519,NCT05557643,"Lewis, B.R.; Hendrick, J.; Byrne, K.; Odette, M.; Wu, C.; Garland, E.L. (2025). Psilocybin-assisted group psychotherapy and mindfulness-based stress reduction for frontline healthcare provider COVID-19-related depression and burnout: A randomized controlled trial. PLOS Medicine, 22. https://doi.org/10.1371/journal.pmed.1004519"
Lewis 2025,psil-mbsr,mbsr,NA,NA,msd,pcl-5,self-report,ptsd,0,Post-first dose 2,6 months,183,26.0,0,NA,12.0,9.6,7.7,10.0,22.0,14.2,NA,NA,NA,NA,NA,NA,NA,NA,NA,NA,NA,NA,NA,NA,NA,NA,Low,Low,Low,Some concerns,Low,Some concerns,2025,mbsr-psilocybin,mbsr,25 mg,NA,MBSR-PAP,MBSR,1,25.0,NA,182,26.0,43.6,71.8,dep,covid practitioners with burnout and depression symptoms ,parallel,open-label,10.1371/journal.pmed.1004519,NCT05557643,"Lewis, B.R.; Hendrick, J.; Byrne, K.; Odette, M.; Wu, C.; Garland, E.L. (2025). Psilocybin-assisted group psychotherapy and mindfulness-based stress reduction for frontline healthcare provider COVID-19-related depression and burnout: A randomized controlled trial. PLOS Medicine, 22. https://doi.org/10.1371/journal.pmed.1004519"
Lewis 2025,psil-mbsr,mbsr,NA,NA,msd,wcs,self-report,connectedness,0,Post-first dose 1,2 weeks,14,2.0,1,NA,12.0,76.4,13.8,10.0,56.7,14.2,NA,NA,NA,NA,NA,NA,NA,NA,NA,NA,NA,NA,NA,NA,NA,NA,Low,Low,Low,Some concerns,Low,Some concerns,2025,mbsr-psilocybin,mbsr,25 mg,NA,MBSR-PAP,MBSR,1,25.0,NA,14,2.0,43.6,71.8,dep,covid practitioners with burnout and depression symptoms ,parallel,open-label,10.1371/journal.pmed.1004519,NCT05557643,"Lewis, B.R.; Hendrick, J.; Byrne, K.; Odette, M.; Wu, C.; Garland, E.L. (2025). Psilocybin-assisted group psychotherapy and mindfulness-based stress reduction for frontline healthcare provider COVID-19-related depression and burnout: A randomized controlled trial. PLOS Medicine, 22. https://doi.org/10.1371/journal.pmed.1004519"
Lewis 2025,psil-mbsr,mbsr,NA,NA,msd,wcs,self-report,connectedness,0,Post-first dose 2,6 months,183,26.0,0,NA,12.0,73.22,3.7,10.0,60.8,22.0,NA,NA,NA,NA,NA,NA,NA,NA,NA,NA,NA,NA,NA,NA,NA,NA,Low,Low,Low,Some concerns,Low,Some concerns,2025,mbsr-psilocybin,mbsr,25 mg,NA,MBSR-PAP,MBSR,1,25.0,NA,182,26.0,43.6,71.8,dep,covid practitioners with burnout and depression symptoms ,parallel,open-label,10.1371/journal.pmed.1004519,NCT05557643,"Lewis, B.R.; Hendrick, J.; Byrne, K.; Odette, M.; Wu, C.; Garland, E.L. (2025). Psilocybin-assisted group psychotherapy and mindfulness-based stress reduction for frontline healthcare provider COVID-19-related depression and burnout: A randomized controlled trial. PLOS Medicine, 22. https://doi.org/10.1371/journal.pmed.1004519"
Lewis 2025,psil-mbsr,mbsr,NA,NA,remission,qids-sr,self-report,depression,1,Post-first dose 2,2 weeks,14,2.0,1,NA,NA,NA,NA,NA,NA,NA,NA,NA,NA,NA,NA,NA,7.0,13.0,2.0,12.0,NA,NA,NA,NA,NA,NA,Low,Low,Low,Some concerns,Low,Some concerns,2025,mbsr-psilocybin,mbsr,25 mg,NA,MBSR-PAP,MBSR,1,25.0,NA,14,2.0,43.6,71.8,dep,covid practitioners with burnout and depression symptoms ,parallel,open-label,10.1371/journal.pmed.1004519,NCT05557643,"Lewis, B.R.; Hendrick, J.; Byrne, K.; Odette, M.; Wu, C.; Garland, E.L. (2025). Psilocybin-assisted group psychotherapy and mindfulness-based stress reduction for frontline healthcare provider COVID-19-related depression and burnout: A randomized controlled trial. PLOS Medicine, 22. https://doi.org/10.1371/journal.pmed.1004519"
Luquiens 2025,psil,psil,25 mg; 25 mg,1 mg; 1mg,msd,bdi-ii,self-report,depression,1,Post-first dose 1,Week 3,21,3.0,0,NA,20.0,15.0,12.0,10.0,14.0,9.0,NA,NA,NA,NA,NA,NA,NA,NA,NA,NA,33.0,11.0,20.0,31.0,9.0,10.0,Low,High,Low,Some concerns,Low,High,2025,psilocybin,psilocybin,25 mg; 25 mg,1 mg; 1mg,25 mg group,1 mg group,1,25.0,1.0,21,3.0,49.7,43.3,aud,aud inpatients with depression symptoms,parallel,double-blind,10.1111/add.70152,NCT06235411,"Luquiens, A.; Belahda, D.; Graux, C.; Igounenc, N.; Serrand, C.; Rochefort, P.; Mura, T.; Sergent, F. (2025). Psilocybin in alcohol use disorder and comorbid depressive symptoms: Results from a feasibility randomized clinical trial. Addiction. https://doi.org/10.1111/add.70152"
Luquiens 2025,psil,psil,25 mg; 25 mg,1 mg; 1mg,msd,bdi-ii,self-report,depression,1,Post-second dose 1,Week 6,42,6.0,1,NA,20.0,12.0,13.0,10.0,16.0,8.0,NA,NA,NA,NA,NA,NA,NA,NA,NA,NA,33.0,11.0,20.0,31.0,9.0,10.0,Low,High,Low,Some concerns,Low,High,2025,psilocybin,psilocybin,25 mg; 25 mg,1 mg; 1mg,25 mg group,1 mg group,2,50.0,2.0,20,2.86,49.7,43.3,aud,aud inpatients with depression symptoms,parallel,double-blind,10.1111/add.70152,NCT06235411,"Luquiens, A.; Belahda, D.; Graux, C.; Igounenc, N.; Serrand, C.; Rochefort, P.; Mura, T.; Sergent, F. (2025). Psilocybin in alcohol use disorder and comorbid depressive symptoms: Results from a feasibility randomized clinical trial. Addiction. https://doi.org/10.1111/add.70152"
Luquiens 2025,psil,psil,25 mg; 25 mg,1 mg; 1mg,msd,bdi-ii,self-report,depression,1,Follow-up 1,Week 12,84,12.0,0,NA,20.0,15.0,14.0,9.0,16.0,10.0,NA,NA,NA,NA,NA,NA,NA,NA,NA,NA,33.0,11.0,20.0,31.0,9.0,10.0,Low,High,Low,Some concerns,Low,High,2025,psilocybin,psilocybin,25 mg; 25 mg,1 mg; 1mg,25 mg group,1 mg group,2,50.0,2.0,62,8.86,49.7,43.3,aud,aud inpatients with depression symptoms,parallel,double-blind,10.1111/add.70152,NCT06235411,"Luquiens, A.; Belahda, D.; Graux, C.; Igounenc, N.; Serrand, C.; Rochefort, P.; Mura, T.; Sergent, F. (2025). Psilocybin in alcohol use disorder and comorbid depressive symptoms: Results from a feasibility randomized clinical trial. Addiction. https://doi.org/10.1111/add.70152"
Luquiens 2025,psil,psil,25 mg; 25 mg,1 mg; 1mg,response,bdi-ii,self-report,depression,1,Follow-up 1,Week 12,84,12.0,0,NA,NA,NA,NA,NA,NA,NA,NA,NA,NA,NA,NA,NA,10,20.0,6,9.0,33.0,11.0,20.0,31.0,9.0,10.0,Low,High,Low,Some concerns,Low,High,2025,psilocybin,psilocybin,25 mg; 25 mg,1 mg; 1mg,25 mg group,1 mg group,2,50.0,2.0,62,8.86,49.7,43.3,aud,aud inpatients with depression symptoms,parallel,double-blind,10.1111/add.70152,NCT06235411,"Luquiens, A.; Belahda, D.; Graux, C.; Igounenc, N.; Serrand, C.; Rochefort, P.; Mura, T.; Sergent, F. (2025). Psilocybin in alcohol use disorder and comorbid depressive symptoms: Results from a feasibility randomized clinical trial. Addiction. https://doi.org/10.1111/add.70152"
